snapshot_date,video_id,published_at,views,likes,comments,shares,est_minutes_watched,avg_view_duration_s,avg_view_pct
2026-07-21,_JNq0AyEnIY,2026-07-21T01:19:41Z,0,0,0,0,0,0,0
2026-07-21,rgiHxOEvqoU,2026-07-20T13:46:52Z,0,0,0,0,0,0,0
2026-07-21,rDEBC9ESVAQ,2026-07-20T04:07:41Z,0,0,0,0,0,0,0
2026-07-21,zUDgKKXJBgM,2026-07-20T01:23:48Z,0,0,0,0,0,0,0
2026-07-21,ayziXl17m0c,2026-07-19T12:47:15Z,0,0,0,0,0,0,0
2026-07-21,ZBzGoyJUCx0,2026-07-19T01:20:36Z,935,5,0,0,79,11,57.24
2026-07-21,n6qM8iR6ims,2026-07-18T21:13:57Z,177,0,0,0,12,9,51.25999999999999
2026-07-21,jDnK5ylnhjQ,2026-07-18T21:09:06Z,0,0,0,0,0,0,0
2026-07-21,WWb1AoRuH7g,2026-07-18T18:16:22Z,29,0,0,0,1,10,54.69
2026-07-21,2cZjkK3o1IA,2026-07-16T13:14:47Z,15,0,0,0,0,5,18.9
2026-07-21,eEEdtpL4cyw,2026-07-16T01:20:26Z,35,0,0,0,1,8,31.91
2026-07-21,qvNzVCzWebk,2026-07-15T13:06:06Z,0,0,0,0,0,0,0
2026-07-21,ZBqPVauue_g,2026-07-15T01:11:22Z,1,0,0,0,0,0,0
2026-07-21,5_21Ne0q-Fs,2026-07-14T13:02:31Z,3,0,0,0,0,0,0
2026-07-21,mObNAez-IlQ,2026-07-14T01:13:27Z,0,0,0,0,0,0,0
2026-07-21,QkgCWIwxD3E,2026-07-13T13:56:47Z,0,0,0,0,0,0,0
2026-07-21,Rydumn0lE94,2026-07-13T01:24:34Z,1,0,0,0,0,0,0
2026-07-21,l9AqGu1uTUQ,2026-07-12T12:49:18Z,0,0,0,0,0,0,0
2026-07-21,DDcvqQy8RnE,2026-07-12T01:22:24Z,20,0,0,0,0,6,32.38
2026-07-21,UsOMmaGyYss,2026-07-11T12:47:47Z,0,0,0,0,0,0,0
2026-07-21,TmbiTORWNpI,2026-07-11T01:20:34Z,2,0,0,0,0,15,84.67
2026-07-21,Wh1uSphGS-g,2026-07-10T13:53:03Z,2,0,0,0,0,0,0
2026-07-21,a1O87cs5n1E,2026-07-10T01:26:39Z,24,0,0,0,2,28,204.97
2026-07-21,1ypGKtEuTV0,2026-07-09T14:27:26Z,42,0,0,0,2,12,36.59
2026-07-21,4TSVJGnrMOU,2026-07-09T01:31:13Z,28,0,0,0,1,9,30.130000000000003
2026-07-21,5w14vR6XgGY,2026-07-08T13:24:59Z,31,0,0,0,1,9,40.91
2026-07-21,o7altf6Nuu0,2026-07-08T01:22:41Z,46,0,0,0,1,8,33.25
2026-07-21,aQfDx8zU8lg,2026-07-07T14:03:13Z,36,0,0,0,1,13,64.78
2026-07-21,K0jUxVx52eA,2026-07-07T01:50:04Z,61,0,0,0,3,14,52.77
2026-07-21,uyAcGze4n-8,2026-07-06T14:52:48Z,36,0,0,0,1,8,42.72
2026-07-21,PiM5eyfzzN4,2026-07-06T01:53:42Z,51,0,0,0,1,15,53.56000000000001
2026-07-21,ZKm3JhPECqY,2026-07-05T13:02:55Z,53,0,0,0,1,5,45.76
2026-07-21,lmTMeDUGDcA,2026-07-05T01:46:55Z,31,0,0,0,0,0,1.92
2026-07-21,PyVjO_ly0X4,2026-07-04T12:56:17Z,75,1,0,0,2,9,41.9
2026-07-21,q8qmHdsO2tE,2026-07-04T01:30:33Z,40,0,0,0,1,14,43.8
2026-07-21,2e7Kv0ygByk,2026-07-03T13:30:36Z,58,0,0,0,2,11,55.95
2026-07-21,m7B-a0gAE-w,2026-07-03T01:31:20Z,84,0,0,0,4,16,64.59
2026-07-21,Ew0DhFnRphc,2026-07-02T13:27:43Z,76,0,0,0,1,7,26.5
2026-07-21,COv968CDkps,2026-07-02T02:00:41Z,28,0,0,0,0,9,41.35
2026-07-21,XN8m2g_KtSU,2026-07-01T14:03:24Z,9,0,0,0,0,0,0
2026-07-21,VLtrJCd8z2U,2026-07-01T02:07:26Z,27,0,0,0,0,18,80.87
2026-07-21,y10BJK79lS0,2026-06-30T13:52:00Z,47,0,0,0,2,50,219.92
2026-07-21,t0RB-eM8FE0,2026-06-30T02:02:00Z,74,0,0,0,5,53,215
2026-07-21,Uy6Am6bGpHo,2026-06-29T15:26:01Z,75,0,0,0,1,11,58.68
2026-07-21,aLBldXz93uI,2026-06-29T02:07:15Z,36,0,0,0,0,0,0
2026-07-21,7tyZTlgVMSE,2026-06-28T13:11:17Z,54,1,0,0,1,12,47.88
2026-07-21,WPGLuU5qiZ4,2026-06-28T02:06:54Z,44,0,0,0,1,31,130.83
2026-07-21,Ow2ZB_F-Mhs,2026-06-27T13:05:26Z,27,0,0,0,0,0,0
2026-07-21,KUsMC7ES9V4,2026-06-27T01:56:51Z,47,0,0,0,1,12,44.14
2026-07-21,UzDEeT_P2BM,2026-06-26T13:57:43Z,30,0,0,0,0,11,42.16
2026-07-21,PHwXbGtrJ9w,2026-06-26T02:03:33Z,115,0,0,0,5,15,55.2
2026-07-21,TfSGBtZyZtw,2026-06-25T13:59:36Z,1,0,0,0,0,0,0
2026-07-21,uLwi4BDdcOY,2026-06-25T02:01:41Z,17,0,0,0,1,15,60.13
2026-07-21,k-oVHVz0yLQ,2026-06-24T14:01:26Z,22,0,0,0,1,10,57.02
2026-07-21,2-VYQaD0K5w,2026-06-24T01:57:02Z,0,0,0,0,0,0,0
2026-07-21,b3fM56tOEZ8,2026-06-23T14:16:14Z,5,0,0,0,0,0,0
2026-07-21,TnIK09MnzMk,2026-06-23T01:58:15Z,26,0,0,0,1,11,58.709999999999994
2026-07-21,7wOS6HW3iJ0,2026-06-22T16:23:58Z,51,0,0,0,1,10,65.99
2026-07-21,THoUiYynamI,2026-06-22T02:51:05Z,40,0,0,0,1,16,76.83
2026-07-21,-1CXUMdWWWc,2026-06-20T13:22:38Z,38,1,0,0,1,10,48.71
2026-07-21,9IYU_ID1nvc,2026-06-20T02:04:39Z,48,0,0,0,1,11,61.04999999999999
2026-07-21,6rQrwPWhAZk,2026-06-19T14:37:42Z,15,0,0,0,1,21,127.69
2026-07-21,AwS-N3wGtIY,2026-06-19T02:43:46Z,45,0,0,0,1,12,39.12
2026-07-21,aep0ZaK_uuE,2026-06-18T14:42:11Z,41,0,0,0,2,15,59.20000000000001
2026-07-21,1XviKdnqqxQ,2026-06-18T02:15:40Z,25,0,0,0,1,10,37.72
2026-07-21,RKpXQF2Cvac,2026-06-17T14:48:19Z,17,0,0,0,1,10,37.74
2026-07-21,PoBImeODvcM,2026-06-17T02:17:14Z,21,0,0,0,0,18,80.5
2026-07-21,58Ln6cOHzWQ,2026-06-16T16:21:13Z,17,0,0,0,0,10,34.64
2026-07-21,IRfpl8J1tyg,2026-06-16T02:32:11Z,0,0,0,0,0,0,0
2026-07-21,OSAxctK1YeQ,2026-06-15T16:51:19Z,16,0,0,0,0,28,143
2026-07-21,WMtdvIuqN78,2026-06-15T02:19:02Z,4,0,0,0,0,26,96.7
2026-07-21,Z_hZZdpQsCU,2026-06-14T13:25:32Z,16,0,0,0,0,7,37.3
2026-07-21,hvtBrQnNDTc,2026-06-14T02:14:04Z,3,0,0,0,0,0,0
2026-07-21,QEvCOl6UYB4,2026-06-13T13:20:43Z,23,0,0,0,1,11,49.24
2026-07-21,TNWEvgtxnws,2026-06-13T02:04:01Z,42,0,0,0,1,13,57.09000000000001
2026-07-21,O3nuyJrtDbI,2026-06-12T14:33:48Z,15,0,0,0,1,16,54.25
2026-07-21,FamOoF1b858,2026-06-12T02:10:07Z,54,0,0,0,2,11,62.46000000000001
2026-07-21,9HUpoJQxuTQ,2026-06-11T15:30:02Z,103,1,1,0,12,24,87.58
2026-07-21,Pa5-pkP2oLo,2026-06-11T02:15:02Z,2,0,0,0,0,22,95.87
2026-07-21,2vuAyeMlSZc,2026-06-10T14:48:29Z,17,0,0,0,0,15,56.86
2026-07-21,EfSnigy5qWs,2026-06-10T02:03:57Z,15,0,0,0,0,6,24.56
2026-07-21,CA54_6wBYU4,2026-06-09T14:17:03Z,8,0,0,0,0,4,18.68
2026-07-21,4F9n4ASSoyo,2026-06-09T01:54:09Z,8,0,0,0,0,37,113.64000000000001
2026-07-21,-nvuU_y_8_E,2026-06-08T15:50:06Z,16,0,0,0,1,15,48.89
2026-07-21,cQ-oMf-_1QQ,2026-06-04T14:29:35Z,2,0,0,0,0,24,104.68000000000002
2026-07-21,rr6nzN5oJ2c,2026-06-04T02:29:58Z,17,0,0,0,0,10,40.06
2026-07-21,QRM6UUMHLmI,2026-06-03T16:12:16Z,50,1,0,0,2,15,69.05
2026-07-21,dJxm8EmuEWA,2026-06-03T02:31:24Z,34,0,0,0,0,10,60.64000000000001
2026-07-21,_3Tyz7MMKfs,2026-06-02T15:54:12Z,1,0,0,0,0,0,0
2026-07-21,cdBTZtGTRLc,2026-06-02T02:14:16Z,79,0,0,0,3,15,62.96000000000001
2026-07-21,aB8JK_oSzsg,2026-06-01T17:12:39Z,20,0,0,0,0,4,18.33
2026-07-21,_CQ21b00USk,2026-06-01T02:13:33Z,37,0,0,0,1,11,49.46
2026-07-21,z0RgE3ICznk,2026-05-31T13:10:15Z,102,0,0,0,1,4,18.85
2026-07-21,zScHM9PLz8I,2026-05-31T02:06:20Z,36,0,0,0,0,8,26.82
2026-07-21,k5zn4acPpUI,2026-05-30T12:59:58Z,30,0,0,0,1,16,73.23
2026-07-21,_-68Vupc72E,2026-05-30T01:53:35Z,38,0,0,0,1,12,45.54
2026-07-21,IEzcuLqB4Hk,2026-05-29T14:35:28Z,38,0,0,0,0,6,27.82
2026-07-21,nE-fK666H-k,2026-05-29T02:09:20Z,32,0,0,0,1,21,73.89
2026-07-21,SQWL2XXURlQ,2026-05-27T14:50:57Z,35,0,0,0,0,8,34.17
2026-07-21,NECLIdtBb8Y,2026-05-27T02:04:03Z,9,0,0,0,0,16,75.76
2026-07-21,Jx5vFFIw3aQ,2026-05-26T14:32:39Z,29,0,0,0,0,13,68.51
2026-07-21,N1Kx1hncTtk,2026-05-26T01:55:43Z,36,0,0,0,2,16,82.01
2026-07-21,O7nWBuiKCMA,2026-05-25T14:30:01Z,46,0,0,0,1,11,51.61
2026-07-21,YOXFrbyZE18,2026-05-25T02:06:02Z,60,0,0,0,2,12,34.88
2026-07-21,5bTXHxmRRrI,2026-05-24T12:56:25Z,38,0,0,0,1,6,32.98
2026-07-21,R5rNaCViup0,2026-05-24T01:58:12Z,11,0,0,0,0,15,60.38
2026-07-21,5hbmKcjQBKo,2026-05-23T12:55:21Z,39,0,0,0,1,8,48.15
2026-07-21,d7lMOez3lo0,2026-05-23T01:51:29Z,41,0,0,0,1,14,64.57
2026-07-21,rDP66Dc87y0,2026-05-22T14:11:36Z,48,0,0,0,1,8,42.23
2026-07-21,eNtTaxr27X4,2026-05-22T02:01:52Z,2,0,0,0,0,0,0
2026-07-21,6oJofI4mv7Y,2026-05-21T14:38:00Z,39,0,0,0,1,14,71.73
2026-07-21,Divf9JOY8NI,2026-05-21T01:59:19Z,9,0,0,0,0,5,18.67
2026-07-21,NuMUIm_H2yE,2026-05-20T02:00:21Z,7,0,0,0,0,4,17.5
2026-07-21,aqtLfLz69JQ,2026-05-19T14:31:09Z,11,0,0,0,0,15,53.03
2026-07-21,zl2E9fzMFIM,2026-05-19T01:59:36Z,37,0,0,0,1,11,59.01
2026-07-21,9zytdpS8BGY,2026-05-18T14:51:14Z,38,0,0,0,2,14,67.55
2026-07-21,xxmD4auX9u8,2026-05-18T01:59:58Z,29,0,0,0,0,10,43.17
2026-07-21,pEOupFWnI18,2026-05-17T12:50:45Z,22,0,0,0,1,13,59.67
2026-07-21,zZgNLXkpCzk,2026-05-17T01:52:36Z,43,0,0,0,0,8,24.36
2026-07-21,_F2w2zepTzY,2026-05-16T12:55:42Z,35,0,0,0,4,21,74.08
2026-07-21,p8TVoKVG2Hg,2026-05-16T01:34:56Z,38,0,0,0,1,10,34.09
2026-07-21,vjf6FlxFNPU,2026-05-15T13:23:55Z,30,0,0,0,0,13,83.34
2026-07-21,vClAbUxtC9k,2026-05-15T01:55:20Z,52,0,0,0,2,11,37.89
2026-07-21,IfcStfSD-xE,2026-05-14T13:25:35Z,5,0,0,0,0,12,63.16
2026-07-21,kC771l-ZIMs,2026-05-14T01:56:23Z,45,0,0,0,2,24,96.23
2026-07-21,JAj8Z0JF9bw,2026-05-13T01:53:55Z,35,0,0,0,1,19,68.1
2026-07-21,QNAMVsSV9fU,2026-05-12T13:33:14Z,20,0,0,0,0,8,52.019999999999996
2026-07-21,CujpPVcgKf8,2026-05-12T01:47:48Z,42,0,0,0,1,11,53.36
2026-07-21,n8PhjWs1VC4,2026-05-11T14:19:53Z,38,0,0,0,0,6,24.33
2026-07-21,U2N9JcGK0tw,2026-05-11T01:51:46Z,13,0,0,0,0,9,67.64
2026-07-21,kkq2lla3Ijk,2026-05-10T12:48:46Z,80,0,0,0,2,8,50.61
2026-07-21,hG-FHHrwj8k,2026-05-10T01:45:58Z,48,0,0,0,0,7,32.04
2026-07-21,rkZQY4ctBzs,2026-05-09T12:48:40Z,35,0,0,0,0,6,33.75
2026-07-21,cWvDojw7QAw,2026-05-09T01:32:30Z,6,0,0,0,0,0,0
2026-07-21,cb00sZJAhfY,2026-05-08T13:05:32Z,0,0,0,0,0,0,0
2026-07-21,ineAlKZZgT8,2026-05-08T01:49:27Z,9,0,0,0,0,0,0
2026-07-21,vLqETKLW6OM,2026-05-07T13:26:03Z,39,0,0,0,1,9,39.73
2026-07-21,Yi9VlhJH_CY,2026-05-07T01:33:00Z,25,0,0,0,0,9,35.33
2026-07-21,WoXydzDKD1s,2026-05-06T13:26:40Z,39,0,0,0,0,5,23.52
2026-07-21,cLCvISVXvCA,2026-05-06T02:37:34Z,0,0,0,0,0,0,0
2026-07-21,oMlnEP5n5xw,2026-05-05T01:30:04Z,20,0,0,0,0,14,50.63999999999999
2026-07-21,atW-HBIAlxQ,2026-05-04T13:19:03Z,24,0,0,0,0,9,52.54
2026-07-21,Mf8NfWdVVds,2026-05-04T01:29:13Z,354,0,0,0,7,11,62.24000000000001
2026-07-21,O-6GZJkof9Q,2026-05-03T12:42:39Z,45,0,0,0,1,9,36.55
2026-07-21,vzE-eDX_rBc,2026-05-03T01:30:33Z,36,0,0,0,0,11,45.72
2026-07-21,Q0DFFs6cgTA,2026-05-02T12:43:32Z,32,0,0,0,1,14,55.81
2026-07-21,bAXO4HlnAA4,2026-05-02T01:26:27Z,31,0,0,0,0,15,85.5
2026-07-21,bR-d2N5QaNs,2026-05-01T12:51:37Z,65,0,0,0,1,9,44.21
2026-07-21,E0MprQIfkkA,2026-05-01T01:49:52Z,178,0,0,0,4,9,35.38
2026-07-21,TtKVgo-PB9Q,2026-04-30T13:18:02Z,59,0,0,0,1,10,40.19
2026-07-21,7LuNcXo11nU,2026-04-30T01:34:45Z,40,0,0,0,1,11,37.57
2026-07-21,t5Qmur-4n3M,2026-04-29T13:19:22Z,35,0,0,0,1,20,77.36
2026-07-21,eM7d4r-pfW8,2026-04-29T01:49:26Z,78,0,0,0,2,9,28.63
2026-07-21,4EaCBpZRPMo,2026-04-28T13:27:12Z,23,0,0,0,0,12,58.489999999999995
2026-07-21,ql5yIIiP79M,2026-04-28T04:50:56Z,47,0,0,0,1,15,68.48
2026-07-21,mSifBN2lxHw,2026-04-26T12:38:05Z,45,0,0,0,1,7,42.99
2026-07-21,IJMaVrHNfyc,2026-04-26T01:24:19Z,48,0,0,0,1,9,42.91
2026-07-21,oYJhnmW0AaI,2026-04-25T12:37:39Z,29,0,0,0,0,0,0
2026-07-21,Tu6dvaFUK70,2026-04-25T01:16:39Z,39,0,0,0,0,16,56.39999999999999
2026-07-21,gZSr5qx8oeg,2026-04-24T12:55:48Z,28,0,0,0,0,7,32.61
2026-07-21,i0iIsb9n9VM,2026-04-24T01:22:16Z,28,0,0,0,0,17,85.34
2026-07-21,pdpS-_jLTVE,2026-04-23T12:57:27Z,38,0,0,0,1,23,95.02
2026-07-21,JksOCivT2Bc,2026-04-23T01:23:23Z,36,0,0,0,0,10,38.6
2026-07-21,YDbmBfmYgN0,2026-04-22T12:57:53Z,102,0,0,0,2,10,39.25
2026-07-21,bSqSTFuAvf8,2026-04-22T01:17:16Z,106,0,0,0,2,8,41.46
2026-07-21,3QLoo5Qs8VE,2026-04-21T12:57:21Z,50,0,0,0,1,9,37.25
2026-07-21,zBcr6A0X_mk,2026-04-21T01:19:14Z,70,0,0,0,2,16,61.71
2026-07-21,ZIqroAx4CZE,2026-04-20T13:02:58Z,35,0,0,0,0,13,53.73
2026-07-21,DNgq_qW1fA0,2026-04-20T01:21:35Z,62,0,0,0,1,6,27.73
2026-07-21,zqaDMDkpZDo,2026-04-20T00:32:54Z,50,0,0,0,1,20,91.95
2026-07-21,GI6Aqq2E6vE,2026-04-18T12:35:57Z,94,1,0,0,2,7,33.1
2026-07-21,S8WCu3_OkLQ,2026-04-18T01:13:14Z,77,1,0,0,1,14,54.79999999999999
2026-07-21,T0DREMCs_tM,2026-04-17T12:54:43Z,20,0,0,0,0,0,0
2026-07-21,HCHvfX-xRlc,2026-04-17T01:18:54Z,31,0,0,0,0,14,85.92
2026-07-21,6fQe1YosVJw,2026-04-16T13:03:38Z,1,0,0,0,0,0,0
2026-07-21,om2Y9-WmjuE,2026-04-16T01:22:06Z,4,0,0,0,0,0,0
2026-07-21,XVvAky0zLB8,2026-04-15T12:57:13Z,39,0,0,0,1,15,55.25
2026-07-21,hKwwTsuCZJk,2026-04-15T01:16:59Z,68,0,0,0,2,11,50.629999999999995
2026-07-21,fJpzcD4bFNA,2026-04-14T12:57:49Z,46,0,0,0,0,5,22.43
2026-07-21,-AS2aH34UOg,2026-04-14T01:19:35Z,0,0,0,0,0,0,0
2026-07-21,12F1wsmOYOY,2026-04-13T01:20:52Z,57,0,0,0,1,11,41.55
2026-07-21,9wid0pEfNso,2026-04-12T12:37:53Z,6,0,0,0,0,0,0
2026-07-21,BYzdCmSths0,2026-04-12T01:19:31Z,51,0,0,0,1,13,49.96
2026-07-21,SIA9YHj7IzE,2026-04-11T17:59:14Z,94,0,0,0,3,17,66.14
2026-07-21,KHax2aPAOLM,2026-04-08T01:14:48Z,63,1,0,0,2,14,56.11999999999999
2026-07-21,x48Y5AiqNL4,2026-04-07T12:55:32Z,66,0,0,0,2,12,34.87
2026-07-21,Dm-N0t4-3L4,2026-04-07T01:12:45Z,37,0,0,0,0,12,60.35
2026-07-21,O7hMpgD9I_w,2026-04-06T12:43:44Z,49,1,0,0,1,11,63.62
2026-07-21,XA5MI3B6y3s,2026-04-06T01:14:24Z,155,0,0,0,7,9,48.1
2026-07-21,syLtpZe97p0,2026-04-05T12:32:18Z,74,1,0,0,1,10,35.03
2026-07-21,tDEdhE0wjIs,2026-04-04T12:30:34Z,126,0,0,0,6,16,53.83
2026-07-21,-Fme6XarNok,2026-04-04T01:05:49Z,63,0,0,0,1,9,44.73
2026-07-21,qWE6WMKLZQ4,2026-04-03T12:37:56Z,77,0,0,0,2,16,60.74
2026-07-21,6aUEBmQLjO0,2026-04-03T01:13:04Z,64,0,0,0,2,12,42.37
2026-07-21,f0gyZCEFFhQ,2026-04-02T12:45:50Z,35,0,0,0,0,4,16.71
2026-07-21,UA2UmThZEKE,2026-04-02T01:09:22Z,105,0,0,0,3,11,44.19
2026-07-21,gpaghTLJEzQ,2026-04-01T12:50:55Z,63,0,1,0,2,15,58.11999999999999
2026-07-21,zrZ-lr-lvgU,2026-04-01T02:38:18Z,63,0,0,0,1,6,38.86
2026-07-21,n0FOvZvGh5Y,2026-03-31T01:12:37Z,34,0,0,0,2,11,47.99
2026-07-21,b7ksr31Qkf0,2026-03-30T12:49:48Z,0,0,0,0,0,0,0
2026-07-21,fYBNO_nCOD4,2026-03-30T01:15:12Z,67,0,0,0,1,14,56.84
2026-07-21,z9rFY8GLOOY,2026-03-29T12:29:50Z,67,0,0,0,1,10,50.16
2026-07-21,WO8uAQLhGIE,2026-03-29T01:13:54Z,63,0,0,0,1,11,51.33
2026-07-21,5wUh_6vu2Go,2026-03-28T12:29:44Z,7,0,0,0,0,19,92.38
2026-07-21,JdpsABS7pKw,2026-03-28T01:06:42Z,38,0,0,0,0,13,45.12
2026-07-21,C_L3cdiUtoc,2026-03-27T12:38:06Z,29,0,0,0,1,9,33.43
2026-07-21,r8F0QXGNJbM,2026-03-27T01:10:49Z,32,0,0,0,1,11,55.74
2026-07-21,2Dd0b5yRvwo,2026-03-26T12:46:11Z,35,0,0,0,1,9,47.92
2026-07-21,LmctWQZyEvA,2026-03-26T01:11:07Z,1,0,0,0,0,0,0
2026-07-21,vHhsy6xkkSY,2026-03-25T12:39:16Z,0,0,0,0,0,0,0
2026-07-21,2BYS3ku1_Qs,2026-03-25T01:07:56Z,4,0,0,0,0,0,0
2026-07-21,hjkriefSr1w,2026-03-24T12:43:37Z,56,0,0,0,1,14,52.7
2026-07-21,XdFwGAuSE7U,2026-03-24T05:02:03Z,61,0,0,0,1,8,47.11
2026-07-21,-JFTX50ZtQk,2026-03-21T12:24:49Z,212,0,0,0,5,18,81.89
2026-07-21,Zq2m1kRL6q0,2026-03-21T01:00:27Z,119,1,0,0,4,11,38.02
2026-07-21,AKLcTliJFL8,2026-03-20T12:33:26Z,37,0,0,0,0,8,29.4
2026-07-21,fhhV1egGhNI,2026-03-20T01:03:37Z,53,0,0,0,1,7,37.97
2026-07-21,j-bjsPsftRo,2026-03-19T12:37:00Z,47,0,0,0,1,14,51.790000000000006
2026-07-21,-4NwUpvi8ng,2026-03-19T01:07:12Z,103,0,0,0,3,14,68.37
2026-07-21,W0c6udxdcHY,2026-03-18T12:43:23Z,40,0,0,0,0,5,18.7
2026-07-21,4nItZBXbg1E,2026-03-18T01:08:15Z,33,0,0,0,0,4,18.64
2026-07-21,ep1qq76H6ks,2026-03-17T12:43:33Z,72,0,0,0,2,15,56.69
2026-07-21,UNuHYP9-wqo,2026-03-17T01:04:36Z,74,0,0,0,1,10,45.69
2026-07-21,b_6YnowMPpM,2026-03-16T12:44:40Z,81,1,0,0,3,11,39.95
2026-07-21,V40i1wyTyC8,2026-03-16T01:11:58Z,61,0,0,0,1,7,34.06
2026-07-21,YKR_FyTNu3M,2026-03-15T12:27:36Z,50,0,0,0,1,13,54.84
2026-07-21,eFJKq7ChQVE,2026-03-15T01:11:23Z,61,0,0,0,1,6,36.17
2026-07-21,sqh-tKCq2UA,2026-03-14T12:25:56Z,62,0,0,0,1,10,40.39
2026-07-21,OaGDrxJs5jE,2026-03-14T01:01:50Z,89,0,0,0,2,8,28.499999999999996
2026-07-21,xOKf3tbA7to,2026-03-13T12:33:53Z,90,1,0,0,3,14,44
2026-07-21,NaHEZrAUApQ,2026-03-13T01:02:51Z,60,0,0,0,1,8,30.409999999999997
2026-07-21,u8j6UgwcAWE,2026-03-12T12:33:58Z,184,0,0,0,4,12,40.31
2026-07-21,4143nMw1ySw,2026-03-12T00:56:59Z,48,0,0,0,0,0,0
2026-07-21,-DQSkoMoQZw,2026-03-11T12:34:00Z,63,0,0,0,2,13,54.04
2026-07-21,BveJhXXeWew,2026-03-11T01:00:33Z,63,0,0,0,2,15,51.080000000000005
2026-07-21,b87wxLO0_f4,2026-03-10T12:34:31Z,89,1,0,0,2,7,26.05
2026-07-21,qBqjHbqsBEM,2026-03-10T00:59:16Z,64,0,0,0,1,20,74.93
2026-07-21,pDMzcV3D7Hc,2026-03-09T12:45:57Z,72,0,0,0,1,10,45.5
2026-07-21,DehiGK5t_uQ,2026-03-09T01:04:03Z,47,0,0,0,1,9,41.24
2026-07-21,5LLvE-nWsac,2026-03-08T12:26:54Z,183,1,0,0,8,14,47.03
2026-07-21,ytglD92ZCKY,2026-03-08T01:03:40Z,77,0,0,0,2,9,42.51
2026-07-21,D43fOoEvRiU,2026-03-07T18:20:23Z,42,0,0,0,0,7,24.38
2026-07-21,PQekC8_mq9U,2026-03-05T12:34:57Z,47,0,0,0,1,22,95.56
2026-07-21,2EqR9wS2Q8I,2026-03-05T01:04:18Z,99,0,0,0,3,10,43.69
2026-07-21,Ycci77WFitE,2026-03-04T12:31:37Z,128,0,0,0,6,15,65.49
2026-07-21,h_1EvAZD-8s,2026-03-04T01:01:20Z,105,0,0,0,2,9,41.17
2026-07-21,n-0NrVBgWGA,2026-03-03T12:33:14Z,72,0,0,0,2,11,40.51
2026-07-21,ixoTePG8L7k,2026-03-03T01:04:39Z,45,0,0,0,1,6,38.75
2026-07-21,dkcprpuQVwU,2026-03-02T12:32:20Z,40,0,0,0,1,13,54.31
2026-07-21,A53opaIG3a0,2026-03-02T01:02:30Z,94,0,0,0,3,7,46.23
2026-07-21,DfcBrzVHQ90,2026-03-01T12:25:26Z,74,0,0,0,2,11,39.94
2026-07-21,iykldQ76W7Q,2026-03-01T01:10:37Z,177,0,0,0,11,17,57.32000000000001
2026-07-21,nlnvOR4QLow,2026-02-28T12:22:45Z,48,0,0,0,1,17,83.24
2026-07-21,2vORckqweJ8,2026-02-28T00:56:51Z,63,0,0,0,1,15,54.50000000000001
2026-07-21,UnNlXUaYBU4,2026-02-27T12:32:55Z,79,0,0,0,3,27,117.89
2026-07-21,pPXch1Fsu6Q,2026-02-27T01:03:37Z,48,0,0,0,1,17,60.56
2026-07-21,7jX6bNGmVsk,2026-02-26T16:25:07Z,30,0,0,0,0,11,69.81
2026-07-21,IzdKRyCenzc,2026-02-26T01:02:37Z,31,0,0,0,1,15,50.74999999999999
2026-07-21,96oYUXW1pBw,2026-02-25T12:38:01Z,34,0,0,0,2,16,62.17
2026-07-21,3Pp3MUfmhNE,2026-02-25T01:08:19Z,0,0,0,0,0,0,0
2026-07-21,Hb78GB9PtEY,2026-02-24T12:37:32Z,33,1,0,0,0,7,40.07
2026-07-21,Jbq-Eap63y8,2026-02-24T01:03:00Z,79,0,0,0,2,15,68.75
2026-07-21,TNz0IN0G0xo,2026-02-23T12:36:36Z,0,0,0,0,0,0,0
2026-07-21,B01SjrM0O2Q,2026-02-23T01:03:48Z,58,0,0,0,1,17,97.81
2026-07-21,rX6MPpz51FE,2026-02-22T12:24:18Z,33,0,0,0,0,5,26.32
2026-07-21,6Mr6AlNDiT8,2026-02-22T01:05:02Z,0,0,0,0,0,0,0
2026-07-21,EU_EZFH_g2o,2026-02-21T12:24:14Z,5,0,0,0,0,0,0
2026-07-21,wFXehYoCg9E,2026-02-21T01:00:07Z,50,0,0,0,1,12,61.46
2026-07-21,SXe6AH6SFSk,2026-02-20T12:33:18Z,28,0,0,0,0,23,95.2
2026-07-21,9uOhp9bPWmM,2026-02-20T01:01:38Z,9,0,0,0,0,6,29.520000000000003
2026-07-21,aQUnfLgpEq0,2026-02-19T12:36:05Z,8,0,0,0,0,0,0
2026-07-21,vRLOsY8jCf0,2026-02-19T03:42:50Z,76,0,1,0,2,11,53.400000000000006
2026-07-21,OCBFsNL9PNU,2026-02-17T01:04:42Z,110,0,0,0,4,17,63
2026-07-21,PXWcYPr7Omo,2026-02-16T12:34:48Z,130,0,0,0,4,15,87.07
2026-07-21,X55oBmu1ezo,2026-02-16T01:04:58Z,42,0,0,0,0,4,22.5
2026-07-21,3mUEEsOzNqU,2026-02-15T12:25:24Z,41,0,0,0,1,10,41.87
2026-07-21,qzsX1iUsMnM,2026-02-15T01:07:42Z,64,0,0,0,3,27,99.34
2026-07-21,89JtSG4iVsA,2026-02-14T12:23:30Z,41,0,0,0,1,11,51.46999999999999
2026-07-21,PcOD2_1othA,2026-02-14T01:02:42Z,60,0,0,0,2,10,38.61
2026-07-21,lBorBD-wejA,2026-02-13T12:33:39Z,125,0,0,0,3,13,43.9
2026-07-21,klumNyrvIQg,2026-02-13T01:09:16Z,131,0,0,0,5,13,45.88
2026-07-21,tJ0B_ZSe4-0,2026-02-12T12:37:06Z,154,1,0,0,7,12,69.81
2026-07-21,xwxQmh3BrH4,2026-02-12T01:05:11Z,57,0,0,0,2,11,47.28
2026-07-21,KBtePfFvUws,2026-02-11T12:40:50Z,119,0,0,0,5,14,62.39
2026-07-21,uODHjXY2kqc,2026-02-11T01:12:56Z,50,0,0,0,2,13,51.89
2026-07-21,4Njh8cdvW5w,2026-02-10T12:44:28Z,34,0,0,0,0,6,40.65
2026-07-21,8pEemfuXl74,2026-02-10T01:15:16Z,55,0,0,0,1,30,101
2026-07-21,b4tny2EG7kM,2026-02-09T12:40:24Z,158,0,0,0,6,9,48.97
2026-07-21,QLzyNIxy-0k,2026-02-09T01:06:08Z,86,0,0,0,2,18,94.9
2026-07-21,k_bGGxcqkWQ,2026-02-08T12:24:47Z,43,0,0,0,1,12,60.56
2026-07-21,QUvyUEOIFcY,2026-02-08T01:20:22Z,92,0,0,0,4,17,70.06
2026-07-21,_yj8qFj_c_o,2026-02-07T12:24:22Z,127,0,0,0,7,11,44.66
2026-07-21,pdT4jk2KxU4,2026-02-07T00:59:32Z,48,0,0,0,1,8,46.19
2026-07-21,rbq64uH4irY,2026-02-06T12:33:39Z,69,0,0,0,1,11,36.05
2026-07-21,FRrzAOfIsh0,2026-02-06T01:00:14Z,153,0,0,0,5,11,51.53
2026-07-21,YFHRUTj8xeE,2026-02-05T12:35:00Z,59,0,0,0,2,14,56.43
2026-07-21,FZBy_yqhT5g,2026-02-05T01:02:53Z,133,0,0,0,6,9,45.93
2026-07-21,LN9z5FPHDmA,2026-02-04T12:33:27Z,125,1,0,0,5,9,43
2026-07-21,gNravpCcDCo,2026-02-04T01:00:45Z,0,0,0,0,0,0,0
2026-07-21,1VcsP7QNhxw,2026-02-03T12:33:18Z,90,0,0,0,4,17,70.66
2026-07-21,MUXCB4BxKbc,2026-02-03T01:04:27Z,45,0,0,0,1,11,53.56000000000001
2026-07-21,5l3UTqchtpg,2026-02-02T12:32:40Z,60,0,0,0,3,14,58.36
2026-07-21,SvIn_cEBJG0,2026-02-02T01:04:39Z,82,0,0,0,13,93,388.53
2026-07-21,SoyzMc1na_8,2026-02-01T12:24:24Z,42,0,0,0,1,10,44.12
2026-07-21,07Mfq1dhiJg,2026-02-01T01:11:17Z,63,0,0,0,2,19,70.07
2026-07-21,Ztqx3Myofwo,2026-01-31T12:24:07Z,56,0,0,0,1,9,27.43
2026-07-21,bsaD1cSmXkA,2026-01-31T00:58:35Z,43,0,0,0,0,14,54.02
2026-07-21,sWUfDxSRdp0,2026-01-30T12:28:50Z,136,0,0,0,4,10,74.3
2026-07-21,H2W6mhWfeMU,2026-01-30T01:00:51Z,89,0,0,0,6,15,60.35
2026-07-21,Gc53wfoTpu4,2026-01-29T16:02:58Z,38,0,0,0,1,12,48.93
2026-07-21,PgbAGpSsB1I,2026-01-28T00:54:02Z,109,0,0,0,3,13,45.05
2026-07-21,1yCT5-9hUmA,2026-01-27T12:24:29Z,37,0,0,0,0,0,0
2026-07-21,SUWQ8Allb_M,2026-01-26T12:24:55Z,163,0,0,0,7,12,53.55
2026-07-21,ViOQ5c1vM1I,2026-01-26T00:57:53Z,105,0,0,0,3,15,63.17
2026-07-21,ozxoy8JJgag,2026-01-25T00:58:33Z,37,0,0,0,0,9,42.17
2026-07-21,SjE0oaTOM2U,2026-01-24T12:21:37Z,210,0,0,0,7,22,65.76
2026-07-21,fUyA8HoBxm4,2026-01-24T00:50:34Z,102,0,0,0,4,11,49.77
2026-07-21,kUeBkvKtifE,2026-01-23T12:23:51Z,76,0,0,0,2,11,53.16
2026-07-21,1NjWzWWPYGk,2026-01-23T00:53:23Z,98,0,0,0,4,15,67.07
2026-07-21,1yw_y7DZILM,2026-01-22T12:25:46Z,130,0,0,0,7,11,47.97
2026-07-21,ieBibN_NFi4,2026-01-22T00:54:16Z,105,0,0,0,5,22,71.26
2026-07-21,Lzn8i_3QxyQ,2026-01-21T12:24:55Z,88,0,0,0,3,18,82.08
2026-07-21,b7-hRk00vBY,2026-01-21T02:03:34Z,309,1,0,0,16,13,52.35999999999999
2026-07-21,wzrCnh_cx38,2026-01-19T12:24:52Z,60,0,0,0,1,10,42.96
2026-07-21,nFiWF8pBOdE,2026-01-19T00:56:21Z,157,1,0,0,5,11,54.52
2026-07-21,ailU9L3hHCA,2026-01-18T12:19:45Z,208,0,0,0,5,9,72.35
2026-07-21,tEbQwwQB0UI,2026-01-18T00:57:50Z,82,0,0,0,1,12,47.4
2026-07-21,Y0Fj37HV_o4,2026-01-17T12:19:41Z,56,1,0,0,1,5,27.91
2026-07-21,pmg5-dykDZU,2026-01-17T00:49:25Z,110,0,0,0,4,13,65.72
2026-07-21,kaIHDp90cf4,2026-01-16T12:22:00Z,70,0,0,0,2,9,55.45
2026-07-21,KNtqlDQDY10,2026-01-16T00:52:38Z,224,1,0,0,8,12,65.42
2026-07-21,3vq3Zd6uxtU,2026-01-15T12:24:16Z,243,2,0,0,13,14,48.02
2026-07-21,ySxlAX5nhjU,2026-01-15T00:50:13Z,93,0,0,0,4,16,61.6
2026-07-21,njCG2PJKEpA,2026-01-14T12:24:19Z,103,0,0,0,4,10,37.06
2026-07-21,C1TOy6a0dxI,2026-01-14T00:53:28Z,173,2,0,0,6,9,58.17
2026-07-21,rN0DF7i_3wU,2026-01-13T12:25:10Z,36,0,0,0,0,5,18.23
2026-07-21,WRwrZDyTJ2o,2026-01-13T05:18:51Z,38,0,0,0,1,9,41.77
2026-07-21,5VDp8xr8PMw,2026-01-12T00:55:14Z,189,0,0,0,7,14,74.82
2026-07-21,-eFSzJLoCmk,2026-01-11T12:21:09Z,165,0,0,0,7,13,59.3
2026-07-21,k-rUw2TVYs8,2026-01-11T00:57:40Z,151,0,0,0,5,10,49.1
2026-07-21,Md2_HGkjEmQ,2026-01-10T12:19:57Z,166,0,0,0,5,11,52.96999999999999
2026-07-21,SUCUfIo6MH4,2026-01-10T00:50:48Z,82,0,0,0,3,13,56.87
2026-07-21,FFNwRRPqXLc,2026-01-09T12:22:37Z,50,0,0,0,1,8,47.93
2026-07-21,QSTdknWa4gQ,2026-01-08T12:24:04Z,40,0,0,0,1,7,31.96
2026-07-21,DazZAvrhRKI,2026-01-08T00:50:30Z,110,0,0,0,2,8,48.12
2026-07-21,cqhF9hro86M,2026-01-07T12:22:59Z,112,0,0,0,2,10,54.59
2026-07-21,Qjze3mrpiaE,2026-01-07T00:50:57Z,36,0,0,0,0,11,78.67
2026-07-21,SUI99n7yB_U,2026-01-06T00:51:02Z,102,0,0,0,3,9,51.03
2026-07-21,2nIDH-gIDhQ,2026-01-05T12:23:37Z,75,0,0,0,2,8,32.7
2026-07-21,wXEuAdlXM_M,2026-01-05T04:59:54Z,79,0,0,0,1,10,48.88
2026-07-21,xjP-OITrIT4,2025-12-31T00:52:35Z,48,0,0,0,1,8,27.02
2026-07-21,yh4jE0h28KA,2025-12-30T12:22:50Z,107,0,0,0,3,13,57.75
2026-07-21,_lBSpyvMgjw,2025-12-30T00:49:10Z,302,0,0,0,5,6,39.08
2026-07-21,9xKSMqEzQAM,2025-12-29T00:56:57Z,90,0,0,0,4,18,60.25
2026-07-21,OPdvBceQCCE,2025-12-28T12:19:38Z,63,0,0,0,1,8,50.44
2026-07-21,18FMuOikGQE,2025-12-28T00:57:32Z,41,0,0,0,0,17,80.45
2026-07-21,lAIIM4vuUSs,2025-12-27T12:20:12Z,92,0,0,0,2,10,50.43
2026-07-21,eaCy2RgCOe8,2025-12-27T00:48:31Z,127,1,0,0,6,15,71.01
2026-07-21,S4SHNb3-W3Q,2025-12-26T12:21:04Z,61,0,0,0,1,9,47.22
2026-07-21,1goDD83ipeQ,2025-12-26T00:50:19Z,95,0,0,0,4,17,71.45
2026-07-21,DmhxO5mlvxo,2025-12-25T12:22:02Z,115,0,0,0,4,12,51.24999999999999
2026-07-21,AKbv7xTvxnQ,2025-12-25T00:49:59Z,96,1,0,0,3,13,50.97999999999999
2026-07-21,0wI-gF3lGLM,2025-12-24T12:21:25Z,75,0,0,0,2,16,80.38
2026-07-21,9ieCGBvL-Bg,2025-12-24T03:45:47Z,51,0,0,0,1,8,40.12
2026-07-21,uGeiWkgtDP8,2025-12-22T00:53:16Z,130,1,0,0,5,13,65.78
2026-07-21,McHdknbY2cU,2025-12-21T12:19:35Z,44,1,0,0,1,15,71.9
2026-07-21,aN61kpao8HI,2025-12-21T00:54:41Z,187,0,0,0,5,11,49.01
2026-07-21,LP9DKhWavDA,2025-12-20T12:21:03Z,47,0,0,0,1,8,24.28
2026-07-21,fDS63LcxhNk,2025-12-20T00:47:34Z,151,0,0,0,4,13,46.68
2026-07-21,2HxaPdFdrAE,2025-12-19T12:21:23Z,305,0,0,0,13,12,60.06
2026-07-21,zP021DqgYA4,2025-12-19T00:49:03Z,146,0,0,0,3,10,53.26
2026-07-21,UMYm5lJHF6s,2025-12-18T12:21:22Z,89,0,1,0,3,13,82.36
2026-07-21,6j1gLZK5aJQ,2025-12-18T00:46:26Z,48,1,0,0,1,11,50.18
2026-07-21,a-0M7qv4ECM,2025-12-17T12:23:19Z,68,0,0,0,1,11,39.25
2026-07-21,lF9gvPG7YEY,2025-12-17T00:45:41Z,48,0,0,0,1,13,81.34
2026-07-21,or2vlbZ8PUo,2025-12-16T12:21:46Z,41,0,0,0,0,7,49.05
2026-07-21,w0u7iPVS4kg,2025-12-16T00:50:07Z,49,0,0,0,2,15,69.61
2026-07-21,ChBrBKj_FL0,2025-12-15T12:23:43Z,80,1,0,0,2,7,33.02
2026-07-21,pkVeQWwOH1M,2025-12-14T00:55:44Z,71,0,0,0,1,10,35.54
2026-07-21,tdK_vfJlYIU,2025-12-13T12:19:52Z,56,1,0,0,1,7,25.19
2026-07-21,rKfPskTw4uE,2025-12-13T00:46:03Z,55,0,0,0,1,10,62.43
2026-07-21,X253-VhbDHQ,2025-12-12T12:22:27Z,38,0,0,0,0,32,131.93
2026-07-21,kWgeQ8_3gf4,2025-12-12T00:49:39Z,107,0,0,0,3,9,42.79
2026-07-21,XAzSHS1CHFY,2025-12-11T12:22:27Z,73,0,0,0,1,9,64.15
2026-07-21,L6Wc8lnn4DU,2025-12-11T00:51:08Z,1657,0,0,0,42,14,50.83
2026-07-21,MtheX2OJMDQ,2025-12-10T12:22:34Z,55,0,0,0,0,5,23.83
2026-07-21,E1ibjYdkrbQ,2025-12-10T00:49:51Z,33,0,0,0,0,0,0
2026-07-21,U5_e3bmCbZY,2025-12-09T12:22:22Z,39,0,0,0,1,8,40.45
2026-07-21,t2DSE_ojmik,2025-12-06T00:47:45Z,77,0,0,0,3,25,75.8
2026-07-21,SRE8VHmGAqw,2025-12-05T12:22:14Z,61,0,0,0,2,12,56.50999999999999
2026-07-21,1avSfbfo6nQ,2025-12-05T00:49:35Z,91,1,0,0,2,19,64.34
2026-07-21,qL9y-Y4m8YY,2025-12-04T12:22:55Z,37,0,0,0,0,5,22.41
2026-07-21,XfbgEEaqypE,2025-12-04T00:49:06Z,54,0,0,0,1,6,21.96
2026-07-21,eFDnU8gaEJM,2025-12-03T00:47:59Z,48,0,0,0,0,4,22.28
2026-07-21,hxIwlu8ep-k,2025-12-02T12:23:15Z,55,0,0,0,1,13,52.87
2026-07-21,K3wSItDBg1k,2025-12-02T00:48:54Z,100,0,0,0,3,15,57.37
2026-07-21,hA9HyqaFyHM,2025-12-01T12:22:12Z,35,0,0,0,0,4,19.7
2026-07-21,tZQoZXF9Ud4,2025-12-01T00:58:59Z,102,0,0,0,1,4,19.94
2026-07-21,f-c69bkm6io,2025-11-30T12:18:54Z,91,0,0,0,3,10,50.36999999999999
2026-07-21,MsaO1qV-Ln0,2025-11-30T00:56:14Z,78,0,0,0,1,6,29.07
2026-07-21,BFEdIXRH-Fo,2025-11-29T00:47:12Z,58,0,0,0,1,17,53.03
2026-07-21,aFMkajr0L0o,2025-11-28T00:46:39Z,117,0,0,0,3,9,33.46
2026-07-21,HijWOdHKdH0,2025-11-27T12:22:09Z,116,0,0,0,5,21,85.38
2026-07-21,XVyf5d0eCE8,2025-11-27T00:46:29Z,54,0,0,0,1,10,52.31
2026-07-21,-KPak8LRUiA,2025-11-26T12:22:12Z,47,0,0,0,0,5,23.29
2026-07-21,FMgGUvkXlkI,2025-11-26T00:48:06Z,63,0,0,0,1,11,43.69
2026-07-21,DLiRMEwNnDc,2025-11-25T12:22:48Z,96,0,0,0,2,10,37.3
2026-07-21,bhWV305AZCg,2025-11-25T00:46:53Z,48,0,0,0,1,8,32.41
2026-07-21,NA7EumyAw4s,2025-11-24T12:21:38Z,38,0,0,0,0,4,15.770000000000001
2026-07-21,BQIHokBkLZM,2025-11-23T12:19:00Z,157,1,0,0,8,17,65.4
2026-07-21,7y-j8FAsFM8,2025-11-23T00:54:00Z,112,0,0,0,3,14,76.71
2026-07-21,DWwGPzpDyr8,2025-11-22T12:19:18Z,30,0,0,0,0,4,13.350000000000001
2026-07-21,UrD-Q-oBE-k,2025-11-22T00:45:23Z,123,0,0,0,2,14,61.42999999999999
2026-07-21,Q9VgwFN3UIg,2025-11-21T12:20:39Z,37,0,0,0,0,5,19.63
2026-07-21,oZ1KoF4YsaU,2025-11-21T00:47:44Z,42,0,0,0,1,12,46.25
2026-07-21,DEdYVTobd2c,2025-11-20T12:21:38Z,65,0,0,0,1,10,48.47
2026-07-21,Pvy_Sx_1IU8,2025-11-20T00:45:47Z,98,0,0,0,3,9,50.42
2026-07-21,W6nZEkKaMns,2025-11-19T12:21:58Z,60,0,0,0,2,18,72.17
2026-07-21,DCe_h8sqrhA,2025-11-19T00:49:16Z,36,0,0,0,0,8,28.859999999999996
2026-07-21,vMCVHEX6X-4,2025-11-18T12:22:09Z,22,1,0,0,0,9,36
2026-07-21,Qbqrzbs0TY8,2025-11-18T00:47:59Z,44,0,0,0,1,7,24.75
2026-07-21,lqXVwyhxzwQ,2025-11-17T12:21:08Z,54,0,0,0,2,12,62.69
2026-07-21,KzpeOdp-c1U,2025-11-17T00:49:32Z,28,0,0,0,1,14,47.49
2026-07-21,__BTJr7239g,2025-11-16T12:17:43Z,28,0,0,0,0,9,66.43
2026-07-21,tY5h-MOkj0k,2025-11-16T00:50:03Z,38,0,0,0,1,7,45.82
2026-07-21,7qvvyYK7pjM,2025-11-15T12:18:21Z,90,0,0,0,5,16,83.88
2026-07-21,bEBT1HmsU0w,2025-11-15T00:45:59Z,46,0,0,0,1,12,63.16
2026-07-21,EC3qu-J6O3o,2025-11-14T12:21:09Z,34,0,0,0,0,10,54.059999999999995
2026-07-21,Lu_GOCfqqsE,2025-11-14T00:47:41Z,99,0,0,0,3,10,44.19
2026-07-21,BmX41hUYTEo,2025-11-13T12:22:25Z,45,0,0,0,1,10,49.78
2026-07-21,bmt7t2cUv0g,2025-11-13T00:47:51Z,49,0,0,0,1,10,39.11
2026-07-21,maKQnP1Fbm0,2025-11-12T12:22:16Z,44,0,0,0,0,6,24.21
2026-07-21,dfi7G15BoPU,2025-11-12T00:48:22Z,146,0,0,0,5,14,53.90999999999999
2026-07-21,EaW6off6I-g,2025-11-11T12:21:15Z,25,0,0,0,0,5,22.01
2026-07-21,x4iAzzoynWo,2025-11-11T00:48:12Z,69,0,0,0,2,11,48.53
2026-07-21,uf8gxiLsKt4,2025-11-10T12:21:45Z,80,1,0,0,2,9,36.44
2026-07-21,IrFYVHvsGGI,2025-11-10T00:50:07Z,109,2,1,0,5,19,73.74
2026-07-21,nM5RQOj527Q,2025-11-09T20:46:27Z,67,0,0,0,1,7,48.87
2026-07-21,9X9J9HcnjRQ,2025-11-08T12:17:39Z,47,0,0,0,0,8,58.050000000000004
2026-07-21,tmyiz1EyOJ0,2025-11-08T00:44:46Z,28,0,0,0,0,4,23.9
2026-07-21,aiE5zJEb4LQ,2025-11-07T12:21:37Z,9,0,0,0,0,0,0
2026-07-21,RL-aV22hT3Q,2025-11-07T00:48:10Z,59,0,0,0,1,18,61.9
2026-07-21,iqjcjekQ4DA,2025-11-06T12:20:18Z,53,0,0,0,1,8,52.18000000000001
2026-07-21,0_Qr1FDSRUQ,2025-11-06T00:48:24Z,115,0,0,0,7,23,70.33
2026-07-21,VBWrqM7y_nY,2025-11-05T12:22:42Z,7,0,0,0,0,5,17.81
2026-07-21,7MDyZHXM6SQ,2025-11-05T00:48:17Z,189,0,0,0,5,11,64.9
2026-07-21,mFP_gIstEt8,2025-11-04T00:47:50Z,75,1,0,0,2,10,60.27
2026-07-21,5o0kd4B5OG8,2025-11-03T12:22:17Z,60,0,0,0,1,8,27.83
2026-07-21,6_QsBHeIods,2025-11-03T00:50:50Z,71,0,0,0,1,6,23.61
2026-07-21,ey4lxj-MxF8,2025-11-02T00:51:27Z,67,0,0,0,1,14,54.7
2026-07-21,d-oDeuxr9YY,2025-11-01T12:19:24Z,42,0,0,0,1,10,48.59
2026-07-21,qu68AwRcQUs,2025-11-01T00:49:48Z,44,0,0,0,1,9,34.72
2026-07-21,FpraVnRBn_g,2025-10-31T12:22:10Z,26,0,0,0,0,8,30.070000000000004
2026-07-21,YbyoErWHPrQ,2025-10-31T00:49:14Z,189,0,0,0,5,9,27.440000000000005
2026-07-21,r2GTq9pmDSw,2025-10-30T12:20:36Z,70,0,0,0,3,17,85.82
2026-07-21,DiOCz3pzEJQ,2025-10-30T00:47:38Z,105,0,0,0,3,13,60.49
2026-07-21,atBZitOWh8s,2025-10-29T15:48:23Z,11,0,0,0,1,18,78.78
2026-07-21,8iSmE8YXGKE,2025-10-29T00:49:21Z,41,0,0,0,1,8,41.28
2026-07-21,Cl-_JI9q_Vk,2025-10-28T12:21:06Z,86,0,0,0,3,13,54.18999999999999
2026-07-21,MzZ_20dPW-Y,2025-10-28T00:47:00Z,47,0,0,0,2,12,47.21
2026-07-21,0jhH6KZpmL8,2025-10-27T12:25:22Z,41,0,0,0,1,15,35.83
2026-07-21,FnNJckzMN4I,2025-10-27T00:50:00Z,62,0,0,0,11,75,345.36
2026-07-21,EHmOrNhP6eU,2025-10-26T12:20:55Z,35,0,0,0,1,19,64.42
2026-07-21,kaF2LpvGDE8,2025-10-26T00:48:33Z,67,0,0,0,2,9,44.47
2026-07-21,MrNfRJleZa4,2025-10-25T12:20:50Z,77,0,0,0,5,18,57.96
2026-07-21,cxkwv1-VWKM,2025-10-25T00:44:59Z,33,0,0,0,1,12,66.78
2026-07-21,CMt6N9OYHc4,2025-10-24T12:22:09Z,51,0,0,0,2,17,58.17
2026-07-21,fsKpdj-hOBc,2025-10-24T00:45:25Z,30,0,0,0,0,11,41.39
2026-07-21,g5WH6g6SXzo,2025-10-23T12:23:47Z,2,0,0,0,0,23,87.78
2026-07-21,whO3TbZRN2s,2025-10-23T00:46:43Z,122,1,0,0,5,17,50.39
2026-07-21,9udR2t3StDg,2025-10-22T12:21:57Z,147,1,0,0,8,12,54.25
2026-07-21,rPz60XxcTho,2025-10-22T01:47:39Z,26,0,0,0,0,11,42.26
2026-07-21,Z05lza3afe0,2025-10-20T12:21:15Z,71,0,0,0,4,19,69.88
2026-07-21,5b5VRHg-xnM,2025-10-20T00:50:25Z,62,0,0,0,2,20,102.51999999999998
2026-07-21,6ge3dzSKuAU,2025-10-19T12:19:54Z,47,0,0,0,2,15,55.94
2026-07-21,qjVcEZB3imM,2025-10-19T00:51:20Z,24,0,0,0,0,11,60.02000000000001
2026-07-21,qf7bSeDljc4,2025-10-18T12:19:43Z,3,0,0,0,0,20,87.87
2026-07-21,rbTkKE75_c0,2025-10-18T00:43:16Z,68,0,0,0,3,11,53.05
2026-07-21,ri2RZwr5J_4,2025-10-17T12:22:47Z,63,0,0,0,3,15,60.8
2026-07-21,v1zftajT1M0,2025-10-17T00:46:54Z,35,0,0,0,1,9,36.8
2026-07-21,pG8D3fHo7Kc,2025-10-16T12:21:59Z,109,1,0,0,27,97,444.34
2026-07-21,vQrRjChYLTc,2025-10-16T00:47:28Z,1,0,0,0,0,26,92.31
2026-07-21,xQVwOjXeNg0,2025-10-15T12:22:00Z,8,0,0,0,0,0,0
2026-07-21,iM0KR2-32f0,2025-10-15T00:47:34Z,4,0,0,0,0,14,52.57000000000001
2026-07-21,QkRtBzgp7LY,2025-10-14T12:23:44Z,14,0,0,0,0,20,87.39
2026-07-21,67qAhXRjlfA,2025-10-14T00:43:57Z,154,0,0,0,7,16,87.48
2026-07-21,SDLOOe8fi1M,2025-10-11T12:18:01Z,156,1,0,0,5,13,90.37
2026-07-21,b9tm03RKVpI,2025-10-11T00:42:33Z,19,0,0,0,0,7,44.05
2026-07-21,aDZm7fyKxZg,2025-10-10T12:22:18Z,53,0,0,0,2,18,88.29
2026-07-21,5gf43PikwPY,2025-10-10T00:44:00Z,251,0,0,0,23,32,163.81
2026-07-21,zgkkKMEvI4c,2025-10-09T12:22:48Z,67,0,0,0,2,10,39
2026-07-21,nsWYanXH4WQ,2025-10-09T00:45:59Z,21,0,0,0,0,28,92.61
2026-07-21,LQrAelHASPo,2025-10-08T12:22:30Z,19,0,0,0,1,16,82.67
2026-07-21,TovBq4xQFsc,2025-10-08T00:44:25Z,3,0,0,0,0,17,85.95
2026-07-21,Fl0RC5BJ3Pk,2025-10-07T12:22:14Z,75,0,0,0,3,16,82.9
2026-07-21,083VndBSBQA,2025-10-07T00:44:03Z,4,0,0,0,0,26,102.42
2026-07-21,9c2q7_r-q2Y,2025-10-06T12:22:15Z,4,0,0,0,1,35,116.06
2026-07-21,YGxrFAg3YOg,2025-10-05T12:19:04Z,70,0,0,0,3,17,82.2
2026-07-21,GcTz74gCsok,2025-10-05T00:49:33Z,55,0,0,0,3,26,118.53
2026-07-21,xvsX438rApQ,2025-10-04T19:15:22Z,38,0,0,0,1,17,92.17
2026-07-21,wsQMaYdr88Q,2025-09-20T12:18:35Z,145,1,0,0,7,12,51.22
2026-07-21,n4yje0t1LrQ,2025-09-20T00:43:59Z,44,0,0,0,1,19,49.76
2026-07-21,bvSYCI4URs8,2025-09-19T12:20:04Z,50,0,0,0,2,13,67.56
2026-07-21,SvIlF1anibo,2025-09-19T00:45:59Z,79,0,0,0,3,15,69
2026-07-21,G__3jx9sIcE,2025-09-18T12:21:43Z,135,0,0,0,8,15,63.019999999999996
2026-07-21,1rwy6xm5h8U,2025-09-18T00:43:45Z,49,0,0,0,2,14,67.42
2026-07-21,rSnz3nrgTFg,2025-09-17T12:21:43Z,38,0,0,0,1,7,30.59
2026-07-21,HTnmcw1VZsc,2025-09-17T00:44:19Z,178,0,0,0,6,13,46.08
2026-07-21,E7qHyD4bGJs,2025-09-16T12:21:39Z,46,0,0,0,1,7,28.110000000000003
2026-07-21,2clRmgMM1Us,2025-09-16T00:43:33Z,77,0,0,0,3,10,38.31
2026-07-21,YMnreQdpm5Y,2025-09-15T12:22:51Z,47,0,0,0,2,11,45.31
2026-07-21,n9WrhduYV3U,2025-09-15T00:53:32Z,66,0,0,0,3,12,60.35
2026-07-21,TjeZN7Gnx04,2025-09-14T12:18:57Z,46,0,0,0,2,15,65.95
2026-07-21,78zx-NQ3wVI,2025-09-14T00:48:31Z,2,0,0,0,0,16,65.13
2026-07-21,YxugVSFp3T0,2025-09-13T22:01:50Z,42,0,0,0,2,19,65.73
2026-07-21,kAI33hsvcUs,2025-08-22T12:20:10Z,75,0,0,0,3,12,43.67
2026-07-21,usvmmNihqZE,2025-08-22T00:45:55Z,49,0,0,0,2,11,49.84
2026-07-21,FJiDKJhqzMk,2025-08-21T12:21:38Z,64,0,0,0,3,11,44.99
2026-07-21,4KNrxnn4LYA,2025-08-21T00:44:57Z,25,0,0,0,0,24,92.3
2026-07-21,F7bl42wdwsk,2025-08-20T12:19:34Z,47,1,0,0,1,17,92.99
2026-07-21,2TQ1xDxSPko,2025-08-20T00:45:59Z,49,0,0,0,2,18,71.35
2026-07-21,2SEMOGewnt0,2025-08-19T12:20:22Z,47,0,0,0,4,18,91.17
2026-07-21,jl43kb2Mrl8,2025-08-19T00:46:39Z,37,0,0,0,0,8,56.11000000000001
2026-07-21,5ghuUk0uXKo,2025-08-18T12:22:15Z,5,0,0,0,1,37,129.19
2026-07-21,sZH-Vd6Q0Pg,2025-08-18T00:53:45Z,26,0,0,0,1,17,66.13
2026-07-21,n27QrIxIwBM,2025-08-17T12:19:46Z,21,0,0,0,1,13,43.56
2026-07-21,tj8faNubOXU,2025-08-17T00:54:38Z,40,0,0,0,1,16,54.55
2026-07-21,96EZNoOx5vk,2025-08-16T12:19:15Z,23,0,0,0,1,14,68.96
2026-07-21,KaojabYOzx0,2025-08-16T00:46:15Z,12,0,0,0,3,66,301.33
2026-07-21,THOj9YbvwsE,2025-08-15T15:23:30Z,6,0,0,0,0,27,82.97
2026-07-21,BZosJFoh2-E,2025-08-14T12:21:40Z,12,0,0,0,0,10,51.93
2026-07-21,TxfJxCoufW8,2025-08-14T00:48:45Z,47,0,0,0,1,18,74.15
2026-07-21,u4SLrBeU4P8,2025-08-13T12:21:24Z,82,0,0,0,5,15,60.91
2026-07-21,Lcr_-bsm-yU,2025-08-13T00:48:58Z,52,0,0,0,1,11,58.28
2026-07-21,loW9tXPftEI,2025-08-12T12:21:02Z,120,0,0,0,4,11,42.64
2026-07-21,mIZqOrlU3V4,2025-08-12T00:48:01Z,50,0,0,0,1,9,49.71
2026-07-21,Vu85YbKD2uA,2025-08-11T12:22:21Z,34,0,0,0,1,13,49.35
2026-07-21,2ihzs4ltkz4,2025-08-11T00:56:43Z,32,0,0,0,1,12,37.95
2026-07-21,cRrYtcVjQIM,2025-08-10T12:18:58Z,31,0,0,0,0,9,47.53
2026-07-21,oMMCSoJOPFY,2025-08-10T00:58:04Z,36,0,0,0,2,16,56.56
2026-07-21,71ERRmCB7uY,2025-08-09T12:20:09Z,37,0,0,0,1,13,52.09
2026-07-21,DOMkPDITAig,2025-08-09T00:47:31Z,71,0,0,0,3,13,49.92
2026-07-21,Z_8PUimecoU,2025-08-08T12:22:09Z,124,0,0,0,8,14,76.75
2026-07-21,798aPt3idGI,2025-08-08T00:55:22Z,32,0,0,0,1,15,49.46
2026-07-21,nJ_CeCMDjgo,2025-08-07T13:02:00Z,74,0,0,0,3,10,45.34
2026-07-21,F6bItVNWey4,2025-08-07T00:53:42Z,73,0,0,0,3,12,62.39
2026-07-21,EjwJ28Zg0Zs,2025-08-06T12:23:15Z,49,0,0,0,1,9,37.62
2026-07-21,NbSU5rDcqA8,2025-08-06T00:55:01Z,49,0,0,0,2,14,50.85999999999999
2026-07-21,OTdnZwnqZto,2025-08-05T12:22:59Z,57,0,0,0,2,13,56.92
2026-07-21,dP37FHj8nHg,2025-08-05T00:53:37Z,89,0,0,0,3,10,64.74
2026-07-21,jWk424bgg84,2025-08-04T12:23:46Z,56,1,0,0,2,15,71.84
2026-07-21,8-zs2bzAYok,2025-08-03T12:19:46Z,55,0,0,0,3,13,53.81
2026-07-21,XWpZCVCgX-A,2025-08-03T00:58:49Z,70,1,0,0,2,13,63.79
2026-07-21,AoN4FPURjpo,2025-08-02T12:20:33Z,50,0,0,0,2,11,48.38
2026-07-21,b1CT89GMN6o,2025-08-02T00:47:59Z,170,0,0,0,9,21,134.87
2026-07-21,ip4v0KcNBTg,2025-08-01T12:22:38Z,123,0,0,0,4,10,45.26
2026-07-21,b9uiF9O5AVk,2025-08-01T01:01:34Z,170,0,0,0,15,13,40.45
2026-07-21,v80VsDnL6vk,2025-07-31T12:21:40Z,40,0,0,0,1,9,39.46
2026-07-21,ukGL5TXbjDc,2025-07-31T02:11:20Z,39,0,0,0,1,9,42.58
2026-07-21,baIn3WnCR_s,2025-07-30T00:52:36Z,116,0,0,0,7,19,108.95000000000002
2026-07-21,dHLGC_aLh38,2025-07-29T12:22:49Z,44,0,0,0,1,10,44.03
2026-07-21,8T2wjykQY8M,2025-07-29T00:56:50Z,106,1,0,0,3,8,46.47
2026-07-21,2mlwNI9mKVc,2025-07-28T12:23:00Z,63,0,0,0,3,14,53.43
2026-07-21,ZI_z_4_Pdfg,2025-07-28T00:56:19Z,123,0,0,0,4,10,51.12
2026-07-21,Lm7_gHvmrWc,2025-07-27T12:20:02Z,49,0,0,0,2,14,78.63
2026-07-21,9c3PnUunMrI,2025-07-27T00:56:38Z,69,0,0,0,2,9,53.22
2026-07-21,eohklwMcu8s,2025-07-26T12:20:31Z,73,0,0,0,4,15,52.300000000000004
2026-07-21,JMfUVNqH-v8,2025-07-26T00:50:36Z,55,0,1,0,2,15,57.56
2026-07-21,kCiWEditH2c,2025-07-25T12:22:32Z,97,0,0,0,6,20,63.31
2026-07-21,VzRORbvYeU8,2025-07-25T00:53:02Z,62,0,0,0,3,13,31.15
2026-07-21,TaYTYLmXSpw,2025-07-24T12:23:07Z,59,0,0,0,3,16,65.34
2026-07-21,eojAkEGYKy8,2025-07-24T00:51:50Z,29,0,0,0,1,14,64.98
2026-07-21,jDNLDjwedSI,2025-07-23T12:22:35Z,66,0,0,0,5,21,92.96
2026-07-21,l-MK9FDyZGo,2025-07-23T01:53:38Z,39,0,0,0,1,14,52.93
2026-07-21,MTISyE2GK90,2025-07-22T00:51:23Z,272,1,0,0,20,20,103.61
2026-07-21,xaxoboKmsp8,2025-07-21T12:23:00Z,53,0,0,0,3,15,52.14
2026-07-21,YYQPFxAyXlA,2025-07-21T00:55:19Z,94,0,0,0,4,13,57.26
2026-07-21,C-pKshzaFI4,2025-07-20T12:19:56Z,860,1,0,0,57,14,70.46
2026-07-21,2cXstg2g1oo,2025-07-20T00:58:48Z,104,0,0,0,7,18,61.03000000000001
2026-07-21,UUVJFY1I6eQ,2025-07-19T12:19:13Z,181,1,0,0,9,11,57.49999999999999
2026-07-21,72GZYgKfNgY,2025-07-19T00:50:17Z,69,0,0,0,4,13,38.88
2026-07-21,hYqav0qcs-4,2025-07-18T12:21:48Z,117,0,0,0,7,14,61.78
2026-07-21,CA74oLX496k,2025-07-18T00:51:11Z,60,0,0,0,3,18,65.66
2026-07-21,pqSpEEBBZ5Y,2025-07-17T12:20:49Z,158,2,0,0,12,14,74.81
2026-07-21,vHOEW402B9s,2025-07-17T00:51:20Z,63,0,0,0,2,13,55.03
2026-07-21,Y_hYHH0oLzQ,2025-07-16T12:21:49Z,61,0,0,0,2,13,56.84
2026-07-21,sQ9TSjUyYHg,2025-07-16T00:50:53Z,210,0,0,0,18,14,82.97
2026-07-21,wZ_p3BEx0Hw,2025-07-15T12:22:37Z,60,0,0,0,3,13,66.62
2026-07-21,kxtbSj_b_IM,2025-07-15T03:01:40Z,36,0,0,0,1,8,44.73
2026-07-21,VCg1HIvDlmM,2025-07-11T12:21:10Z,25,0,0,0,0,15,58.879999999999995
2026-07-21,CnXoXMSAG78,2025-07-11T00:49:31Z,88,0,0,0,4,12,68.05
2026-07-21,wGfuxxpXlSA,2025-07-10T12:21:07Z,91,0,0,0,4,10,53.59
2026-07-21,I9Ms9geTeu0,2025-07-10T00:48:30Z,31,0,0,0,0,11,52.27
2026-07-21,N8xFDObGXSE,2025-07-09T12:21:31Z,77,0,0,0,3,11,53.16
2026-07-21,oM-LaSVYYnA,2025-07-09T00:49:58Z,63,0,0,0,2,10,52.349999999999994
2026-07-21,Yrg3cZU7eJw,2025-07-08T12:20:58Z,233,2,0,0,17,13,79.16
2026-07-21,e7dQ9yvJzZY,2025-07-08T00:48:19Z,89,1,0,0,3,11,49.76
2026-07-21,QGLkukuFr9E,2025-07-07T12:21:02Z,59,0,0,0,2,8,40.58
2026-07-21,ww9LNzzWEnw,2025-07-07T00:53:34Z,50,0,0,0,1,8,29.99
2026-07-21,42IXNsa6d9s,2025-07-06T12:19:21Z,21,0,0,0,1,15,63.56
2026-07-21,JXJySqBADHM,2025-07-06T00:54:22Z,170,0,0,0,5,11,49.86
2026-07-21,zYZkNuHz-yU,2025-07-05T12:18:26Z,27,0,0,0,0,6,27.97
2026-07-21,E0ZN8wJS83Q,2025-07-04T14:52:05Z,64,0,0,0,3,23,94.8
2026-07-21,L_EL5f08i14,2025-07-04T00:48:22Z,100,0,0,0,3,10,46.8
2026-07-21,P5jIY_NCDO8,2025-07-03T12:20:17Z,41,1,0,0,0,7,32.17
2026-07-21,qoOse_duoqg,2025-07-03T00:49:50Z,34,0,0,0,1,10,31.679999999999996
2026-07-21,gMgf71gWSns,2025-07-02T12:20:19Z,43,0,0,0,1,12,56.25
2026-07-21,y6wq_o7vRLQ,2025-07-02T00:47:48Z,58,0,0,0,2,14,62.25000000000001
2026-07-21,gFmJwB7Ae1U,2025-07-01T12:21:07Z,31,0,0,0,0,6,26.52
2026-07-21,iR0ftXc_P6U,2025-07-01T00:57:14Z,236,1,0,0,12,18,72.61
2026-07-21,KIFT3RS-1jo,2025-06-30T12:21:59Z,88,0,0,0,3,12,47.15
2026-07-21,NX6cYcB8-B8,2025-06-30T00:52:39Z,68,1,0,0,2,16,64.75
2026-07-21,qJGTEw8iezU,2025-06-29T12:18:28Z,0,0,0,0,0,0,0
2026-07-21,9j4PZqjGolc,2025-06-29T00:56:34Z,52,0,0,0,1,10,36.27
2026-07-21,l6qVlMe-Z0Q,2025-06-28T12:19:40Z,91,0,0,0,5,15,55.91
2026-07-21,xdzaCKsaYVc,2025-06-28T00:47:46Z,64,0,0,0,2,16,54.64
2026-07-21,2HDA7p1cXq4,2025-06-27T12:21:30Z,46,0,0,0,1,6,21.23
2026-07-21,qzBLxTShQfg,2025-06-27T00:49:17Z,56,0,0,0,2,10,37.29
2026-07-21,o-D6D8NGp1c,2025-06-26T12:20:39Z,178,0,0,1,8,13,72.29
2026-07-21,kCVxPz88TPM,2025-06-26T00:48:31Z,79,1,0,0,3,11,42.07
2026-07-21,PUX24gEV630,2025-06-25T12:20:55Z,46,0,0,0,1,13,65.63
2026-07-21,o-6Buts0ygQ,2025-06-25T00:49:43Z,100,0,0,0,5,22,82.92
2026-07-21,FeI7PXDWAmw,2025-06-24T12:21:56Z,1,0,0,0,0,0,0
2026-07-21,t9dFnLh-wyc,2025-06-24T00:49:31Z,9,0,0,0,0,11,47.89
2026-07-21,GWn867yxYzY,2025-06-23T12:23:46Z,65,0,0,0,2,9,25.72
2026-07-21,DhDhiMwW4DM,2025-06-23T00:53:12Z,54,0,0,0,1,8,31.069999999999997
2026-07-21,Ls4D1v80ALc,2025-06-22T12:18:30Z,67,1,0,0,3,13,47.58
2026-07-21,RrHNCA462xE,2025-06-22T00:53:39Z,82,0,0,0,4,15,81.09
2026-07-21,myCAcQ2_K2k,2025-06-21T12:19:28Z,105,0,0,0,4,14,56.32
2026-07-21,lx6VPZry0ZI,2025-06-21T00:47:14Z,110,1,0,0,3,12,44.1
2026-07-21,G8m1ZRzRIfU,2025-06-20T12:22:06Z,43,0,0,0,2,17,50.63999999999999
2026-07-21,nVYVBPt0Lcw,2025-06-20T00:48:16Z,37,0,0,0,1,9,36.34
2026-07-21,zOKKSAcOFK4,2025-06-19T12:21:02Z,63,0,0,0,3,14,67.43
2026-07-21,bTegbNmSRi4,2025-06-19T00:47:39Z,52,0,0,0,1,8,38.11
2026-07-21,9cv0AGU3f7Y,2025-06-18T12:19:49Z,208,0,0,0,7,11,66.78
2026-07-21,Hio5eRT3P2Y,2025-06-18T00:48:20Z,162,0,0,0,10,15,82.89
2026-07-21,A7yOEADsfLA,2025-06-17T12:20:38Z,87,1,0,0,4,12,70.3
2026-07-21,Q110khFMHL0,2025-06-17T00:47:59Z,71,0,0,0,3,15,79.17
2026-07-21,2h5-mJgktc0,2025-06-16T12:20:45Z,155,0,0,0,6,10,49.91
2026-07-21,qC6aiQLMTX0,2025-06-16T00:50:56Z,47,0,0,0,1,9,34.84
2026-07-21,bjNe7kxRpNk,2025-06-15T12:17:23Z,228,0,0,0,6,9,56.98
2026-07-21,mfh4EENwNF0,2025-06-15T00:55:56Z,176,0,0,0,9,13,47.49
2026-07-21,cvcwwkidXUs,2025-06-14T12:18:35Z,158,0,0,0,6,10,65.31
2026-07-21,WMoc4BUxR7Y,2025-06-14T00:46:37Z,160,1,0,0,8,15,58.540000000000006
2026-07-21,VcSN_Q6tN_w,2025-06-13T12:20:42Z,2,0,0,0,0,0,0
2026-07-21,M9CTXlrO6Hs,2025-06-13T03:51:00Z,135,0,0,0,6,13,60.35
2026-07-21,zK8iBDmYMKA,2025-06-12T12:19:47Z,58,0,0,0,1,7,36.72
2026-07-21,q4XHnjjH9dI,2025-06-12T00:46:46Z,125,0,0,0,4,9,49.65
2026-07-21,dO9QLnnbkW0,2025-06-11T12:20:34Z,76,1,0,0,2,18,78.7
2026-07-21,4JGOMKkIEKI,2025-06-11T00:48:33Z,335,0,0,0,13,13,54.40999999999999
2026-07-21,YTHY2PLYiLY,2025-06-10T12:21:46Z,164,0,1,0,11,20,71.27
2026-07-21,PIYhdRillDg,2025-06-10T00:47:33Z,128,0,0,0,6,16,87.51
2026-07-21,rg0_VgiF3b4,2025-06-09T12:21:30Z,82,0,0,0,3,9,30.130000000000003
2026-07-21,TBaj-KzYc1w,2025-06-09T00:52:08Z,105,0,0,0,5,14,56.3
2026-07-21,pPM8iPJTp_4,2025-06-08T12:22:47Z,4,0,0,0,0,11,42.67
2026-07-21,dEAFsKkgfus,2025-06-08T00:53:02Z,83,0,0,0,3,13,75.2
2026-07-21,bA2Rh8Oe2us,2025-06-07T12:18:17Z,72,0,0,0,2,9,45.5
2026-07-21,Xpk_pToAUSE,2025-06-07T00:47:32Z,52,0,0,0,1,10,49.23
2026-07-21,cqtb3jL81es,2025-06-06T12:20:44Z,70,0,0,0,2,11,46.02
2026-07-21,9LA1iCEEaEU,2025-06-06T00:48:12Z,294,0,0,0,12,11,45.09
2026-07-21,PCy9dpRZ0CA,2025-06-05T16:39:18Z,141,0,0,0,3,9,32.51
2026-07-21,9AZa6pvcq_g,2025-06-05T12:22:21Z,2,0,0,0,0,28,102.4
2026-07-21,HNa-g80gjCY,2025-06-05T00:47:13Z,309,0,0,0,11,10,62.24000000000001
2026-07-21,zaXzhb7zM7c,2025-06-04T12:20:18Z,126,0,0,0,6,15,66.18
2026-07-21,bsCmWKVvCCI,2025-06-04T00:48:29Z,59,0,0,0,2,18,63.190000000000005
2026-07-21,vzEQ52cEtGI,2025-06-03T12:20:25Z,78,0,0,0,4,14,55.92
2026-07-21,r_aMwKtTZS4,2025-06-03T00:48:20Z,42,0,0,0,1,10,41.6
2026-07-21,HGmiusWhzcM,2025-06-02T12:20:07Z,185,0,0,0,8,12,71.3
2026-07-21,jWw6qlFWawc,2025-06-02T00:49:38Z,334,0,0,0,12,13,64.46
2026-07-21,xfSLuWxTnWQ,2025-06-01T12:19:16Z,117,0,0,0,5,12,60.22
2026-07-21,UsQLO2UBPdI,2025-06-01T00:59:20Z,72,0,0,0,2,9,31.97
2026-07-21,t2V2iI_HdvY,2025-05-31T12:17:47Z,82,0,0,0,2,8,47.07
2026-07-21,Sx_pHwLn43g,2025-05-31T01:32:46Z,87,0,0,0,2,8,46.19
2026-07-21,Pp4fV1ZhBNs,2025-05-30T12:19:48Z,206,0,0,0,17,12,63.6
2026-07-21,c9gpgxcSUmw,2025-05-30T00:46:50Z,5,0,0,0,1,16,72.14
2026-07-21,RZeaNeLIj5c,2025-05-29T12:19:40Z,61,0,0,0,2,14,61.529999999999994
2026-07-21,u7KfW248d0U,2025-05-29T00:47:56Z,71,1,0,0,1,6,36.26
2026-07-21,MSXJYvEJxd4,2025-05-28T18:51:21Z,11,0,0,0,1,14,87.82
2026-07-21,4GOkf4Y8hLk,2025-05-28T12:20:24Z,44,0,0,0,1,11,46.39
2026-07-21,j6nPLmSAPhc,2025-05-28T00:47:43Z,50,0,0,0,2,17,85.08
2026-07-21,wAYHiCNZRas,2025-05-27T12:20:27Z,93,1,0,0,4,11,43.65
2026-07-21,H5d6AZyg010,2025-05-27T00:45:45Z,179,0,0,0,6,10,68.28
2026-07-21,CAaa6S7pGns,2025-05-26T12:20:12Z,118,0,0,0,4,12,48.51
2026-07-21,yOx0Zjc4MW8,2025-05-26T00:49:08Z,200,2,0,0,13,15,66.14
2026-07-21,wRcGYiRZ4Nk,2025-05-25T12:18:07Z,257,0,0,0,15,14,85.15
2026-07-21,qswT6Ib-wT0,2025-05-25T00:53:24Z,140,0,0,0,5,10,38.39
2026-07-21,TRkwxs18Mz0,2025-05-24T12:19:33Z,96,0,0,0,5,16,50.72
2026-07-21,It9_smZPUHQ,2025-05-24T00:45:36Z,127,0,0,0,5,11,51.35000000000001
2026-07-21,GN0grBkYcZM,2025-05-23T17:33:30Z,91,1,0,0,5,22,81.61
2026-07-21,mL15th4eX-Y,2025-05-23T00:46:14Z,66,0,0,0,2,12,58.72999999999999
2026-07-21,DYgVmkj41kI,2025-05-22T12:20:39Z,70,0,0,0,3,15,69.19
2026-07-21,jbeOx8GjweU,2025-05-22T00:46:51Z,29,0,0,0,0,8,43.17
2026-07-21,FrPl6vsB6eU,2025-05-21T12:19:21Z,240,0,0,0,11,12,65.75
2026-07-21,fusoLfprni4,2025-05-21T00:46:43Z,87,0,0,0,3,9,64.15
2026-07-21,ctfPWK63xTw,2025-05-20T12:21:54Z,63,0,0,0,3,16,66.71
2026-07-21,koXY8jim-jM,2025-05-20T00:47:19Z,91,0,0,0,4,12,51.99
2026-07-21,phs6XlqZhC0,2025-05-19T12:22:22Z,117,0,0,0,3,10,34.92
2026-07-21,IFyfqe1rlMk,2025-05-19T00:48:48Z,91,0,0,0,3,10,64.84
2026-07-21,dPWfCjrsoos,2025-05-18T12:19:04Z,125,1,0,0,5,10,45.11
2026-07-21,RMX1GoAmPKc,2025-05-18T00:50:22Z,88,0,0,0,4,11,60.53999999999999
2026-07-21,ZnBMPMXKo58,2025-05-17T12:19:06Z,56,0,0,0,2,19,74.53
2026-07-21,68TQHx52cCY,2025-05-17T00:44:39Z,0,0,0,0,0,0,0
2026-07-21,VvNeswdrLTI,2025-05-16T12:20:14Z,121,0,0,0,8,23,101.05999999999999
2026-07-21,Xxokvejej1E,2025-05-16T00:47:27Z,178,0,0,0,4,7,38.51
2026-07-21,2t2fxmJbGB0,2025-05-15T12:20:58Z,117,0,0,0,4,9,37.76
2026-07-21,UmC_v0_WE80,2025-05-15T00:44:49Z,51,0,0,0,1,14,72.59
2026-07-21,vlc3XNhFDPw,2025-05-14T12:20:22Z,41,0,0,0,0,15,46.97
2026-07-21,Ej7Dr-jsd-c,2025-05-14T00:46:55Z,46,0,0,0,4,20,81.46
2026-07-21,sRYLe_NG6DI,2025-05-13T12:20:11Z,65,0,0,0,3,23,113.98000000000002
2026-07-21,WkahoEceybs,2025-05-13T00:45:58Z,30,0,0,0,0,4,23.68
2026-07-21,ilM07_lXaBM,2025-05-12T12:24:14Z,94,0,0,0,4,12,78.4
2026-07-21,EecjxHYz0ps,2025-05-12T00:48:11Z,112,0,0,0,6,24,114.62
2026-07-21,7y3o1y5Tu6s,2025-05-11T12:18:04Z,264,1,0,0,11,11,65.62
2026-07-21,NjGtESoHmUc,2025-05-11T00:48:57Z,79,0,0,0,2,13,68.86
2026-07-21,zx5DM9ukBF4,2025-05-10T12:18:50Z,190,1,0,0,7,18,68.17
2026-07-21,XM-IhwOVvCI,2025-05-10T00:43:46Z,307,0,0,0,11,17,73.17
2026-07-21,8pTTszih3v4,2025-05-09T12:18:41Z,172,0,0,0,5,15,70.95
2026-07-21,eTDyTZ5JnEs,2025-05-09T00:45:59Z,37,0,0,0,0,5,27.11
2026-07-21,EuYCO8aNOPM,2025-05-08T12:19:56Z,53,0,0,0,1,9,34.96
2026-07-21,TSzeDjpjmpE,2025-05-08T00:46:54Z,67,0,1,0,3,18,66.21
2026-07-21,NcVWi1QmIKk,2025-05-07T12:25:32Z,67,0,0,0,1,15,66
2026-07-21,fnP_PnYebjc,2025-05-07T00:47:00Z,200,0,0,0,8,13,59.14
2026-07-21,t96sT3Qq-FU,2025-05-06T12:24:10Z,80,0,0,0,7,61,227.02
2026-07-21,nSNc4Hb3Zgc,2025-05-06T00:46:35Z,40,0,0,0,0,0,0
2026-07-21,espwjgXy838,2025-05-05T12:20:42Z,52,0,0,0,1,13,53.33
2026-07-21,LOCLJ2Sf3aA,2025-05-05T04:45:43Z,52,0,0,0,1,8,31.069999999999997
2026-07-21,hUkDHR8W8BI,2025-05-04T12:17:45Z,88,0,0,0,45,242,1349.02
2026-07-21,C1d2SYSeaG4,2025-05-04T00:51:37Z,77,1,0,0,2,7,30.44
2026-07-21,235BKRdgpFk,2025-05-03T12:19:16Z,40,0,0,0,1,14,52.89
2026-07-21,-bC8O8QlJgA,2025-05-03T00:43:53Z,225,0,0,0,7,9,43.19
2026-07-21,MDp6r2HuNI8,2025-05-02T12:18:04Z,61,0,0,0,1,19,138.57
2026-07-21,xye9xWprlN8,2025-05-02T00:45:07Z,144,0,0,0,4,9,45.96
2026-07-21,EBBJl9x16o4,2025-05-01T12:18:05Z,85,0,0,0,2,7,43.26
2026-07-21,88yWwTHRxuM,2025-05-01T00:52:04Z,64,0,0,0,2,15,45.47
2026-07-21,03pUihkjQSQ,2025-04-30T12:24:53Z,53,0,0,0,1,8,30.42
2026-07-21,gTvEHz8oUck,2025-04-30T00:44:56Z,61,1,0,0,1,11,63.39
2026-07-21,P8m2FRee-Hs,2025-04-29T12:21:40Z,44,0,0,0,3,17,64.1
2026-07-21,JfSbOr27Kk0,2025-04-29T00:45:24Z,39,0,0,0,0,5,19.24
2026-07-21,4Jr_2QZcyrw,2025-04-28T12:18:58Z,67,0,0,0,1,13,65.41
2026-07-21,Wjr65y4hM1I,2025-04-28T00:45:52Z,154,0,0,0,6,11,79.23
2026-07-21,lUFplL1LBm0,2025-04-27T14:49:02Z,36,0,0,0,0,12,54.29999999999999
2026-07-21,GgOzyu_INak,2025-04-27T00:47:33Z,52,0,0,0,3,40,201.66999999999996
2026-07-21,4MJnNsvo53w,2025-04-26T12:17:53Z,165,0,0,0,5,10,53.92
2026-07-21,4aNpi2uLm4w,2025-04-26T00:44:18Z,76,0,0,0,14,63,234.56
2026-07-21,1gKSlD9axkw,2025-04-25T12:19:43Z,78,0,0,0,3,12,39.19
2026-07-21,5g2ZJyQ--Dc,2025-04-25T00:46:17Z,68,0,0,0,2,9,36.62
2026-07-21,dUZwxBwl_mo,2025-04-24T12:20:22Z,69,0,0,0,2,12,40.26
2026-07-21,xvqqvyp6XYw,2025-04-24T00:44:52Z,71,0,0,0,2,14,54.92
2026-07-21,ofnLcJI_STU,2025-04-23T12:19:57Z,55,0,0,0,2,31,112.42000000000002
2026-07-21,0_hnbylTTBg,2025-04-23T00:45:24Z,153,1,0,0,7,10,65.23
2026-07-21,sr2V6XXheAs,2025-04-22T12:18:44Z,56,0,0,0,3,19,86.4
2026-07-21,GjDII9Fkrqk,2025-04-22T00:44:56Z,74,0,0,0,5,26,105.76
2026-07-21,FYOfw1Zz_Yw,2025-04-21T12:20:31Z,88,1,0,0,4,22,74.7
2026-07-21,ZVHhWsZAEUM,2025-04-21T00:48:25Z,71,0,0,0,3,22,92.88
2026-07-21,epOHwc8AkZw,2025-04-20T12:18:28Z,102,2,0,0,5,16,64.02
2026-07-21,LbiHcD1PyjM,2025-04-20T06:27:20Z,77,0,0,0,2,13,59.75
2026-07-21,KyiYdze_V-g,2025-04-20T00:47:33Z,69,1,0,0,1,7,36.86
2026-07-21,iP1DR_4yBDU,2025-04-19T12:17:41Z,44,0,0,0,0,8,38.67
2026-07-21,oCmJ_bk3BvM,2025-04-19T00:44:37Z,90,0,0,0,4,15,36.31
2026-07-21,dqnzyOGZ3aI,2025-04-18T12:18:52Z,89,0,0,0,5,20,67.86
2026-07-21,DzUDd9GV8v8,2025-04-18T00:44:31Z,102,0,0,0,2,7,23.8
2026-07-21,6Tbs7lNSTQU,2025-04-17T12:19:31Z,52,1,0,0,3,18,75.55
2026-07-21,0XQnsZrXjn4,2025-04-17T00:42:48Z,36,0,1,0,1,13,105.49
2026-07-21,-P85g9OoT74,2025-04-16T12:19:16Z,189,0,0,0,8,16,61.3
2026-07-21,Yt1uSAQaXz8,2025-04-16T00:45:27Z,47,0,0,0,1,7,29.43
2026-07-21,AUabED30hEw,2025-04-15T15:12:51Z,95,0,0,0,4,12,37.17
2026-07-21,c2_M9MunhjI,2025-04-15T00:47:34Z,79,0,0,0,4,16,35.79
2026-07-21,shu7C6IkoWE,2025-04-14T12:18:22Z,115,0,0,0,5,14,80.84
2026-07-21,1dvZOni6DHo,2025-04-14T00:47:55Z,53,0,0,0,3,16,70.62
2026-07-21,FD5O6wmAudE,2025-04-13T12:18:51Z,83,0,0,0,3,15,47.48
2026-07-21,DPqoAO4lVsw,2025-04-13T02:11:46Z,131,0,0,0,7,14,53.010000000000005
2026-07-21,W8WYIm7c8sE,2025-04-12T12:15:49Z,79,0,0,0,4,15,84.77
2026-07-21,whyud5rF_Xk,2025-04-12T00:44:17Z,137,0,0,0,8,17,53.49
2026-07-21,upeH7p3lYTw,2025-04-11T12:18:52Z,144,0,0,0,7,20,90.99
2026-07-21,zBSSuDCgEg4,2025-04-11T00:45:44Z,60,0,0,0,4,21,72.99
2026-07-21,Jg2B9SPLvTI,2025-04-10T12:20:39Z,45,0,0,0,1,8,21.13
2026-07-21,laUk3okt-Nk,2025-04-10T00:44:23Z,70,0,0,0,3,26,84.14
2026-07-21,_7TFxr97JVQ,2025-04-09T12:19:29Z,45,0,0,0,5,24,83.52
2026-07-21,iR2C0mR60zs,2025-04-09T00:43:22Z,3,0,0,0,0,12,54.56999999999999
2026-07-21,XVyWWogVGdU,2025-04-08T12:18:39Z,61,0,0,0,2,11,55.50000000000001
2026-07-21,YjVpTGo3Q00,2025-04-08T01:17:43Z,72,0,0,0,4,13,46.06
2026-07-21,aVVeiPPLQdE,2025-04-07T12:19:05Z,39,0,0,0,0,5,23.69
2026-07-21,jvEdORakdUc,2025-04-07T00:46:41Z,93,0,0,0,4,12,46.05
2026-07-21,HyV_GfBmgmE,2025-04-06T16:39:59Z,0,0,0,0,0,0,0
2026-07-21,RJmlh-AheTQ,2025-04-06T12:16:35Z,47,0,0,0,8,94,448.36
2026-07-21,tU3rSMeXUuw,2025-04-06T00:47:58Z,51,0,0,0,2,18,54.14
2026-07-21,0sUXYOFYnUg,2025-04-05T16:50:37Z,50,0,0,0,2,11,49.97
2026-07-21,aFvQ5cF82JE,2025-04-05T00:42:56Z,40,1,0,0,1,11,41.35
2026-07-21,A4eccA916zo,2025-04-04T12:19:08Z,55,0,0,0,2,9,30.25
2026-07-21,l3_-NCoPohk,2025-04-04T00:44:25Z,49,0,0,0,1,14,54.010000000000005
2026-07-21,3u9WuhDUNtU,2025-04-03T12:19:19Z,37,0,0,0,0,5,18.52
2026-07-21,PqY6Q-C59bQ,2025-04-03T00:42:36Z,135,0,0,0,7,14,79.14
2026-07-21,aEIVU5PDM_Y,2025-04-02T12:19:24Z,72,0,0,0,2,9,35.62
2026-07-21,O9Dvzofzg4A,2025-04-02T00:45:42Z,177,1,0,0,5,11,30.79
2026-07-21,5fRSI_n5JIw,2025-04-01T12:20:46Z,0,0,0,0,0,0,0
2026-07-21,es5FZakBJhA,2025-04-01T00:50:23Z,77,0,0,0,2,8,29.65
2026-07-21,SHgrwzAXJ18,2025-03-31T14:37:48Z,190,0,0,0,9,11,48.85
2026-07-21,wWFiiMJS3aU,2025-03-31T00:45:30Z,33,1,0,0,6,12,75.88
2026-07-21,obRxtdwnJ4E,2025-03-30T12:18:17Z,39,1,0,0,3,9,37.6
2026-07-21,YNErPIYQaiQ,2025-03-30T00:47:15Z,34,0,0,0,4,10,44.34
2026-07-21,W3TZDvxUtd4,2025-03-29T12:17:47Z,12,0,0,0,3,18,52.57000000000001
2026-07-21,Zvspd5LwwKM,2025-03-29T00:43:48Z,7,0,0,0,1,13,37.83
2026-07-21,c1a4TlA0NLg,2025-03-28T12:17:12Z,5,0,0,0,0,8,61.84
2026-07-21,l34VAYFZkZI,2025-03-28T00:42:03Z,19,1,0,0,14,48,300.99
2026-07-21,N3Xhdj3gjF8,2025-03-27T12:21:00Z,19,1,0,0,3,12,56.779999999999994
2026-07-21,EDJVbBzyH88,2025-03-27T00:44:23Z,9,0,0,0,1,13,36.43
2026-07-21,mPXaXEg1RNI,2025-03-26T12:19:23Z,18,0,0,0,2,12,38.96
2026-07-21,O8SgQs2gb5s,2025-03-26T00:43:10Z,18,0,0,0,4,20,87.14
2026-07-21,D9XjF9gEgxw,2025-03-25T12:17:49Z,18,1,0,0,3,12,74.99
2026-07-21,QdKqBGyFeoI,2025-03-25T00:44:34Z,41,0,0,0,9,17,65.26
2026-07-21,Q1Mik5ASShA,2025-03-24T12:19:28Z,5,0,0,0,1,13,54.89000000000001
2026-07-21,tYB89tYADjM,2025-03-24T02:13:38Z,20,0,0,0,2,8,32.69
2026-07-21,pHF0EHiEsNg,2025-03-24T02:05:55Z,0,0,0,0,0,0,0
2026-07-21,eRClnS1LCCs,2025-03-23T01:56:16Z,14,0,0,0,2,15,71.72
2026-07-21,Ae6nHDU2LJw,2025-03-22T01:47:52Z,18,0,0,0,2,9,38.59
2026-07-21,wtfz55vyKnM,2025-03-21T01:53:13Z,5,0,0,0,1,16,50.55
2026-07-21,o6BlyEGFy3g,2025-03-20T01:49:15Z,2,0,0,0,0,21,84.44
2026-07-21,QjyB8oU6W28,2025-03-19T01:49:08Z,26,0,0,0,27,65,437
2026-07-21,ELm9sCQzEqY,2025-03-18T01:49:29Z,85,5,0,0,23,17,92.63
2026-07-21,vA_wqVo8ybM,2025-03-17T01:53:20Z,20,0,0,0,5,16,58.07
2026-07-21,kpP9o40QSCE,2025-03-16T15:06:00Z,20,2,0,0,4,13,45.09
2026-07-21,xuI7r8KmQC4,2025-03-15T01:46:33Z,11,0,0,0,1,9,46.8
2026-07-21,tJhCCUKC0b0,2025-03-14T01:47:07Z,11,2,0,0,1,9,45.99
2026-07-21,qBEWNVNlghs,2025-03-13T01:51:02Z,14,0,0,0,3,15,44.32
2026-07-21,4SVv53Ae1KE,2025-03-12T01:48:34Z,8,0,0,0,2,17,56.36
2026-07-21,e0cu6XoXXfY,2025-03-11T01:48:35Z,13,0,0,0,1,9,43.37
2026-07-21,WKwqH0_m7Zo,2025-03-10T17:25:22Z,16,0,0,0,2,13,44.15
2026-07-21,xf9viwThsqg,2025-03-10T01:26:07Z,1,0,0,0,0,0,0
2026-07-21,YbFbt3l-xJc,2025-03-09T01:28:22Z,0,0,0,0,0,0,0
2026-07-21,FxkfLtwKcNE,2025-03-08T20:05:09Z,3,2,0,0,0,24,202.03000000000003
2026-07-21,nLl8OoD-iCM,2025-03-08T19:58:02Z,0,0,0,0,0,0,0
2026-07-21,R0QpJvYe3ws,2025-03-08T19:35:07Z,2,1,0,0,0,18,156.44
2026-07-21,QVX-jvxkoLk,2025-03-08T19:19:02Z,0,0,0,0,0,0,0
2026-07-21,4bCG6ewJmNM,2025-03-08T17:07:15Z,2,1,0,0,0,23,65.72
2026-07-21,HJrfyL_-TXg,2025-03-08T16:51:39Z,1,0,0,0,1,76,218.67999999999998
2026-07-21,h3dcmdIDRM4,2025-03-08T01:21:07Z,0,0,0,0,0,0,0
2026-07-21,fZUa99cHfg0,2025-03-07T18:57:40Z,3,0,0,0,0,7,29.39
2026-07-21,ZV_88UU4x5o,2025-03-06T01:46:56Z,0,0,0,0,0,0,0
2026-07-21,AfhxAw2OO7Q,2025-03-05T01:48:35Z,3,0,0,0,0,8,26.85
2026-07-21,gxpql54tZ1E,2025-03-04T01:48:48Z,0,0,0,0,0,0,0
2026-07-21,QefM0oQMg3I,2025-03-03T01:49:53Z,3,0,0,0,0,12,47.04
2026-07-21,xtMA94JSxz0,2025-03-02T01:51:49Z,0,0,0,0,0,0,0
2026-07-21,yl-gQb5ghw0,2025-03-01T01:54:05Z,3,0,0,0,0,38,98.46
2026-07-21,XG0sXawBMFg,2025-02-28T01:47:51Z,1,0,0,0,0,0,0
2026-07-21,quGd2PQgO5Q,2025-02-27T16:56:20Z,0,0,0,0,0,0,0
2026-07-21,Z-xAjlSj9e4,2025-02-26T01:45:58Z,2,1,0,0,0,29,115.35
2026-07-21,sPxxvTx-T2A,2025-02-25T01:47:16Z,1,1,0,0,0,32,105.15999999999998
2026-07-21,8Ll9pxYdKcs,2025-02-24T01:48:07Z,2,0,0,0,0,11,44.07
2026-07-21,sFi-7B8vS-0,2025-02-23T01:50:09Z,3,0,0,0,0,0,0
2026-07-21,xN95DMjGp0U,2025-02-22T01:41:15Z,2,0,0,0,0,39,162.6
2026-07-21,ZK9LzMSYw-Q,2025-02-21T01:44:57Z,4,0,0,0,0,19,71.48
2026-07-21,zogEMDmfX3c,2025-02-20T01:45:19Z,0,0,0,0,0,0,0
2026-07-21,7_1OlSt7XpU,2025-02-19T03:06:18Z,1,1,0,0,0,27,104.97000000000001
2026-07-21,X6EakGRwYn8,2025-02-18T01:42:59Z,1,0,0,0,0,2,13.18
2026-07-21,rzpvm64KO8o,2025-02-17T01:46:34Z,2,0,0,0,0,0,0
2026-07-21,kNabXfqCMDs,2025-02-16T01:50:44Z,2,0,0,0,0,23,78.33
2026-07-21,V6RSbR44l84,2025-02-15T01:41:33Z,0,0,0,0,0,0,0
2026-07-21,8qctDdJ2VkY,2025-02-14T01:44:57Z,4,0,0,0,0,0,0
2026-07-21,21PzViV1IWM,2025-02-13T01:44:49Z,1,0,0,0,0,34,107.61
2026-07-21,eevzllGqXfg,2025-02-12T01:43:02Z,3,1,0,0,0,22,102.63
2026-07-21,T6VpJaGx-A0,2025-02-11T05:51:11Z,5,0,0,0,1,35,127.38000000000001
2026-07-21,ovy8uhzNckE,2025-02-10T01:45:11Z,0,0,0,0,0,0,0
2026-07-21,YwhqUzLuRMQ,2025-02-09T01:48:20Z,2,0,0,0,0,23,77.82
2026-07-21,CEJDCWfXUZI,2025-02-08T01:39:39Z,3,1,0,0,0,16,84.4
2026-07-21,-bMBiVm0myo,2025-02-07T20:23:53Z,1,0,0,0,0,18,96.64
2026-07-21,WsgDaaSrk3U,2025-02-07T01:44:07Z,1,1,0,0,0,34,111.48
2026-07-21,KCMfOKwANH4,2025-02-06T01:44:49Z,18,6,0,1,4,15,60.27
2026-07-21,Lat74n78zMs,2025-02-05T01:43:04Z,0,0,0,0,0,0,0
2026-07-21,XuCNkec8SX4,2025-02-04T16:34:05Z,19,0,0,0,3,15,81.07
2026-07-21,xQ6CrXPJM5k,2025-02-03T23:26:48Z,2,0,0,0,0,13,51.06
2026-07-21,CdEcz1EAAOg,2025-02-03T23:18:09Z,1,0,0,0,0,22,92.58
2026-07-21,mRiHLfwksz4,2025-02-02T01:46:41Z,2,1,0,0,0,35,99.99
2026-07-21,2qfxXpvdrfk,2025-02-01T01:45:34Z,13,1,0,0,1,16,86.26
2026-07-21,LoWEWRS8uGQ,2025-01-31T01:41:37Z,2,1,0,0,0,24,106.61
2026-07-21,PaaDR3GUNxs,2025-01-30T01:39:17Z,3,1,0,0,0,17,101.64999999999999
2026-07-21,V5c-0tFaJXQ,2025-01-29T01:41:39Z,15,1,0,0,2,15,56.43
2026-07-21,ArOTPV66jAs,2025-01-28T01:40:23Z,2,1,0,0,0,18,95.74
2026-07-21,W6lSWIUXEvk,2025-01-27T01:45:14Z,2,1,0,0,1,71,205.42
2026-07-21,X3voezK8ckw,2025-01-26T23:28:59Z,0,0,0,0,0,0,0
2026-07-21,eRXthPAIScE,2025-01-26T23:19:24Z,1,0,0,0,0,9,70.92
2026-07-21,P8lXctHCMgw,2025-01-25T01:30:54Z,1,0,0,0,0,5,23.58
2026-07-21,Ss39SHWOyfI,2025-01-24T19:08:25Z,0,0,0,0,0,0,0
2026-07-21,mmUNb228ljY,2025-01-22T01:44:25Z,5,0,0,0,1,22,68.39
2026-07-21,zM98d8n98hQ,2025-01-21T01:42:10Z,7,0,0,0,2,23,71.92
2026-07-21,WgdXHLit4_E,2025-01-20T01:44:16Z,2,0,0,0,0,24,68.72
2026-07-21,mcLeYiPBWWE,2025-01-19T01:47:13Z,0,0,0,0,0,0,0
2026-07-21,KghSUgPGjzU,2025-01-18T20:13:50Z,9,2,0,0,2,16,63.2
2026-07-21,hihRQIoVgiI,2025-01-18T20:04:27Z,0,0,0,0,0,0,0
2026-07-21,cZIPJo_zzTs,2025-01-18T18:17:46Z,3,0,0,0,0,10,40.05
2026-07-21,VvjWCkEjBLY,2025-01-18T18:04:26Z,1,0,0,0,0,27,107.07
2026-07-27,VDH3pSafyE0,2026-07-27T04:10:19Z,0,0,0,0,0,0,0
2026-07-27,LdJdsu09-rI,2026-07-26T14:04:59Z,0,0,0,0,0,0,0
2026-07-27,Gc7kRCXGyRI,2026-07-26T04:03:23Z,0,0,0,0,0,0,0
2026-07-27,fwFDh05XuFg,2026-07-25T14:09:22Z,0,0,0,0,0,0,0
2026-07-27,MVY7DpO8COU,2026-07-24T13:13:08Z,90,2,0,0,6,10,63.63999999999999
2026-07-27,jNo2UcuZHFY,2026-07-24T01:21:57Z,62,2,0,0,5,11,73.69
2026-07-27,oo1YCKBqTQ4,2026-07-23T13:19:34Z,26,0,0,0,1,10,63.3
2026-07-27,FmVS87wYWu8,2026-07-23T01:25:47Z,45,0,0,0,3,7,42.47
2026-07-27,21k3HatOeII,2026-07-22T13:16:25Z,71,0,0,0,2,8,55.27000000000001
2026-07-27,Tti7RzkcUoA,2026-07-22T01:18:14Z,318,2,0,0,24,9,61.8
2026-07-27,8YZVI-fcKDU,2026-07-21T13:11:45Z,41,0,0,0,2,9,35.35
2026-07-27,_JNq0AyEnIY,2026-07-21T01:19:41Z,324,3,0,0,21,8,45.53
2026-07-27,rgiHxOEvqoU,2026-07-20T13:46:52Z,671,9,3,0,70,11,54.09
2026-07-27,rDEBC9ESVAQ,2026-07-20T04:07:41Z,57,1,0,0,3,8,36.66
2026-07-27,zUDgKKXJBgM,2026-07-20T01:23:48Z,50,0,0,0,5,13,62.07
2026-07-27,ayziXl17m0c,2026-07-19T12:47:15Z,94,0,0,0,12,16,66.51
2026-07-27,ZBzGoyJUCx0,2026-07-19T01:20:36Z,923,6,0,0,79,11,57.10999999999999
2026-07-27,n6qM8iR6ims,2026-07-18T21:13:57Z,210,1,0,0,17,10,54.05
2026-07-27,jDnK5ylnhjQ,2026-07-18T21:09:06Z,0,0,0,0,0,0,0
2026-07-27,WWb1AoRuH7g,2026-07-18T18:16:22Z,42,0,0,0,1,9,52.6
2026-07-27,2cZjkK3o1IA,2026-07-16T13:14:47Z,15,0,0,0,0,5,18.9
2026-07-27,eEEdtpL4cyw,2026-07-16T01:20:26Z,35,0,0,0,1,8,31.91
2026-07-27,qvNzVCzWebk,2026-07-15T13:06:06Z,0,0,0,0,0,0,0
2026-07-27,ZBqPVauue_g,2026-07-15T01:11:22Z,1,0,0,0,0,0,0
2026-07-27,5_21Ne0q-Fs,2026-07-14T13:02:31Z,3,0,0,0,0,0,0
2026-07-27,mObNAez-IlQ,2026-07-14T01:13:27Z,0,0,0,0,0,0,0
2026-07-27,QkgCWIwxD3E,2026-07-13T13:56:47Z,0,0,0,0,0,0,0
2026-07-27,Rydumn0lE94,2026-07-13T01:24:34Z,1,0,0,0,0,0,0
2026-07-27,l9AqGu1uTUQ,2026-07-12T12:49:18Z,0,0,0,0,0,0,0
2026-07-27,DDcvqQy8RnE,2026-07-12T01:22:24Z,20,0,0,0,0,6,32.38
2026-07-27,UsOMmaGyYss,2026-07-11T12:47:47Z,0,0,0,0,0,0,0
2026-07-27,TmbiTORWNpI,2026-07-11T01:20:34Z,2,0,0,0,0,15,84.67
2026-07-27,Wh1uSphGS-g,2026-07-10T13:53:03Z,2,0,0,0,0,0,0
2026-07-27,a1O87cs5n1E,2026-07-10T01:26:39Z,24,0,0,0,2,28,204.97
2026-07-27,1ypGKtEuTV0,2026-07-09T14:27:26Z,42,0,0,0,2,12,36.59
2026-07-27,4TSVJGnrMOU,2026-07-09T01:31:13Z,28,0,0,0,1,9,30.130000000000003
2026-07-27,5w14vR6XgGY,2026-07-08T13:24:59Z,31,0,0,0,1,9,40.91
2026-07-27,o7altf6Nuu0,2026-07-08T01:22:41Z,46,0,0,0,1,8,33.25
2026-07-27,aQfDx8zU8lg,2026-07-07T14:03:13Z,36,0,0,0,1,13,64.78
2026-07-27,K0jUxVx52eA,2026-07-07T01:50:04Z,61,0,0,0,3,14,52.77
2026-07-27,uyAcGze4n-8,2026-07-06T14:52:48Z,36,0,0,0,1,8,42.72
2026-07-27,PiM5eyfzzN4,2026-07-06T01:53:42Z,51,0,0,0,1,15,53.56000000000001
2026-07-27,ZKm3JhPECqY,2026-07-05T13:02:55Z,53,0,0,0,1,5,45.76
2026-07-27,lmTMeDUGDcA,2026-07-05T01:46:55Z,31,0,0,0,0,0,1.92
2026-07-27,PyVjO_ly0X4,2026-07-04T12:56:17Z,75,1,0,0,2,9,41.9
2026-07-27,q8qmHdsO2tE,2026-07-04T01:30:33Z,40,0,0,0,1,14,43.8
2026-07-27,2e7Kv0ygByk,2026-07-03T13:30:36Z,58,0,0,0,2,11,55.95
2026-07-27,m7B-a0gAE-w,2026-07-03T01:31:20Z,84,0,0,0,4,16,64.59
2026-07-27,Ew0DhFnRphc,2026-07-02T13:27:43Z,76,0,0,0,1,7,26.5
2026-07-27,COv968CDkps,2026-07-02T02:00:41Z,28,0,0,0,0,9,41.35
2026-07-27,XN8m2g_KtSU,2026-07-01T14:03:24Z,9,0,0,0,0,0,0
2026-07-27,VLtrJCd8z2U,2026-07-01T02:07:26Z,27,0,0,0,0,18,80.87
2026-07-27,y10BJK79lS0,2026-06-30T13:52:00Z,47,0,0,0,2,50,219.92
2026-07-27,t0RB-eM8FE0,2026-06-30T02:02:00Z,74,0,0,0,5,53,215
2026-07-27,Uy6Am6bGpHo,2026-06-29T15:26:01Z,75,0,0,0,1,11,58.68
2026-07-27,aLBldXz93uI,2026-06-29T02:07:15Z,36,0,0,0,0,0,0
2026-07-27,7tyZTlgVMSE,2026-06-28T13:11:17Z,54,1,0,0,1,12,47.88
2026-07-27,WPGLuU5qiZ4,2026-06-28T02:06:54Z,44,0,0,0,1,31,130.83
2026-07-27,Ow2ZB_F-Mhs,2026-06-27T13:05:26Z,27,0,0,0,0,0,0
2026-07-27,KUsMC7ES9V4,2026-06-27T01:56:51Z,47,0,0,0,1,12,44.14
2026-07-27,UzDEeT_P2BM,2026-06-26T13:57:43Z,30,0,0,0,0,11,42.16
2026-07-27,PHwXbGtrJ9w,2026-06-26T02:03:33Z,115,0,0,0,5,15,55.2
2026-07-27,TfSGBtZyZtw,2026-06-25T13:59:36Z,1,0,0,0,0,0,0
2026-07-27,uLwi4BDdcOY,2026-06-25T02:01:41Z,17,0,0,0,1,15,60.13
2026-07-27,k-oVHVz0yLQ,2026-06-24T14:01:26Z,22,0,0,0,1,10,57.02
2026-07-27,2-VYQaD0K5w,2026-06-24T01:57:02Z,0,0,0,0,0,0,0
2026-07-27,b3fM56tOEZ8,2026-06-23T14:16:14Z,5,0,0,0,0,0,0
2026-07-27,TnIK09MnzMk,2026-06-23T01:58:15Z,26,0,0,0,1,11,58.709999999999994
2026-07-27,7wOS6HW3iJ0,2026-06-22T16:23:58Z,51,0,0,0,1,10,65.99
2026-07-27,THoUiYynamI,2026-06-22T02:51:05Z,40,0,0,0,1,16,76.83
2026-07-27,-1CXUMdWWWc,2026-06-20T13:22:38Z,38,1,0,0,1,10,48.71
2026-07-27,9IYU_ID1nvc,2026-06-20T02:04:39Z,48,0,0,0,1,11,61.04999999999999
2026-07-27,6rQrwPWhAZk,2026-06-19T14:37:42Z,15,0,0,0,1,21,127.69
2026-07-27,AwS-N3wGtIY,2026-06-19T02:43:46Z,45,0,0,0,1,12,39.12
2026-07-27,aep0ZaK_uuE,2026-06-18T14:42:11Z,41,0,0,0,2,15,59.20000000000001
2026-07-27,1XviKdnqqxQ,2026-06-18T02:15:40Z,25,0,0,0,1,10,37.72
2026-07-27,RKpXQF2Cvac,2026-06-17T14:48:19Z,17,0,0,0,1,10,37.74
2026-07-27,PoBImeODvcM,2026-06-17T02:17:14Z,21,0,0,0,0,18,80.5
2026-07-27,58Ln6cOHzWQ,2026-06-16T16:21:13Z,17,0,0,0,0,10,34.64
2026-07-27,IRfpl8J1tyg,2026-06-16T02:32:11Z,0,0,0,0,0,0,0
2026-07-27,OSAxctK1YeQ,2026-06-15T16:51:19Z,16,0,0,0,0,28,143
2026-07-27,WMtdvIuqN78,2026-06-15T02:19:02Z,4,0,0,0,0,26,96.7
2026-07-27,Z_hZZdpQsCU,2026-06-14T13:25:32Z,16,0,0,0,0,7,37.3
2026-07-27,hvtBrQnNDTc,2026-06-14T02:14:04Z,3,0,0,0,0,0,0
2026-07-27,QEvCOl6UYB4,2026-06-13T13:20:43Z,23,0,0,0,1,11,49.24
2026-07-27,TNWEvgtxnws,2026-06-13T02:04:01Z,42,0,0,0,1,13,57.09000000000001
2026-07-27,O3nuyJrtDbI,2026-06-12T14:33:48Z,15,0,0,0,1,16,54.25
2026-07-27,FamOoF1b858,2026-06-12T02:10:07Z,54,0,0,0,2,11,62.46000000000001
2026-07-27,9HUpoJQxuTQ,2026-06-11T15:30:02Z,103,1,1,0,12,24,87.58
2026-07-27,Pa5-pkP2oLo,2026-06-11T02:15:02Z,2,0,0,0,0,22,95.87
2026-07-27,2vuAyeMlSZc,2026-06-10T14:48:29Z,17,0,0,0,0,15,56.86
2026-07-27,EfSnigy5qWs,2026-06-10T02:03:57Z,15,0,0,0,0,6,24.56
2026-07-27,CA54_6wBYU4,2026-06-09T14:17:03Z,8,0,0,0,0,4,18.68
2026-07-27,4F9n4ASSoyo,2026-06-09T01:54:09Z,8,0,0,0,0,37,113.64000000000001
2026-07-27,-nvuU_y_8_E,2026-06-08T15:50:06Z,16,0,0,0,1,15,48.89
2026-07-27,cQ-oMf-_1QQ,2026-06-04T14:29:35Z,2,0,0,0,0,24,104.68000000000002
2026-07-27,rr6nzN5oJ2c,2026-06-04T02:29:58Z,17,0,0,0,0,10,40.06
2026-07-27,QRM6UUMHLmI,2026-06-03T16:12:16Z,50,1,0,0,2,15,69.05
2026-07-27,dJxm8EmuEWA,2026-06-03T02:31:24Z,34,0,0,0,0,10,60.64000000000001
2026-07-27,_3Tyz7MMKfs,2026-06-02T15:54:12Z,1,0,0,0,0,0,0
2026-07-27,cdBTZtGTRLc,2026-06-02T02:14:16Z,79,0,0,0,3,15,62.96000000000001
2026-07-27,aB8JK_oSzsg,2026-06-01T17:12:39Z,20,0,0,0,0,4,18.33
2026-07-27,_CQ21b00USk,2026-06-01T02:13:33Z,37,0,0,0,1,11,49.46
2026-07-27,z0RgE3ICznk,2026-05-31T13:10:15Z,102,0,0,0,1,4,18.85
2026-07-27,zScHM9PLz8I,2026-05-31T02:06:20Z,36,0,0,0,0,8,26.82
2026-07-27,k5zn4acPpUI,2026-05-30T12:59:58Z,30,0,0,0,1,16,73.23
2026-07-27,_-68Vupc72E,2026-05-30T01:53:35Z,38,0,0,0,1,12,45.54
2026-07-27,IEzcuLqB4Hk,2026-05-29T14:35:28Z,38,0,0,0,0,6,27.82
2026-07-27,nE-fK666H-k,2026-05-29T02:09:20Z,32,0,0,0,1,21,73.89
2026-07-27,SQWL2XXURlQ,2026-05-27T14:50:57Z,35,0,0,0,0,8,34.17
2026-07-27,NECLIdtBb8Y,2026-05-27T02:04:03Z,9,0,0,0,0,16,75.76
2026-07-27,Jx5vFFIw3aQ,2026-05-26T14:32:39Z,29,0,0,0,0,13,68.51
2026-07-27,N1Kx1hncTtk,2026-05-26T01:55:43Z,36,0,0,0,2,16,82.01
2026-07-27,O7nWBuiKCMA,2026-05-25T14:30:01Z,46,0,0,0,1,11,51.61
2026-07-27,YOXFrbyZE18,2026-05-25T02:06:02Z,60,0,0,0,2,12,34.88
2026-07-27,5bTXHxmRRrI,2026-05-24T12:56:25Z,38,0,0,0,1,6,32.98
2026-07-27,R5rNaCViup0,2026-05-24T01:58:12Z,11,0,0,0,0,15,60.38
2026-07-27,5hbmKcjQBKo,2026-05-23T12:55:21Z,39,0,0,0,1,8,48.15
2026-07-27,d7lMOez3lo0,2026-05-23T01:51:29Z,41,0,0,0,1,14,64.57
2026-07-27,rDP66Dc87y0,2026-05-22T14:11:36Z,48,0,0,0,1,8,42.23
2026-07-27,eNtTaxr27X4,2026-05-22T02:01:52Z,2,0,0,0,0,0,0
2026-07-27,6oJofI4mv7Y,2026-05-21T14:38:00Z,39,0,0,0,1,14,71.73
2026-07-27,Divf9JOY8NI,2026-05-21T01:59:19Z,9,0,0,0,0,5,18.67
2026-07-27,NuMUIm_H2yE,2026-05-20T02:00:21Z,7,0,0,0,0,4,17.5
2026-07-27,aqtLfLz69JQ,2026-05-19T14:31:09Z,12,0,0,0,1,13,44.91
2026-07-27,zl2E9fzMFIM,2026-05-19T01:59:36Z,37,0,0,0,1,11,59.01
2026-07-27,9zytdpS8BGY,2026-05-18T14:51:14Z,38,0,0,0,2,14,67.55
2026-07-27,xxmD4auX9u8,2026-05-18T01:59:58Z,29,0,0,0,0,10,43.17
2026-07-27,pEOupFWnI18,2026-05-17T12:50:45Z,22,0,0,0,1,13,59.67
2026-07-27,zZgNLXkpCzk,2026-05-17T01:52:36Z,43,0,0,0,0,8,24.36
2026-07-27,_F2w2zepTzY,2026-05-16T12:55:42Z,35,0,0,0,4,21,74.08
2026-07-27,p8TVoKVG2Hg,2026-05-16T01:34:56Z,38,0,0,0,1,10,34.09
2026-07-27,vjf6FlxFNPU,2026-05-15T13:23:55Z,30,0,0,0,0,13,83.34
2026-07-27,vClAbUxtC9k,2026-05-15T01:55:20Z,52,0,0,0,2,11,37.89
2026-07-27,IfcStfSD-xE,2026-05-14T13:25:35Z,5,0,0,0,0,12,63.16
2026-07-27,kC771l-ZIMs,2026-05-14T01:56:23Z,45,0,0,0,2,24,96.23
2026-07-27,JAj8Z0JF9bw,2026-05-13T01:53:55Z,35,0,0,0,1,19,68.1
2026-07-27,QNAMVsSV9fU,2026-05-12T13:33:14Z,20,0,0,0,0,8,52.019999999999996
2026-07-27,CujpPVcgKf8,2026-05-12T01:47:48Z,42,0,0,0,1,11,53.36
2026-07-27,n8PhjWs1VC4,2026-05-11T14:19:53Z,38,0,0,0,0,6,24.33
2026-07-27,U2N9JcGK0tw,2026-05-11T01:51:46Z,13,0,0,0,0,9,67.64
2026-07-27,kkq2lla3Ijk,2026-05-10T12:48:46Z,80,0,0,0,2,8,50.61
2026-07-27,hG-FHHrwj8k,2026-05-10T01:45:58Z,48,0,0,0,0,7,32.04
2026-07-27,rkZQY4ctBzs,2026-05-09T12:48:40Z,35,0,0,0,0,6,33.75
2026-07-27,cWvDojw7QAw,2026-05-09T01:32:30Z,6,0,0,0,0,0,0
2026-07-27,cb00sZJAhfY,2026-05-08T13:05:32Z,0,0,0,0,0,0,0
2026-07-27,ineAlKZZgT8,2026-05-08T01:49:27Z,9,0,0,0,0,0,0
2026-07-27,vLqETKLW6OM,2026-05-07T13:26:03Z,39,0,0,0,1,9,39.73
2026-07-27,Yi9VlhJH_CY,2026-05-07T01:33:00Z,25,0,0,0,0,9,35.33
2026-07-27,WoXydzDKD1s,2026-05-06T13:26:40Z,39,0,0,0,0,5,23.52
2026-07-27,cLCvISVXvCA,2026-05-06T02:37:34Z,0,0,0,0,0,0,0
2026-07-27,oMlnEP5n5xw,2026-05-05T01:30:04Z,20,0,0,0,0,14,50.63999999999999
2026-07-27,atW-HBIAlxQ,2026-05-04T13:19:03Z,24,0,0,0,0,9,52.54
2026-07-27,Mf8NfWdVVds,2026-05-04T01:29:13Z,354,0,0,0,7,11,62.24000000000001
2026-07-27,O-6GZJkof9Q,2026-05-03T12:42:39Z,45,0,0,0,1,9,36.55
2026-07-27,vzE-eDX_rBc,2026-05-03T01:30:33Z,36,0,0,0,0,11,45.72
2026-07-27,Q0DFFs6cgTA,2026-05-02T12:43:32Z,32,0,0,0,1,14,55.81
2026-07-27,bAXO4HlnAA4,2026-05-02T01:26:27Z,31,0,0,0,0,15,85.5
2026-07-27,bR-d2N5QaNs,2026-05-01T12:51:37Z,65,0,0,0,1,9,44.21
2026-07-27,E0MprQIfkkA,2026-05-01T01:49:52Z,178,0,0,0,4,9,35.38
2026-07-27,TtKVgo-PB9Q,2026-04-30T13:18:02Z,59,0,0,0,1,10,40.19
2026-07-27,7LuNcXo11nU,2026-04-30T01:34:45Z,40,0,0,0,1,11,37.57
2026-07-27,t5Qmur-4n3M,2026-04-29T13:19:22Z,35,0,0,0,1,20,77.36
2026-07-27,eM7d4r-pfW8,2026-04-29T01:49:26Z,78,0,0,0,2,9,28.63
2026-07-27,4EaCBpZRPMo,2026-04-28T13:27:12Z,23,0,0,0,0,12,58.489999999999995
2026-07-27,ql5yIIiP79M,2026-04-28T04:50:56Z,47,0,0,0,1,15,68.48
2026-07-27,mSifBN2lxHw,2026-04-26T12:38:05Z,45,0,0,0,1,7,42.99
2026-07-27,IJMaVrHNfyc,2026-04-26T01:24:19Z,48,0,0,0,1,9,42.91
2026-07-27,oYJhnmW0AaI,2026-04-25T12:37:39Z,29,0,0,0,0,0,0
2026-07-27,Tu6dvaFUK70,2026-04-25T01:16:39Z,39,0,0,0,0,16,56.39999999999999
2026-07-27,gZSr5qx8oeg,2026-04-24T12:55:48Z,28,0,0,0,0,7,32.61
2026-07-27,i0iIsb9n9VM,2026-04-24T01:22:16Z,28,0,0,0,0,17,85.34
2026-07-27,pdpS-_jLTVE,2026-04-23T12:57:27Z,38,0,0,0,1,23,95.02
2026-07-27,JksOCivT2Bc,2026-04-23T01:23:23Z,36,0,0,0,0,10,38.6
2026-07-27,YDbmBfmYgN0,2026-04-22T12:57:53Z,102,0,0,0,2,10,39.25
2026-07-27,bSqSTFuAvf8,2026-04-22T01:17:16Z,106,0,0,0,2,8,41.46
2026-07-27,3QLoo5Qs8VE,2026-04-21T12:57:21Z,50,0,0,0,1,9,37.25
2026-07-27,zBcr6A0X_mk,2026-04-21T01:19:14Z,70,0,0,0,2,16,61.71
2026-07-27,ZIqroAx4CZE,2026-04-20T13:02:58Z,35,0,0,0,0,13,53.73
2026-07-27,DNgq_qW1fA0,2026-04-20T01:21:35Z,62,0,0,0,1,6,27.73
2026-07-27,zqaDMDkpZDo,2026-04-20T00:32:54Z,50,0,0,0,1,20,91.95
2026-07-27,GI6Aqq2E6vE,2026-04-18T12:35:57Z,94,1,0,0,2,7,33.1
2026-07-27,S8WCu3_OkLQ,2026-04-18T01:13:14Z,77,1,0,0,1,14,54.79999999999999
2026-07-27,T0DREMCs_tM,2026-04-17T12:54:43Z,20,0,0,0,0,0,0
2026-07-27,HCHvfX-xRlc,2026-04-17T01:18:54Z,31,0,0,0,0,14,85.92
2026-07-27,6fQe1YosVJw,2026-04-16T13:03:38Z,1,0,0,0,0,0,0
2026-07-27,om2Y9-WmjuE,2026-04-16T01:22:06Z,4,0,0,0,0,0,0
2026-07-27,XVvAky0zLB8,2026-04-15T12:57:13Z,39,0,0,0,1,15,55.25
2026-07-27,hKwwTsuCZJk,2026-04-15T01:16:59Z,68,0,0,0,2,11,50.629999999999995
2026-07-27,fJpzcD4bFNA,2026-04-14T12:57:49Z,46,0,0,0,0,5,22.43
2026-07-27,-AS2aH34UOg,2026-04-14T01:19:35Z,0,0,0,0,0,0,0
2026-07-27,12F1wsmOYOY,2026-04-13T01:20:52Z,57,0,0,0,1,11,41.55
2026-07-27,9wid0pEfNso,2026-04-12T12:37:53Z,6,0,0,0,0,0,0
2026-07-27,BYzdCmSths0,2026-04-12T01:19:31Z,51,0,0,0,1,13,49.96
2026-07-27,SIA9YHj7IzE,2026-04-11T17:59:14Z,94,0,0,0,3,17,66.14
2026-07-27,KHax2aPAOLM,2026-04-08T01:14:48Z,63,1,0,0,2,14,56.11999999999999
2026-07-27,x48Y5AiqNL4,2026-04-07T12:55:32Z,66,0,0,0,2,12,34.87
2026-07-27,Dm-N0t4-3L4,2026-04-07T01:12:45Z,37,0,0,0,0,12,60.35
2026-07-27,O7hMpgD9I_w,2026-04-06T12:43:44Z,49,1,0,0,1,11,63.62
2026-07-27,XA5MI3B6y3s,2026-04-06T01:14:24Z,155,0,0,0,7,9,48.1
2026-07-27,syLtpZe97p0,2026-04-05T12:32:18Z,74,1,0,0,1,10,35.03
2026-07-27,tDEdhE0wjIs,2026-04-04T12:30:34Z,126,0,0,0,6,16,53.83
2026-07-27,-Fme6XarNok,2026-04-04T01:05:49Z,63,0,0,0,1,9,44.73
2026-07-27,qWE6WMKLZQ4,2026-04-03T12:37:56Z,77,0,0,0,2,16,60.74
2026-07-27,6aUEBmQLjO0,2026-04-03T01:13:04Z,64,0,0,0,2,12,42.37
2026-07-27,f0gyZCEFFhQ,2026-04-02T12:45:50Z,35,0,0,0,0,4,16.71
2026-07-27,UA2UmThZEKE,2026-04-02T01:09:22Z,105,0,0,0,3,11,44.19
2026-07-27,gpaghTLJEzQ,2026-04-01T12:50:55Z,63,0,1,0,2,15,58.11999999999999
2026-07-27,zrZ-lr-lvgU,2026-04-01T02:38:18Z,63,0,0,0,1,6,38.86
2026-07-27,n0FOvZvGh5Y,2026-03-31T01:12:37Z,34,0,0,0,2,11,47.99
2026-07-27,b7ksr31Qkf0,2026-03-30T12:49:48Z,0,0,0,0,0,0,0
2026-07-27,fYBNO_nCOD4,2026-03-30T01:15:12Z,67,0,0,0,1,14,56.84
2026-07-27,z9rFY8GLOOY,2026-03-29T12:29:50Z,67,0,0,0,1,10,50.16
2026-07-27,WO8uAQLhGIE,2026-03-29T01:13:54Z,63,0,0,0,1,11,51.33
2026-07-27,5wUh_6vu2Go,2026-03-28T12:29:44Z,7,0,0,0,0,19,92.38
2026-07-27,JdpsABS7pKw,2026-03-28T01:06:42Z,38,0,0,0,0,13,45.12
2026-07-27,C_L3cdiUtoc,2026-03-27T12:38:06Z,29,0,0,0,1,9,33.43
2026-07-27,r8F0QXGNJbM,2026-03-27T01:10:49Z,32,0,0,0,1,11,55.74
2026-07-27,2Dd0b5yRvwo,2026-03-26T12:46:11Z,35,0,0,0,1,9,47.92
2026-07-27,LmctWQZyEvA,2026-03-26T01:11:07Z,1,0,0,0,0,0,0
2026-07-27,vHhsy6xkkSY,2026-03-25T12:39:16Z,0,0,0,0,0,0,0
2026-07-27,2BYS3ku1_Qs,2026-03-25T01:07:56Z,4,0,0,0,0,0,0
2026-07-27,hjkriefSr1w,2026-03-24T12:43:37Z,56,0,0,0,1,14,52.7
2026-07-27,XdFwGAuSE7U,2026-03-24T05:02:03Z,61,0,0,0,1,8,47.11
2026-07-27,-JFTX50ZtQk,2026-03-21T12:24:49Z,212,0,0,0,5,18,81.89
2026-07-27,Zq2m1kRL6q0,2026-03-21T01:00:27Z,119,1,0,0,4,11,38.02
2026-07-27,AKLcTliJFL8,2026-03-20T12:33:26Z,37,0,0,0,0,8,29.4
2026-07-27,fhhV1egGhNI,2026-03-20T01:03:37Z,53,0,0,0,1,7,37.97
2026-07-27,j-bjsPsftRo,2026-03-19T12:37:00Z,47,0,0,0,1,14,51.790000000000006
2026-07-27,-4NwUpvi8ng,2026-03-19T01:07:12Z,103,0,0,0,3,14,68.37
2026-07-27,W0c6udxdcHY,2026-03-18T12:43:23Z,40,0,0,0,0,5,18.7
2026-07-27,4nItZBXbg1E,2026-03-18T01:08:15Z,33,0,0,0,0,4,18.64
2026-07-27,ep1qq76H6ks,2026-03-17T12:43:33Z,72,0,0,0,2,15,56.69
2026-07-27,UNuHYP9-wqo,2026-03-17T01:04:36Z,74,0,0,0,1,10,45.69
2026-07-27,b_6YnowMPpM,2026-03-16T12:44:40Z,81,1,0,0,3,11,39.95
2026-07-27,V40i1wyTyC8,2026-03-16T01:11:58Z,61,0,0,0,1,7,34.06
2026-07-27,YKR_FyTNu3M,2026-03-15T12:27:36Z,50,0,0,0,1,13,54.84
2026-07-27,eFJKq7ChQVE,2026-03-15T01:11:23Z,61,0,0,0,1,6,36.17
2026-07-27,sqh-tKCq2UA,2026-03-14T12:25:56Z,62,0,0,0,1,10,40.39
2026-07-27,OaGDrxJs5jE,2026-03-14T01:01:50Z,89,0,0,0,2,8,28.499999999999996
2026-07-27,xOKf3tbA7to,2026-03-13T12:33:53Z,90,1,0,0,3,14,44
2026-07-27,NaHEZrAUApQ,2026-03-13T01:02:51Z,60,0,0,0,1,8,30.409999999999997
2026-07-27,u8j6UgwcAWE,2026-03-12T12:33:58Z,184,0,0,0,4,12,40.31
2026-07-27,4143nMw1ySw,2026-03-12T00:56:59Z,48,0,0,0,0,0,0
2026-07-27,-DQSkoMoQZw,2026-03-11T12:34:00Z,63,0,0,0,2,13,54.04
2026-07-27,BveJhXXeWew,2026-03-11T01:00:33Z,63,0,0,0,2,15,51.080000000000005
2026-07-27,b87wxLO0_f4,2026-03-10T12:34:31Z,89,1,0,0,2,7,26.05
2026-07-27,qBqjHbqsBEM,2026-03-10T00:59:16Z,64,0,0,0,1,20,74.93
2026-07-27,pDMzcV3D7Hc,2026-03-09T12:45:57Z,72,0,0,0,1,10,45.5
2026-07-27,DehiGK5t_uQ,2026-03-09T01:04:03Z,47,0,0,0,1,9,41.24
2026-07-27,5LLvE-nWsac,2026-03-08T12:26:54Z,183,1,0,0,8,14,47.03
2026-07-27,ytglD92ZCKY,2026-03-08T01:03:40Z,77,0,0,0,2,9,42.51
2026-07-27,D43fOoEvRiU,2026-03-07T18:20:23Z,42,0,0,0,0,7,24.38
2026-07-27,PQekC8_mq9U,2026-03-05T12:34:57Z,47,0,0,0,1,22,95.56
2026-07-27,2EqR9wS2Q8I,2026-03-05T01:04:18Z,99,0,0,0,3,10,43.69
2026-07-27,Ycci77WFitE,2026-03-04T12:31:37Z,128,0,0,0,6,15,65.49
2026-07-27,h_1EvAZD-8s,2026-03-04T01:01:20Z,105,0,0,0,2,9,41.17
2026-07-27,n-0NrVBgWGA,2026-03-03T12:33:14Z,72,0,0,0,2,11,40.51
2026-07-27,ixoTePG8L7k,2026-03-03T01:04:39Z,45,0,0,0,1,6,38.75
2026-07-27,dkcprpuQVwU,2026-03-02T12:32:20Z,40,0,0,0,1,13,54.31
2026-07-27,A53opaIG3a0,2026-03-02T01:02:30Z,94,0,0,0,3,7,46.23
2026-07-27,DfcBrzVHQ90,2026-03-01T12:25:26Z,74,0,0,0,2,11,39.94
2026-07-27,iykldQ76W7Q,2026-03-01T01:10:37Z,177,0,0,0,11,17,57.32000000000001
2026-07-27,nlnvOR4QLow,2026-02-28T12:22:45Z,49,0,0,0,1,15,75.02
2026-07-27,2vORckqweJ8,2026-02-28T00:56:51Z,63,0,0,0,1,15,54.50000000000001
2026-07-27,UnNlXUaYBU4,2026-02-27T12:32:55Z,79,0,0,0,3,27,117.89
2026-07-27,pPXch1Fsu6Q,2026-02-27T01:03:37Z,48,0,0,0,1,17,60.56
2026-07-27,7jX6bNGmVsk,2026-02-26T16:25:07Z,30,0,0,0,0,11,69.81
2026-07-27,IzdKRyCenzc,2026-02-26T01:02:37Z,31,0,0,0,1,15,50.74999999999999
2026-07-27,96oYUXW1pBw,2026-02-25T12:38:01Z,34,0,0,0,2,16,62.17
2026-07-27,3Pp3MUfmhNE,2026-02-25T01:08:19Z,0,0,0,0,0,0,0
2026-07-27,Hb78GB9PtEY,2026-02-24T12:37:32Z,33,1,0,0,0,7,40.07
2026-07-27,Jbq-Eap63y8,2026-02-24T01:03:00Z,79,0,0,0,2,15,68.75
2026-07-27,TNz0IN0G0xo,2026-02-23T12:36:36Z,0,0,0,0,0,0,0
2026-07-27,B01SjrM0O2Q,2026-02-23T01:03:48Z,58,0,0,0,1,17,97.81
2026-07-27,rX6MPpz51FE,2026-02-22T12:24:18Z,33,0,0,0,0,5,26.32
2026-07-27,6Mr6AlNDiT8,2026-02-22T01:05:02Z,0,0,0,0,0,0,0
2026-07-27,EU_EZFH_g2o,2026-02-21T12:24:14Z,5,0,0,0,0,0,0
2026-07-27,wFXehYoCg9E,2026-02-21T01:00:07Z,50,0,0,0,1,12,61.46
2026-07-27,SXe6AH6SFSk,2026-02-20T12:33:18Z,28,0,0,0,0,23,95.2
2026-07-27,9uOhp9bPWmM,2026-02-20T01:01:38Z,9,0,0,0,0,6,29.520000000000003
2026-07-27,aQUnfLgpEq0,2026-02-19T12:36:05Z,8,0,0,0,0,0,0
2026-07-27,vRLOsY8jCf0,2026-02-19T03:42:50Z,76,0,1,0,2,11,53.400000000000006
2026-07-27,OCBFsNL9PNU,2026-02-17T01:04:42Z,110,0,0,0,4,17,63
2026-07-27,PXWcYPr7Omo,2026-02-16T12:34:48Z,130,0,0,0,4,15,87.07
2026-07-27,X55oBmu1ezo,2026-02-16T01:04:58Z,42,0,0,0,0,4,22.5
2026-07-27,3mUEEsOzNqU,2026-02-15T12:25:24Z,41,0,0,0,1,10,41.87
2026-07-27,qzsX1iUsMnM,2026-02-15T01:07:42Z,64,0,0,0,3,27,99.34
2026-07-27,89JtSG4iVsA,2026-02-14T12:23:30Z,41,0,0,0,1,11,51.46999999999999
2026-07-27,PcOD2_1othA,2026-02-14T01:02:42Z,60,0,0,0,2,10,38.61
2026-07-27,lBorBD-wejA,2026-02-13T12:33:39Z,125,0,0,0,3,13,43.9
2026-07-27,klumNyrvIQg,2026-02-13T01:09:16Z,131,0,0,0,5,13,45.88
2026-07-27,tJ0B_ZSe4-0,2026-02-12T12:37:06Z,154,1,0,0,7,12,69.81
2026-07-27,xwxQmh3BrH4,2026-02-12T01:05:11Z,57,0,0,0,2,11,47.28
2026-07-27,KBtePfFvUws,2026-02-11T12:40:50Z,119,0,0,0,5,14,62.39
2026-07-27,uODHjXY2kqc,2026-02-11T01:12:56Z,50,0,0,0,2,13,51.89
2026-07-27,4Njh8cdvW5w,2026-02-10T12:44:28Z,34,0,0,0,0,6,40.65
2026-07-27,8pEemfuXl74,2026-02-10T01:15:16Z,55,0,0,0,1,30,101
2026-07-27,b4tny2EG7kM,2026-02-09T12:40:24Z,158,0,0,0,6,9,48.97
2026-07-27,QLzyNIxy-0k,2026-02-09T01:06:08Z,86,0,0,0,2,18,94.9
2026-07-27,k_bGGxcqkWQ,2026-02-08T12:24:47Z,43,0,0,0,1,12,60.56
2026-07-27,QUvyUEOIFcY,2026-02-08T01:20:22Z,92,0,0,0,4,17,70.06
2026-07-27,_yj8qFj_c_o,2026-02-07T12:24:22Z,127,0,0,0,7,11,44.66
2026-07-27,pdT4jk2KxU4,2026-02-07T00:59:32Z,48,0,0,0,1,8,46.19
2026-07-27,rbq64uH4irY,2026-02-06T12:33:39Z,69,0,0,0,1,11,36.05
2026-07-27,FRrzAOfIsh0,2026-02-06T01:00:14Z,153,0,0,0,5,11,51.53
2026-07-27,YFHRUTj8xeE,2026-02-05T12:35:00Z,59,0,0,0,2,14,56.43
2026-07-27,FZBy_yqhT5g,2026-02-05T01:02:53Z,133,0,0,0,6,9,45.93
2026-07-27,LN9z5FPHDmA,2026-02-04T12:33:27Z,125,1,0,0,5,9,43
2026-07-27,gNravpCcDCo,2026-02-04T01:00:45Z,0,0,0,0,0,0,0
2026-07-27,1VcsP7QNhxw,2026-02-03T12:33:18Z,90,0,0,0,4,17,70.66
2026-07-27,MUXCB4BxKbc,2026-02-03T01:04:27Z,45,0,0,0,1,11,53.56000000000001
2026-07-27,5l3UTqchtpg,2026-02-02T12:32:40Z,60,0,0,0,3,14,58.36
2026-07-27,SvIn_cEBJG0,2026-02-02T01:04:39Z,82,0,0,0,13,93,388.53
2026-07-27,SoyzMc1na_8,2026-02-01T12:24:24Z,42,0,0,0,1,10,44.12
2026-07-27,07Mfq1dhiJg,2026-02-01T01:11:17Z,63,0,0,0,2,19,70.07
2026-07-27,Ztqx3Myofwo,2026-01-31T12:24:07Z,56,0,0,0,1,9,27.43
2026-07-27,bsaD1cSmXkA,2026-01-31T00:58:35Z,43,0,0,0,0,14,54.02
2026-07-27,sWUfDxSRdp0,2026-01-30T12:28:50Z,136,0,0,0,4,10,74.3
2026-07-27,H2W6mhWfeMU,2026-01-30T01:00:51Z,89,0,0,0,6,15,60.35
2026-07-27,Gc53wfoTpu4,2026-01-29T16:02:58Z,38,0,0,0,1,12,48.93
2026-07-27,PgbAGpSsB1I,2026-01-28T00:54:02Z,109,0,0,0,3,13,45.05
2026-07-27,1yCT5-9hUmA,2026-01-27T12:24:29Z,37,0,0,0,0,0,0
2026-07-27,SUWQ8Allb_M,2026-01-26T12:24:55Z,163,0,0,0,7,12,53.55
2026-07-27,ViOQ5c1vM1I,2026-01-26T00:57:53Z,105,0,0,0,3,15,63.17
2026-07-27,ozxoy8JJgag,2026-01-25T00:58:33Z,37,0,0,0,0,9,42.17
2026-07-27,SjE0oaTOM2U,2026-01-24T12:21:37Z,210,0,0,0,7,22,65.76
2026-07-27,fUyA8HoBxm4,2026-01-24T00:50:34Z,102,0,0,0,4,11,49.77
2026-07-27,kUeBkvKtifE,2026-01-23T12:23:51Z,76,0,0,0,2,11,53.16
2026-07-27,1NjWzWWPYGk,2026-01-23T00:53:23Z,98,0,0,0,4,15,67.07
2026-07-27,1yw_y7DZILM,2026-01-22T12:25:46Z,130,0,0,0,7,11,47.97
2026-07-27,ieBibN_NFi4,2026-01-22T00:54:16Z,105,0,0,0,5,22,71.26
2026-07-27,Lzn8i_3QxyQ,2026-01-21T12:24:55Z,88,0,0,0,3,18,82.08
2026-07-27,b7-hRk00vBY,2026-01-21T02:03:34Z,309,1,0,0,16,13,52.35999999999999
2026-07-27,wzrCnh_cx38,2026-01-19T12:24:52Z,60,0,0,0,1,10,42.96
2026-07-27,nFiWF8pBOdE,2026-01-19T00:56:21Z,157,1,0,0,5,11,54.52
2026-07-27,ailU9L3hHCA,2026-01-18T12:19:45Z,208,0,0,0,5,9,72.35
2026-07-27,tEbQwwQB0UI,2026-01-18T00:57:50Z,82,0,0,0,1,12,47.4
2026-07-27,Y0Fj37HV_o4,2026-01-17T12:19:41Z,56,1,0,0,1,5,27.91
2026-07-27,pmg5-dykDZU,2026-01-17T00:49:25Z,110,0,0,0,4,13,65.72
2026-07-27,kaIHDp90cf4,2026-01-16T12:22:00Z,70,0,0,0,2,9,55.45
2026-07-27,KNtqlDQDY10,2026-01-16T00:52:38Z,224,1,0,0,8,12,65.42
2026-07-27,3vq3Zd6uxtU,2026-01-15T12:24:16Z,243,2,0,0,13,14,48.02
2026-07-27,ySxlAX5nhjU,2026-01-15T00:50:13Z,93,0,0,0,4,16,61.6
2026-07-27,njCG2PJKEpA,2026-01-14T12:24:19Z,103,0,0,0,4,10,37.06
2026-07-27,C1TOy6a0dxI,2026-01-14T00:53:28Z,173,2,0,0,6,9,58.17
2026-07-27,rN0DF7i_3wU,2026-01-13T12:25:10Z,36,0,0,0,0,5,18.23
2026-07-27,WRwrZDyTJ2o,2026-01-13T05:18:51Z,38,0,0,0,1,9,41.77
2026-07-27,5VDp8xr8PMw,2026-01-12T00:55:14Z,189,0,0,0,7,14,74.82
2026-07-27,-eFSzJLoCmk,2026-01-11T12:21:09Z,165,0,0,0,7,13,59.3
2026-07-27,k-rUw2TVYs8,2026-01-11T00:57:40Z,151,0,0,0,5,10,49.1
2026-07-27,Md2_HGkjEmQ,2026-01-10T12:19:57Z,166,0,0,0,5,11,52.96999999999999
2026-07-27,SUCUfIo6MH4,2026-01-10T00:50:48Z,82,0,0,0,3,13,56.87
2026-07-27,FFNwRRPqXLc,2026-01-09T12:22:37Z,50,0,0,0,1,8,47.93
2026-07-27,QSTdknWa4gQ,2026-01-08T12:24:04Z,40,0,0,0,1,7,31.96
2026-07-27,DazZAvrhRKI,2026-01-08T00:50:30Z,110,0,0,0,2,8,48.12
2026-07-27,cqhF9hro86M,2026-01-07T12:22:59Z,112,0,0,0,2,10,54.59
2026-07-27,Qjze3mrpiaE,2026-01-07T00:50:57Z,36,0,0,0,0,11,78.67
2026-07-27,SUI99n7yB_U,2026-01-06T00:51:02Z,102,0,0,0,3,9,51.03
2026-07-27,2nIDH-gIDhQ,2026-01-05T12:23:37Z,75,0,0,0,2,8,32.7
2026-07-27,wXEuAdlXM_M,2026-01-05T04:59:54Z,79,0,0,0,1,10,48.88
2026-07-27,xjP-OITrIT4,2025-12-31T00:52:35Z,48,0,0,0,1,8,27.02
2026-07-27,yh4jE0h28KA,2025-12-30T12:22:50Z,107,0,0,0,3,13,57.75
2026-07-27,_lBSpyvMgjw,2025-12-30T00:49:10Z,302,0,0,0,5,6,39.08
2026-07-27,9xKSMqEzQAM,2025-12-29T00:56:57Z,90,0,0,0,4,18,60.25
2026-07-27,OPdvBceQCCE,2025-12-28T12:19:38Z,63,0,0,0,1,8,50.44
2026-07-27,18FMuOikGQE,2025-12-28T00:57:32Z,41,0,0,0,0,17,80.45
2026-07-27,lAIIM4vuUSs,2025-12-27T12:20:12Z,92,0,0,0,2,10,50.43
2026-07-27,eaCy2RgCOe8,2025-12-27T00:48:31Z,127,1,0,0,6,15,71.01
2026-07-27,S4SHNb3-W3Q,2025-12-26T12:21:04Z,61,0,0,0,1,9,47.22
2026-07-27,1goDD83ipeQ,2025-12-26T00:50:19Z,95,0,0,0,4,17,71.45
2026-07-27,DmhxO5mlvxo,2025-12-25T12:22:02Z,115,0,0,0,4,12,51.24999999999999
2026-07-27,AKbv7xTvxnQ,2025-12-25T00:49:59Z,96,1,0,0,3,13,50.97999999999999
2026-07-27,0wI-gF3lGLM,2025-12-24T12:21:25Z,75,0,0,0,2,16,80.38
2026-07-27,9ieCGBvL-Bg,2025-12-24T03:45:47Z,51,0,0,0,1,8,40.12
2026-07-27,uGeiWkgtDP8,2025-12-22T00:53:16Z,130,1,0,0,5,13,65.78
2026-07-27,McHdknbY2cU,2025-12-21T12:19:35Z,44,1,0,0,1,15,71.9
2026-07-27,aN61kpao8HI,2025-12-21T00:54:41Z,187,0,0,0,5,11,49.01
2026-07-27,LP9DKhWavDA,2025-12-20T12:21:03Z,47,0,0,0,1,8,24.28
2026-07-27,fDS63LcxhNk,2025-12-20T00:47:34Z,151,0,0,0,4,13,46.68
2026-07-27,2HxaPdFdrAE,2025-12-19T12:21:23Z,305,0,0,0,13,12,60.06
2026-07-27,zP021DqgYA4,2025-12-19T00:49:03Z,146,0,0,0,3,10,53.26
2026-07-27,UMYm5lJHF6s,2025-12-18T12:21:22Z,89,0,1,0,3,13,82.36
2026-07-27,6j1gLZK5aJQ,2025-12-18T00:46:26Z,48,1,0,0,1,11,50.18
2026-07-27,a-0M7qv4ECM,2025-12-17T12:23:19Z,68,0,0,0,1,11,39.25
2026-07-27,lF9gvPG7YEY,2025-12-17T00:45:41Z,48,0,0,0,1,13,81.34
2026-07-27,or2vlbZ8PUo,2025-12-16T12:21:46Z,41,0,0,0,0,7,49.05
2026-07-27,w0u7iPVS4kg,2025-12-16T00:50:07Z,49,0,0,0,2,15,69.61
2026-07-27,ChBrBKj_FL0,2025-12-15T12:23:43Z,80,1,0,0,2,7,33.02
2026-07-27,pkVeQWwOH1M,2025-12-14T00:55:44Z,71,0,0,0,1,10,35.54
2026-07-27,tdK_vfJlYIU,2025-12-13T12:19:52Z,56,1,0,0,1,7,25.19
2026-07-27,rKfPskTw4uE,2025-12-13T00:46:03Z,55,0,0,0,1,10,62.43
2026-07-27,X253-VhbDHQ,2025-12-12T12:22:27Z,38,0,0,0,0,32,131.93
2026-07-27,kWgeQ8_3gf4,2025-12-12T00:49:39Z,107,0,0,0,3,9,42.79
2026-07-27,XAzSHS1CHFY,2025-12-11T12:22:27Z,73,0,0,0,1,9,64.15
2026-07-27,L6Wc8lnn4DU,2025-12-11T00:51:08Z,1657,0,0,0,42,14,50.83
2026-07-27,MtheX2OJMDQ,2025-12-10T12:22:34Z,55,0,0,0,0,5,23.83
2026-07-27,E1ibjYdkrbQ,2025-12-10T00:49:51Z,33,0,0,0,0,0,0
2026-07-27,U5_e3bmCbZY,2025-12-09T12:22:22Z,39,0,0,0,1,8,40.45
2026-07-27,t2DSE_ojmik,2025-12-06T00:47:45Z,77,0,0,0,3,25,75.8
2026-07-27,SRE8VHmGAqw,2025-12-05T12:22:14Z,61,0,0,0,2,12,56.50999999999999
2026-07-27,1avSfbfo6nQ,2025-12-05T00:49:35Z,91,1,0,0,2,19,64.34
2026-07-27,qL9y-Y4m8YY,2025-12-04T12:22:55Z,37,0,0,0,0,5,22.41
2026-07-27,XfbgEEaqypE,2025-12-04T00:49:06Z,54,0,0,0,1,6,21.96
2026-07-27,eFDnU8gaEJM,2025-12-03T00:47:59Z,48,0,0,0,0,4,22.28
2026-07-27,hxIwlu8ep-k,2025-12-02T12:23:15Z,55,0,0,0,1,13,52.87
2026-07-27,K3wSItDBg1k,2025-12-02T00:48:54Z,100,0,0,0,3,15,57.37
2026-07-27,hA9HyqaFyHM,2025-12-01T12:22:12Z,35,0,0,0,0,4,19.7
2026-07-27,tZQoZXF9Ud4,2025-12-01T00:58:59Z,102,0,0,0,1,4,19.94
2026-07-27,f-c69bkm6io,2025-11-30T12:18:54Z,91,0,0,0,3,10,50.36999999999999
2026-07-27,MsaO1qV-Ln0,2025-11-30T00:56:14Z,78,0,0,0,1,6,29.07
2026-07-27,BFEdIXRH-Fo,2025-11-29T00:47:12Z,58,0,0,0,1,17,53.03
2026-07-27,aFMkajr0L0o,2025-11-28T00:46:39Z,117,0,0,0,3,9,33.46
2026-07-27,HijWOdHKdH0,2025-11-27T12:22:09Z,116,0,0,0,5,21,85.38
2026-07-27,XVyf5d0eCE8,2025-11-27T00:46:29Z,54,0,0,0,1,10,52.31
2026-07-27,-KPak8LRUiA,2025-11-26T12:22:12Z,47,0,0,0,0,5,23.29
2026-07-27,FMgGUvkXlkI,2025-11-26T00:48:06Z,63,0,0,0,1,11,43.69
2026-07-27,DLiRMEwNnDc,2025-11-25T12:22:48Z,96,0,0,0,2,10,37.3
2026-07-27,bhWV305AZCg,2025-11-25T00:46:53Z,48,0,0,0,1,8,32.41
2026-07-27,NA7EumyAw4s,2025-11-24T12:21:38Z,38,0,0,0,0,4,15.770000000000001
2026-07-27,BQIHokBkLZM,2025-11-23T12:19:00Z,157,1,0,0,8,17,65.4
2026-07-27,7y-j8FAsFM8,2025-11-23T00:54:00Z,112,0,0,0,3,14,76.71
2026-07-27,DWwGPzpDyr8,2025-11-22T12:19:18Z,30,0,0,0,0,4,13.350000000000001
2026-07-27,UrD-Q-oBE-k,2025-11-22T00:45:23Z,123,0,0,0,2,14,61.42999999999999
2026-07-27,Q9VgwFN3UIg,2025-11-21T12:20:39Z,37,0,0,0,0,5,19.63
2026-07-27,oZ1KoF4YsaU,2025-11-21T00:47:44Z,42,0,0,0,1,12,46.25
2026-07-27,DEdYVTobd2c,2025-11-20T12:21:38Z,65,0,0,0,1,10,48.47
2026-07-27,Pvy_Sx_1IU8,2025-11-20T00:45:47Z,98,0,0,0,3,9,50.42
2026-07-27,W6nZEkKaMns,2025-11-19T12:21:58Z,60,0,0,0,2,18,72.17
2026-07-27,DCe_h8sqrhA,2025-11-19T00:49:16Z,36,0,0,0,0,8,28.859999999999996
2026-07-27,vMCVHEX6X-4,2025-11-18T12:22:09Z,22,1,0,0,0,9,36
2026-07-27,Qbqrzbs0TY8,2025-11-18T00:47:59Z,44,0,0,0,1,7,24.75
2026-07-27,lqXVwyhxzwQ,2025-11-17T12:21:08Z,54,0,0,0,2,12,62.69
2026-07-27,KzpeOdp-c1U,2025-11-17T00:49:32Z,28,0,0,0,1,14,47.49
2026-07-27,__BTJr7239g,2025-11-16T12:17:43Z,28,0,0,0,0,9,66.43
2026-07-27,tY5h-MOkj0k,2025-11-16T00:50:03Z,38,0,0,0,1,7,45.82
2026-07-27,7qvvyYK7pjM,2025-11-15T12:18:21Z,90,0,0,0,5,16,83.88
2026-07-27,bEBT1HmsU0w,2025-11-15T00:45:59Z,46,0,0,0,1,12,63.16
2026-07-27,EC3qu-J6O3o,2025-11-14T12:21:09Z,34,0,0,0,0,10,54.059999999999995
2026-07-27,Lu_GOCfqqsE,2025-11-14T00:47:41Z,99,0,0,0,3,10,44.19
2026-07-27,BmX41hUYTEo,2025-11-13T12:22:25Z,45,0,0,0,1,10,49.78
2026-07-27,bmt7t2cUv0g,2025-11-13T00:47:51Z,49,0,0,0,1,10,39.11
2026-07-27,maKQnP1Fbm0,2025-11-12T12:22:16Z,44,0,0,0,0,6,24.21
2026-07-27,dfi7G15BoPU,2025-11-12T00:48:22Z,146,0,0,0,5,14,53.90999999999999
2026-07-27,EaW6off6I-g,2025-11-11T12:21:15Z,25,0,0,0,0,5,22.01
2026-07-27,x4iAzzoynWo,2025-11-11T00:48:12Z,69,0,0,0,2,11,48.53
2026-07-27,uf8gxiLsKt4,2025-11-10T12:21:45Z,80,1,0,0,2,9,36.44
2026-07-27,IrFYVHvsGGI,2025-11-10T00:50:07Z,109,2,1,0,5,19,73.74
2026-07-27,nM5RQOj527Q,2025-11-09T20:46:27Z,67,0,0,0,1,7,48.87
2026-07-27,9X9J9HcnjRQ,2025-11-08T12:17:39Z,47,0,0,0,0,8,58.050000000000004
2026-07-27,tmyiz1EyOJ0,2025-11-08T00:44:46Z,28,0,0,0,0,4,23.9
2026-07-27,aiE5zJEb4LQ,2025-11-07T12:21:37Z,9,0,0,0,0,0,0
2026-07-27,RL-aV22hT3Q,2025-11-07T00:48:10Z,59,0,0,0,1,18,61.9
2026-07-27,iqjcjekQ4DA,2025-11-06T12:20:18Z,53,0,0,0,1,8,52.18000000000001
2026-07-27,0_Qr1FDSRUQ,2025-11-06T00:48:24Z,115,0,0,0,7,23,70.33
2026-07-27,VBWrqM7y_nY,2025-11-05T12:22:42Z,7,0,0,0,0,5,17.81
2026-07-27,7MDyZHXM6SQ,2025-11-05T00:48:17Z,189,0,0,0,5,11,64.9
2026-07-27,mFP_gIstEt8,2025-11-04T00:47:50Z,75,1,0,0,2,10,60.27
2026-07-27,5o0kd4B5OG8,2025-11-03T12:22:17Z,60,0,0,0,1,8,27.83
2026-07-27,6_QsBHeIods,2025-11-03T00:50:50Z,71,0,0,0,1,6,23.61
2026-07-27,ey4lxj-MxF8,2025-11-02T00:51:27Z,67,0,0,0,1,14,54.7
2026-07-27,d-oDeuxr9YY,2025-11-01T12:19:24Z,42,0,0,0,1,10,48.59
2026-07-27,qu68AwRcQUs,2025-11-01T00:49:48Z,44,0,0,0,1,9,34.72
2026-07-27,FpraVnRBn_g,2025-10-31T12:22:10Z,26,0,0,0,0,8,30.070000000000004
2026-07-27,YbyoErWHPrQ,2025-10-31T00:49:14Z,189,0,0,0,5,9,27.440000000000005
2026-07-27,r2GTq9pmDSw,2025-10-30T12:20:36Z,70,0,0,0,3,17,85.82
2026-07-27,DiOCz3pzEJQ,2025-10-30T00:47:38Z,105,0,0,0,3,13,60.49
2026-07-27,atBZitOWh8s,2025-10-29T15:48:23Z,11,0,0,0,1,18,78.78
2026-07-27,8iSmE8YXGKE,2025-10-29T00:49:21Z,41,0,0,0,1,8,41.28
2026-07-27,Cl-_JI9q_Vk,2025-10-28T12:21:06Z,86,0,0,0,3,13,54.18999999999999
2026-07-27,MzZ_20dPW-Y,2025-10-28T00:47:00Z,47,0,0,0,2,12,47.21
2026-07-27,0jhH6KZpmL8,2025-10-27T12:25:22Z,41,0,0,0,1,15,35.83
2026-07-27,FnNJckzMN4I,2025-10-27T00:50:00Z,62,0,0,0,11,75,345.36
2026-07-27,EHmOrNhP6eU,2025-10-26T12:20:55Z,35,0,0,0,1,19,64.42
2026-07-27,kaF2LpvGDE8,2025-10-26T00:48:33Z,67,0,0,0,2,9,44.47
2026-07-27,MrNfRJleZa4,2025-10-25T12:20:50Z,77,0,0,0,5,18,57.96
2026-07-27,cxkwv1-VWKM,2025-10-25T00:44:59Z,33,0,0,0,1,12,66.78
2026-07-27,CMt6N9OYHc4,2025-10-24T12:22:09Z,51,0,0,0,2,17,58.17
2026-07-27,fsKpdj-hOBc,2025-10-24T00:45:25Z,30,0,0,0,0,11,41.39
2026-07-27,g5WH6g6SXzo,2025-10-23T12:23:47Z,2,0,0,0,0,23,87.78
2026-07-27,whO3TbZRN2s,2025-10-23T00:46:43Z,122,1,0,0,5,17,50.39
2026-07-27,9udR2t3StDg,2025-10-22T12:21:57Z,147,1,0,0,8,12,54.25
2026-07-27,rPz60XxcTho,2025-10-22T01:47:39Z,26,0,0,0,0,11,42.26
2026-07-27,Z05lza3afe0,2025-10-20T12:21:15Z,71,0,0,0,4,19,69.88
2026-07-27,5b5VRHg-xnM,2025-10-20T00:50:25Z,62,0,0,0,2,20,102.51999999999998
2026-07-27,6ge3dzSKuAU,2025-10-19T12:19:54Z,47,0,0,0,2,15,55.94
2026-07-27,qjVcEZB3imM,2025-10-19T00:51:20Z,24,0,0,0,0,11,60.02000000000001
2026-07-27,qf7bSeDljc4,2025-10-18T12:19:43Z,3,0,0,0,0,20,87.87
2026-07-27,rbTkKE75_c0,2025-10-18T00:43:16Z,68,0,0,0,3,11,53.05
2026-07-27,ri2RZwr5J_4,2025-10-17T12:22:47Z,63,0,0,0,3,15,60.8
2026-07-27,v1zftajT1M0,2025-10-17T00:46:54Z,35,0,0,0,1,9,36.8
2026-07-27,pG8D3fHo7Kc,2025-10-16T12:21:59Z,109,1,0,0,27,97,444.34
2026-07-27,vQrRjChYLTc,2025-10-16T00:47:28Z,1,0,0,0,0,26,92.31
2026-07-27,xQVwOjXeNg0,2025-10-15T12:22:00Z,8,0,0,0,0,0,0
2026-07-27,iM0KR2-32f0,2025-10-15T00:47:34Z,4,0,0,0,0,14,52.57000000000001
2026-07-27,QkRtBzgp7LY,2025-10-14T12:23:44Z,14,0,0,0,0,20,87.39
2026-07-27,67qAhXRjlfA,2025-10-14T00:43:57Z,155,0,0,0,7,16,87.48
2026-07-27,SDLOOe8fi1M,2025-10-11T12:18:01Z,156,1,0,0,5,13,90.37
2026-07-27,b9tm03RKVpI,2025-10-11T00:42:33Z,19,0,0,0,0,7,44.05
2026-07-27,aDZm7fyKxZg,2025-10-10T12:22:18Z,53,0,0,0,2,18,88.29
2026-07-27,5gf43PikwPY,2025-10-10T00:44:00Z,251,0,0,0,23,32,163.81
2026-07-27,zgkkKMEvI4c,2025-10-09T12:22:48Z,67,0,0,0,2,10,39
2026-07-27,nsWYanXH4WQ,2025-10-09T00:45:59Z,21,0,0,0,0,28,92.61
2026-07-27,LQrAelHASPo,2025-10-08T12:22:30Z,19,0,0,0,1,16,82.67
2026-07-27,TovBq4xQFsc,2025-10-08T00:44:25Z,3,0,0,0,0,17,85.95
2026-07-27,Fl0RC5BJ3Pk,2025-10-07T12:22:14Z,75,0,0,0,3,16,82.9
2026-07-27,083VndBSBQA,2025-10-07T00:44:03Z,4,0,0,0,0,26,102.42
2026-07-27,9c2q7_r-q2Y,2025-10-06T12:22:15Z,4,0,0,0,1,35,116.06
2026-07-27,YGxrFAg3YOg,2025-10-05T12:19:04Z,70,0,0,0,3,17,82.2
2026-07-27,GcTz74gCsok,2025-10-05T00:49:33Z,55,0,0,0,3,26,118.53
2026-07-27,xvsX438rApQ,2025-10-04T19:15:22Z,38,0,0,0,1,17,92.17
2026-07-27,wsQMaYdr88Q,2025-09-20T12:18:35Z,145,1,0,0,7,12,51.22
2026-07-27,n4yje0t1LrQ,2025-09-20T00:43:59Z,44,0,0,0,1,19,49.76
2026-07-27,bvSYCI4URs8,2025-09-19T12:20:04Z,50,0,0,0,2,13,67.56
2026-07-27,SvIlF1anibo,2025-09-19T00:45:59Z,79,0,0,0,3,15,69
2026-07-27,G__3jx9sIcE,2025-09-18T12:21:43Z,135,0,0,0,8,15,63.019999999999996
2026-07-27,1rwy6xm5h8U,2025-09-18T00:43:45Z,49,0,0,0,2,14,67.42
2026-07-27,rSnz3nrgTFg,2025-09-17T12:21:43Z,38,0,0,0,1,7,30.59
2026-07-27,HTnmcw1VZsc,2025-09-17T00:44:19Z,178,0,0,0,6,13,46.08
2026-07-27,E7qHyD4bGJs,2025-09-16T12:21:39Z,46,0,0,0,1,7,28.110000000000003
2026-07-27,2clRmgMM1Us,2025-09-16T00:43:33Z,77,0,0,0,3,10,38.31
2026-07-27,YMnreQdpm5Y,2025-09-15T12:22:51Z,47,0,0,0,2,11,45.31
2026-07-27,n9WrhduYV3U,2025-09-15T00:53:32Z,66,0,0,0,3,12,60.35
2026-07-27,TjeZN7Gnx04,2025-09-14T12:18:57Z,46,0,0,0,2,15,65.95
2026-07-27,78zx-NQ3wVI,2025-09-14T00:48:31Z,2,0,0,0,0,16,65.13
2026-07-27,YxugVSFp3T0,2025-09-13T22:01:50Z,42,0,0,0,2,19,65.73
2026-07-27,kAI33hsvcUs,2025-08-22T12:20:10Z,75,0,0,0,3,12,43.67
2026-07-27,usvmmNihqZE,2025-08-22T00:45:55Z,49,0,0,0,2,11,49.84
2026-07-27,FJiDKJhqzMk,2025-08-21T12:21:38Z,64,0,0,0,3,11,44.99
2026-07-27,4KNrxnn4LYA,2025-08-21T00:44:57Z,25,0,0,0,0,24,92.3
2026-07-27,F7bl42wdwsk,2025-08-20T12:19:34Z,47,1,0,0,1,17,92.99
2026-07-27,2TQ1xDxSPko,2025-08-20T00:45:59Z,49,0,0,0,2,18,71.35
2026-07-27,2SEMOGewnt0,2025-08-19T12:20:22Z,47,0,0,0,4,18,91.17
2026-07-27,jl43kb2Mrl8,2025-08-19T00:46:39Z,37,0,0,0,0,8,56.11000000000001
2026-07-27,5ghuUk0uXKo,2025-08-18T12:22:15Z,5,0,0,0,1,37,129.19
2026-07-27,sZH-Vd6Q0Pg,2025-08-18T00:53:45Z,26,0,0,0,1,17,66.13
2026-07-27,n27QrIxIwBM,2025-08-17T12:19:46Z,21,0,0,0,1,13,43.56
2026-07-27,tj8faNubOXU,2025-08-17T00:54:38Z,40,0,0,0,1,16,54.55
2026-07-27,96EZNoOx5vk,2025-08-16T12:19:15Z,23,0,0,0,1,14,68.96
2026-07-27,KaojabYOzx0,2025-08-16T00:46:15Z,12,0,0,0,3,66,301.33
2026-07-27,THOj9YbvwsE,2025-08-15T15:23:30Z,6,0,0,0,0,27,82.97
2026-07-27,BZosJFoh2-E,2025-08-14T12:21:40Z,12,0,0,0,0,10,51.93
2026-07-27,TxfJxCoufW8,2025-08-14T00:48:45Z,47,0,0,0,1,18,74.15
2026-07-27,u4SLrBeU4P8,2025-08-13T12:21:24Z,82,0,0,0,5,15,60.91
2026-07-27,Lcr_-bsm-yU,2025-08-13T00:48:58Z,52,0,0,0,1,11,58.28
2026-07-27,loW9tXPftEI,2025-08-12T12:21:02Z,120,0,0,0,4,11,42.64
2026-07-27,mIZqOrlU3V4,2025-08-12T00:48:01Z,50,0,0,0,1,9,49.71
2026-07-27,Vu85YbKD2uA,2025-08-11T12:22:21Z,34,0,0,0,1,13,49.35
2026-07-27,2ihzs4ltkz4,2025-08-11T00:56:43Z,32,0,0,0,1,12,37.95
2026-07-27,cRrYtcVjQIM,2025-08-10T12:18:58Z,31,0,0,0,0,9,47.53
2026-07-27,oMMCSoJOPFY,2025-08-10T00:58:04Z,38,0,0,0,3,19,63.62
2026-07-27,71ERRmCB7uY,2025-08-09T12:20:09Z,37,0,0,0,1,13,52.09
2026-07-27,DOMkPDITAig,2025-08-09T00:47:31Z,71,0,0,0,3,13,49.92
2026-07-27,Z_8PUimecoU,2025-08-08T12:22:09Z,124,0,0,0,8,14,76.75
2026-07-27,798aPt3idGI,2025-08-08T00:55:22Z,32,0,0,0,1,15,49.46
2026-07-27,nJ_CeCMDjgo,2025-08-07T13:02:00Z,74,0,0,0,3,10,45.34
2026-07-27,F6bItVNWey4,2025-08-07T00:53:42Z,73,0,0,0,3,12,62.39
2026-07-27,EjwJ28Zg0Zs,2025-08-06T12:23:15Z,49,0,0,0,1,9,37.62
2026-07-27,NbSU5rDcqA8,2025-08-06T00:55:01Z,49,0,0,0,2,14,50.85999999999999
2026-07-27,OTdnZwnqZto,2025-08-05T12:22:59Z,57,0,0,0,2,13,56.92
2026-07-27,dP37FHj8nHg,2025-08-05T00:53:37Z,89,0,0,0,3,10,64.74
2026-07-27,jWk424bgg84,2025-08-04T12:23:46Z,57,1,0,0,2,15,71.84
2026-07-27,8-zs2bzAYok,2025-08-03T12:19:46Z,55,0,0,0,3,13,53.81
2026-07-27,XWpZCVCgX-A,2025-08-03T00:58:49Z,70,1,0,0,2,13,63.79
2026-07-27,AoN4FPURjpo,2025-08-02T12:20:33Z,50,0,0,0,2,11,48.38
2026-07-27,b1CT89GMN6o,2025-08-02T00:47:59Z,170,0,0,0,9,21,134.87
2026-07-27,ip4v0KcNBTg,2025-08-01T12:22:38Z,123,0,0,0,4,10,45.26
2026-07-27,b9uiF9O5AVk,2025-08-01T01:01:34Z,171,0,0,0,16,13,40.12
2026-07-27,v80VsDnL6vk,2025-07-31T12:21:40Z,40,0,0,0,1,9,39.46
2026-07-27,ukGL5TXbjDc,2025-07-31T02:11:20Z,39,0,0,0,1,9,42.58
2026-07-27,baIn3WnCR_s,2025-07-30T00:52:36Z,116,0,0,0,7,19,108.95000000000002
2026-07-27,dHLGC_aLh38,2025-07-29T12:22:49Z,44,0,0,0,1,10,44.03
2026-07-27,8T2wjykQY8M,2025-07-29T00:56:50Z,106,1,0,0,3,8,46.47
2026-07-27,2mlwNI9mKVc,2025-07-28T12:23:00Z,63,0,0,0,3,14,53.43
2026-07-27,ZI_z_4_Pdfg,2025-07-28T00:56:19Z,123,0,0,0,4,10,51.12
2026-07-27,Lm7_gHvmrWc,2025-07-27T12:20:02Z,49,0,0,0,2,14,78.63
2026-07-27,9c3PnUunMrI,2025-07-27T00:56:38Z,69,0,0,0,2,9,53.22
2026-07-27,eohklwMcu8s,2025-07-26T12:20:31Z,73,0,0,0,4,15,52.300000000000004
2026-07-27,JMfUVNqH-v8,2025-07-26T00:50:36Z,55,0,1,0,2,15,57.56
2026-07-27,kCiWEditH2c,2025-07-25T12:22:32Z,97,0,0,0,6,20,63.31
2026-07-27,VzRORbvYeU8,2025-07-25T00:53:02Z,62,0,0,0,3,13,31.15
2026-07-27,TaYTYLmXSpw,2025-07-24T12:23:07Z,59,0,0,0,3,16,65.34
2026-07-27,eojAkEGYKy8,2025-07-24T00:51:50Z,29,0,0,0,1,14,64.98
2026-07-27,jDNLDjwedSI,2025-07-23T12:22:35Z,66,0,0,0,5,21,92.96
2026-07-27,l-MK9FDyZGo,2025-07-23T01:53:38Z,39,0,0,0,1,14,52.93
2026-07-27,MTISyE2GK90,2025-07-22T00:51:23Z,272,1,0,0,20,20,103.61
2026-07-27,xaxoboKmsp8,2025-07-21T12:23:00Z,53,0,0,0,3,15,52.14
2026-07-27,YYQPFxAyXlA,2025-07-21T00:55:19Z,94,0,0,0,4,13,57.26
2026-07-27,C-pKshzaFI4,2025-07-20T12:19:56Z,860,1,0,0,57,14,70.46
2026-07-27,2cXstg2g1oo,2025-07-20T00:58:48Z,104,0,0,0,7,18,61.03000000000001
2026-07-27,UUVJFY1I6eQ,2025-07-19T12:19:13Z,181,1,0,0,9,11,57.49999999999999
2026-07-27,72GZYgKfNgY,2025-07-19T00:50:17Z,69,0,0,0,4,13,38.88
2026-07-27,hYqav0qcs-4,2025-07-18T12:21:48Z,117,0,0,0,7,14,61.78
2026-07-27,CA74oLX496k,2025-07-18T00:51:11Z,60,0,0,0,3,18,65.66
2026-07-27,pqSpEEBBZ5Y,2025-07-17T12:20:49Z,158,2,0,0,12,14,74.81
2026-07-27,vHOEW402B9s,2025-07-17T00:51:20Z,63,0,0,0,2,13,55.03
2026-07-27,Y_hYHH0oLzQ,2025-07-16T12:21:49Z,61,0,0,0,2,13,56.84
2026-07-27,sQ9TSjUyYHg,2025-07-16T00:50:53Z,210,0,0,0,18,14,82.97
2026-07-27,wZ_p3BEx0Hw,2025-07-15T12:22:37Z,60,0,0,0,3,13,66.62
2026-07-27,kxtbSj_b_IM,2025-07-15T03:01:40Z,36,0,0,0,1,8,44.73
2026-07-27,VCg1HIvDlmM,2025-07-11T12:21:10Z,25,0,0,0,0,15,58.879999999999995
2026-07-27,CnXoXMSAG78,2025-07-11T00:49:31Z,88,0,0,0,4,12,68.05
2026-07-27,wGfuxxpXlSA,2025-07-10T12:21:07Z,91,0,0,0,4,10,53.59
2026-07-27,I9Ms9geTeu0,2025-07-10T00:48:30Z,31,0,0,0,0,11,52.27
2026-07-27,N8xFDObGXSE,2025-07-09T12:21:31Z,77,0,0,0,3,11,53.16
2026-07-27,oM-LaSVYYnA,2025-07-09T00:49:58Z,63,0,0,0,2,10,52.349999999999994
2026-07-27,Yrg3cZU7eJw,2025-07-08T12:20:58Z,233,2,0,0,17,13,79.16
2026-07-27,e7dQ9yvJzZY,2025-07-08T00:48:19Z,89,1,0,0,3,11,49.76
2026-07-27,QGLkukuFr9E,2025-07-07T12:21:02Z,59,0,0,0,2,8,40.58
2026-07-27,ww9LNzzWEnw,2025-07-07T00:53:34Z,50,0,0,0,1,8,29.99
2026-07-27,42IXNsa6d9s,2025-07-06T12:19:21Z,21,0,0,0,1,15,63.56
2026-07-27,JXJySqBADHM,2025-07-06T00:54:22Z,170,0,0,0,5,11,49.86
2026-07-27,zYZkNuHz-yU,2025-07-05T12:18:26Z,27,0,0,0,0,6,27.97
2026-07-27,E0ZN8wJS83Q,2025-07-04T14:52:05Z,64,0,0,0,3,23,94.8
2026-07-27,L_EL5f08i14,2025-07-04T00:48:22Z,100,0,0,0,3,10,46.8
2026-07-27,P5jIY_NCDO8,2025-07-03T12:20:17Z,41,1,0,0,0,7,32.17
2026-07-27,qoOse_duoqg,2025-07-03T00:49:50Z,34,0,0,0,1,10,31.679999999999996
2026-07-27,gMgf71gWSns,2025-07-02T12:20:19Z,43,0,0,0,1,12,56.25
2026-07-27,y6wq_o7vRLQ,2025-07-02T00:47:48Z,58,0,0,0,2,14,62.25000000000001
2026-07-27,gFmJwB7Ae1U,2025-07-01T12:21:07Z,31,0,0,0,0,6,26.52
2026-07-27,iR0ftXc_P6U,2025-07-01T00:57:14Z,236,1,0,0,12,18,72.61
2026-07-27,KIFT3RS-1jo,2025-06-30T12:21:59Z,88,0,0,0,3,12,47.15
2026-07-27,NX6cYcB8-B8,2025-06-30T00:52:39Z,68,1,0,0,2,16,64.75
2026-07-27,qJGTEw8iezU,2025-06-29T12:18:28Z,0,0,0,0,0,0,0
2026-07-27,9j4PZqjGolc,2025-06-29T00:56:34Z,52,0,0,0,1,10,36.27
2026-07-27,l6qVlMe-Z0Q,2025-06-28T12:19:40Z,91,0,0,0,5,15,55.91
2026-07-27,xdzaCKsaYVc,2025-06-28T00:47:46Z,64,0,0,0,2,16,54.64
2026-07-27,2HDA7p1cXq4,2025-06-27T12:21:30Z,46,0,0,0,1,6,21.23
2026-07-27,qzBLxTShQfg,2025-06-27T00:49:17Z,56,0,0,0,2,10,37.29
2026-07-27,o-D6D8NGp1c,2025-06-26T12:20:39Z,178,0,0,1,8,13,72.29
2026-07-27,kCVxPz88TPM,2025-06-26T00:48:31Z,79,1,0,0,3,11,42.07
2026-07-27,PUX24gEV630,2025-06-25T12:20:55Z,46,0,0,0,1,13,65.63
2026-07-27,o-6Buts0ygQ,2025-06-25T00:49:43Z,100,0,0,0,5,22,82.92
2026-07-27,FeI7PXDWAmw,2025-06-24T12:21:56Z,1,0,0,0,0,0,0
2026-07-27,t9dFnLh-wyc,2025-06-24T00:49:31Z,9,0,0,0,0,11,47.89
2026-07-27,GWn867yxYzY,2025-06-23T12:23:46Z,65,0,0,0,2,9,25.72
2026-07-27,DhDhiMwW4DM,2025-06-23T00:53:12Z,54,0,0,0,1,8,31.069999999999997
2026-07-27,Ls4D1v80ALc,2025-06-22T12:18:30Z,67,1,0,0,3,13,47.58
2026-07-27,RrHNCA462xE,2025-06-22T00:53:39Z,83,0,0,0,4,15,81.09
2026-07-27,myCAcQ2_K2k,2025-06-21T12:19:28Z,105,0,0,0,4,14,56.32
2026-07-27,lx6VPZry0ZI,2025-06-21T00:47:14Z,110,1,0,0,3,12,44.1
2026-07-27,G8m1ZRzRIfU,2025-06-20T12:22:06Z,43,0,0,0,2,17,50.63999999999999
2026-07-27,nVYVBPt0Lcw,2025-06-20T00:48:16Z,37,0,0,0,1,9,36.34
2026-07-27,zOKKSAcOFK4,2025-06-19T12:21:02Z,63,0,0,0,3,14,67.43
2026-07-27,bTegbNmSRi4,2025-06-19T00:47:39Z,52,0,0,0,1,8,38.11
2026-07-27,9cv0AGU3f7Y,2025-06-18T12:19:49Z,208,0,0,0,7,11,66.78
2026-07-27,Hio5eRT3P2Y,2025-06-18T00:48:20Z,162,0,0,0,10,15,82.89
2026-07-27,A7yOEADsfLA,2025-06-17T12:20:38Z,87,1,0,0,4,12,70.3
2026-07-27,Q110khFMHL0,2025-06-17T00:47:59Z,71,0,0,0,3,15,79.17
2026-07-27,2h5-mJgktc0,2025-06-16T12:20:45Z,155,0,0,0,6,10,49.91
2026-07-27,qC6aiQLMTX0,2025-06-16T00:50:56Z,47,0,0,0,1,9,34.84
2026-07-27,bjNe7kxRpNk,2025-06-15T12:17:23Z,228,0,0,0,6,9,56.98
2026-07-27,mfh4EENwNF0,2025-06-15T00:55:56Z,176,0,0,0,9,13,47.49
2026-07-27,cvcwwkidXUs,2025-06-14T12:18:35Z,158,0,0,0,6,10,65.31
2026-07-27,WMoc4BUxR7Y,2025-06-14T00:46:37Z,160,1,0,0,8,15,58.540000000000006
2026-07-27,VcSN_Q6tN_w,2025-06-13T12:20:42Z,2,0,0,0,0,0,0
2026-07-27,M9CTXlrO6Hs,2025-06-13T03:51:00Z,135,0,0,0,6,13,60.35
2026-07-27,zK8iBDmYMKA,2025-06-12T12:19:47Z,58,0,0,0,1,7,36.72
2026-07-27,q4XHnjjH9dI,2025-06-12T00:46:46Z,125,0,0,0,4,9,49.65
2026-07-27,dO9QLnnbkW0,2025-06-11T12:20:34Z,77,1,0,0,2,18,78.7
2026-07-27,4JGOMKkIEKI,2025-06-11T00:48:33Z,335,0,0,0,13,13,54.40999999999999
2026-07-27,YTHY2PLYiLY,2025-06-10T12:21:46Z,164,0,1,0,11,20,71.27
2026-07-27,PIYhdRillDg,2025-06-10T00:47:33Z,128,0,0,0,6,16,87.51
2026-07-27,rg0_VgiF3b4,2025-06-09T12:21:30Z,82,0,0,0,3,9,30.130000000000003
2026-07-27,TBaj-KzYc1w,2025-06-09T00:52:08Z,105,0,0,0,5,14,56.3
2026-07-27,pPM8iPJTp_4,2025-06-08T12:22:47Z,4,0,0,0,0,11,42.67
2026-07-27,dEAFsKkgfus,2025-06-08T00:53:02Z,83,0,0,0,3,13,75.2
2026-07-27,bA2Rh8Oe2us,2025-06-07T12:18:17Z,72,0,0,0,2,9,45.5
2026-07-27,Xpk_pToAUSE,2025-06-07T00:47:32Z,52,0,0,0,1,10,49.23
2026-07-27,cqtb3jL81es,2025-06-06T12:20:44Z,70,0,0,0,2,11,46.02
2026-07-27,9LA1iCEEaEU,2025-06-06T00:48:12Z,294,0,0,0,12,11,45.09
2026-07-27,PCy9dpRZ0CA,2025-06-05T16:39:18Z,141,0,0,0,3,9,32.51
2026-07-27,9AZa6pvcq_g,2025-06-05T12:22:21Z,2,0,0,0,0,28,102.4
2026-07-27,HNa-g80gjCY,2025-06-05T00:47:13Z,309,0,0,0,11,10,62.24000000000001
2026-07-27,zaXzhb7zM7c,2025-06-04T12:20:18Z,126,0,0,0,6,15,66.18
2026-07-27,bsCmWKVvCCI,2025-06-04T00:48:29Z,59,0,0,0,2,18,63.190000000000005
2026-07-27,vzEQ52cEtGI,2025-06-03T12:20:25Z,78,0,0,0,4,14,55.92
2026-07-27,r_aMwKtTZS4,2025-06-03T00:48:20Z,42,0,0,0,1,10,41.6
2026-07-27,HGmiusWhzcM,2025-06-02T12:20:07Z,185,0,0,0,8,12,71.3
2026-07-27,jWw6qlFWawc,2025-06-02T00:49:38Z,334,0,0,0,12,13,64.46
2026-07-27,xfSLuWxTnWQ,2025-06-01T12:19:16Z,117,0,0,0,5,12,60.22
2026-07-27,UsQLO2UBPdI,2025-06-01T00:59:20Z,72,0,0,0,2,9,31.97
2026-07-27,t2V2iI_HdvY,2025-05-31T12:17:47Z,82,0,0,0,2,8,47.07
2026-07-27,Sx_pHwLn43g,2025-05-31T01:32:46Z,87,0,0,0,2,8,46.19
2026-07-27,Pp4fV1ZhBNs,2025-05-30T12:19:48Z,206,0,0,0,17,12,63.6
2026-07-27,c9gpgxcSUmw,2025-05-30T00:46:50Z,5,0,0,0,1,16,72.14
2026-07-27,RZeaNeLIj5c,2025-05-29T12:19:40Z,61,0,0,0,2,14,61.529999999999994
2026-07-27,u7KfW248d0U,2025-05-29T00:47:56Z,74,1,1,0,2,11,59.07
2026-07-27,MSXJYvEJxd4,2025-05-28T18:51:21Z,11,0,0,0,1,14,87.82
2026-07-27,4GOkf4Y8hLk,2025-05-28T12:20:24Z,44,0,0,0,1,11,46.39
2026-07-27,j6nPLmSAPhc,2025-05-28T00:47:43Z,50,0,0,0,2,17,85.08
2026-07-27,wAYHiCNZRas,2025-05-27T12:20:27Z,93,1,0,0,4,11,43.65
2026-07-27,H5d6AZyg010,2025-05-27T00:45:45Z,179,0,0,0,6,10,68.28
2026-07-27,CAaa6S7pGns,2025-05-26T12:20:12Z,118,0,0,0,4,12,48.51
2026-07-27,yOx0Zjc4MW8,2025-05-26T00:49:08Z,200,2,0,0,13,15,66.14
2026-07-27,wRcGYiRZ4Nk,2025-05-25T12:18:07Z,258,0,0,0,15,14,85.15
2026-07-27,qswT6Ib-wT0,2025-05-25T00:53:24Z,140,0,0,0,5,10,38.39
2026-07-27,TRkwxs18Mz0,2025-05-24T12:19:33Z,96,0,0,0,5,16,50.72
2026-07-27,It9_smZPUHQ,2025-05-24T00:45:36Z,127,0,0,0,5,11,51.35000000000001
2026-07-27,GN0grBkYcZM,2025-05-23T17:33:30Z,91,1,0,0,5,22,81.61
2026-07-27,mL15th4eX-Y,2025-05-23T00:46:14Z,66,0,0,0,2,12,58.72999999999999
2026-07-27,DYgVmkj41kI,2025-05-22T12:20:39Z,70,0,0,0,3,15,69.19
2026-07-27,jbeOx8GjweU,2025-05-22T00:46:51Z,29,0,0,0,0,8,43.17
2026-07-27,FrPl6vsB6eU,2025-05-21T12:19:21Z,240,0,0,0,11,12,65.75
2026-07-27,fusoLfprni4,2025-05-21T00:46:43Z,87,0,0,0,3,9,64.15
2026-07-27,ctfPWK63xTw,2025-05-20T12:21:54Z,63,0,0,0,3,16,66.71
2026-07-27,koXY8jim-jM,2025-05-20T00:47:19Z,91,0,0,0,4,12,51.99
2026-07-27,phs6XlqZhC0,2025-05-19T12:22:22Z,117,0,0,0,3,10,34.92
2026-07-27,IFyfqe1rlMk,2025-05-19T00:48:48Z,91,0,0,0,3,10,64.84
2026-07-27,dPWfCjrsoos,2025-05-18T12:19:04Z,125,1,0,0,5,10,45.11
2026-07-27,RMX1GoAmPKc,2025-05-18T00:50:22Z,88,0,0,0,4,11,60.53999999999999
2026-07-27,ZnBMPMXKo58,2025-05-17T12:19:06Z,57,0,0,0,3,19,74.53
2026-07-27,68TQHx52cCY,2025-05-17T00:44:39Z,0,0,0,0,0,0,0
2026-07-27,VvNeswdrLTI,2025-05-16T12:20:14Z,121,0,0,0,8,23,101.05999999999999
2026-07-27,Xxokvejej1E,2025-05-16T00:47:27Z,178,0,0,0,4,7,38.51
2026-07-27,2t2fxmJbGB0,2025-05-15T12:20:58Z,117,0,0,0,4,9,37.76
2026-07-27,UmC_v0_WE80,2025-05-15T00:44:49Z,51,0,0,0,1,14,72.59
2026-07-27,vlc3XNhFDPw,2025-05-14T12:20:22Z,41,0,0,0,0,15,46.97
2026-07-27,Ej7Dr-jsd-c,2025-05-14T00:46:55Z,46,0,0,0,4,20,81.46
2026-07-27,sRYLe_NG6DI,2025-05-13T12:20:11Z,65,0,0,0,3,23,113.98000000000002
2026-07-27,WkahoEceybs,2025-05-13T00:45:58Z,30,0,0,0,0,4,23.68
2026-07-27,ilM07_lXaBM,2025-05-12T12:24:14Z,94,0,0,0,4,12,78.4
2026-07-27,EecjxHYz0ps,2025-05-12T00:48:11Z,112,0,0,0,6,24,114.62
2026-07-27,7y3o1y5Tu6s,2025-05-11T12:18:04Z,264,1,0,0,11,11,65.62
2026-07-27,NjGtESoHmUc,2025-05-11T00:48:57Z,79,0,0,0,2,13,68.86
2026-07-27,zx5DM9ukBF4,2025-05-10T12:18:50Z,190,1,0,0,7,18,68.17
2026-07-27,XM-IhwOVvCI,2025-05-10T00:43:46Z,307,0,0,0,11,17,73.17
2026-07-27,8pTTszih3v4,2025-05-09T12:18:41Z,172,0,0,0,5,15,70.95
2026-07-27,eTDyTZ5JnEs,2025-05-09T00:45:59Z,37,0,0,0,0,5,27.11
2026-07-27,EuYCO8aNOPM,2025-05-08T12:19:56Z,53,0,0,0,1,9,34.96
2026-07-27,TSzeDjpjmpE,2025-05-08T00:46:54Z,67,0,1,0,3,18,66.21
2026-07-27,NcVWi1QmIKk,2025-05-07T12:25:32Z,67,0,0,0,1,15,66
2026-07-27,fnP_PnYebjc,2025-05-07T00:47:00Z,200,0,0,0,8,13,59.14
2026-07-27,t96sT3Qq-FU,2025-05-06T12:24:10Z,80,0,0,0,7,61,227.02
2026-07-27,nSNc4Hb3Zgc,2025-05-06T00:46:35Z,40,0,0,0,0,0,0
2026-07-27,espwjgXy838,2025-05-05T12:20:42Z,52,0,0,0,1,13,53.33
2026-07-27,LOCLJ2Sf3aA,2025-05-05T04:45:43Z,52,0,0,0,1,8,31.069999999999997
2026-07-27,hUkDHR8W8BI,2025-05-04T12:17:45Z,88,0,0,0,45,242,1349.02
2026-07-27,C1d2SYSeaG4,2025-05-04T00:51:37Z,77,1,0,0,2,7,30.44
2026-07-27,235BKRdgpFk,2025-05-03T12:19:16Z,40,0,0,0,1,14,52.89
2026-07-27,-bC8O8QlJgA,2025-05-03T00:43:53Z,225,0,0,0,7,9,43.19
2026-07-27,MDp6r2HuNI8,2025-05-02T12:18:04Z,61,0,0,0,1,19,138.57
2026-07-27,xye9xWprlN8,2025-05-02T00:45:07Z,144,0,0,0,4,9,45.96
2026-07-27,EBBJl9x16o4,2025-05-01T12:18:05Z,85,0,0,0,2,7,43.26
2026-07-27,88yWwTHRxuM,2025-05-01T00:52:04Z,64,0,0,0,2,15,45.47
2026-07-27,03pUihkjQSQ,2025-04-30T12:24:53Z,53,0,0,0,1,8,30.42
2026-07-27,gTvEHz8oUck,2025-04-30T00:44:56Z,62,1,0,0,2,12,69.42
2026-07-27,P8m2FRee-Hs,2025-04-29T12:21:40Z,44,0,0,0,3,17,64.1
2026-07-27,JfSbOr27Kk0,2025-04-29T00:45:24Z,39,0,0,0,0,5,19.24
2026-07-27,4Jr_2QZcyrw,2025-04-28T12:18:58Z,67,0,0,0,1,13,65.41
2026-07-27,Wjr65y4hM1I,2025-04-28T00:45:52Z,154,0,0,0,6,11,79.23
2026-07-27,lUFplL1LBm0,2025-04-27T14:49:02Z,36,0,0,0,0,12,54.29999999999999
2026-07-27,GgOzyu_INak,2025-04-27T00:47:33Z,52,0,0,0,3,40,201.66999999999996
2026-07-27,4MJnNsvo53w,2025-04-26T12:17:53Z,165,0,0,0,5,10,53.92
2026-07-27,4aNpi2uLm4w,2025-04-26T00:44:18Z,76,0,0,0,14,63,234.56
2026-07-27,1gKSlD9axkw,2025-04-25T12:19:43Z,78,0,0,0,3,12,39.19
2026-07-27,5g2ZJyQ--Dc,2025-04-25T00:46:17Z,68,0,0,0,2,9,36.62
2026-07-27,dUZwxBwl_mo,2025-04-24T12:20:22Z,69,0,0,0,2,12,40.26
2026-07-27,xvqqvyp6XYw,2025-04-24T00:44:52Z,71,0,0,0,2,14,54.92
2026-07-27,ofnLcJI_STU,2025-04-23T12:19:57Z,55,0,0,0,2,31,112.42000000000002
2026-07-27,0_hnbylTTBg,2025-04-23T00:45:24Z,153,1,0,0,7,10,65.23
2026-07-27,sr2V6XXheAs,2025-04-22T12:18:44Z,56,0,0,0,3,19,86.4
2026-07-27,GjDII9Fkrqk,2025-04-22T00:44:56Z,74,0,0,0,5,26,105.76
2026-07-27,FYOfw1Zz_Yw,2025-04-21T12:20:31Z,88,1,0,0,4,22,74.7
2026-07-27,ZVHhWsZAEUM,2025-04-21T00:48:25Z,71,0,0,0,3,22,92.88
2026-07-27,epOHwc8AkZw,2025-04-20T12:18:28Z,102,2,0,0,5,16,64.02
2026-07-27,LbiHcD1PyjM,2025-04-20T06:27:20Z,77,0,0,0,2,13,59.75
2026-07-27,KyiYdze_V-g,2025-04-20T00:47:33Z,69,1,0,0,1,7,36.86
2026-07-27,iP1DR_4yBDU,2025-04-19T12:17:41Z,44,0,0,0,0,8,38.67
2026-07-27,oCmJ_bk3BvM,2025-04-19T00:44:37Z,90,0,0,0,4,15,36.31
2026-07-27,dqnzyOGZ3aI,2025-04-18T12:18:52Z,89,0,0,0,5,20,67.86
2026-07-27,DzUDd9GV8v8,2025-04-18T00:44:31Z,102,0,0,0,2,7,23.8
2026-07-27,6Tbs7lNSTQU,2025-04-17T12:19:31Z,52,1,0,0,3,18,75.55
2026-07-27,0XQnsZrXjn4,2025-04-17T00:42:48Z,36,0,1,0,1,13,105.49
2026-07-27,-P85g9OoT74,2025-04-16T12:19:16Z,189,0,0,0,8,16,61.3
2026-07-27,Yt1uSAQaXz8,2025-04-16T00:45:27Z,47,0,0,0,1,7,29.43
2026-07-27,AUabED30hEw,2025-04-15T15:12:51Z,95,0,0,0,4,12,37.17
2026-07-27,c2_M9MunhjI,2025-04-15T00:47:34Z,79,0,0,0,4,16,35.79
2026-07-27,shu7C6IkoWE,2025-04-14T12:18:22Z,115,0,0,0,5,14,80.84
2026-07-27,1dvZOni6DHo,2025-04-14T00:47:55Z,53,0,0,0,3,16,70.62
2026-07-27,FD5O6wmAudE,2025-04-13T12:18:51Z,83,0,0,0,3,15,47.48
2026-07-27,DPqoAO4lVsw,2025-04-13T02:11:46Z,131,0,0,0,7,14,53.010000000000005
2026-07-27,W8WYIm7c8sE,2025-04-12T12:15:49Z,79,0,0,0,4,15,84.77
2026-07-27,whyud5rF_Xk,2025-04-12T00:44:17Z,137,0,0,0,8,17,53.49
2026-07-27,upeH7p3lYTw,2025-04-11T12:18:52Z,144,0,0,0,7,20,90.99
2026-07-27,zBSSuDCgEg4,2025-04-11T00:45:44Z,60,0,0,0,4,21,72.99
2026-07-27,Jg2B9SPLvTI,2025-04-10T12:20:39Z,45,0,0,0,1,8,21.13
2026-07-27,laUk3okt-Nk,2025-04-10T00:44:23Z,70,0,0,0,3,26,84.14
2026-07-27,_7TFxr97JVQ,2025-04-09T12:19:29Z,45,0,0,0,5,24,83.52
2026-07-27,iR2C0mR60zs,2025-04-09T00:43:22Z,3,0,0,0,0,12,54.56999999999999
2026-07-27,XVyWWogVGdU,2025-04-08T12:18:39Z,61,0,0,0,2,11,55.50000000000001
2026-07-27,YjVpTGo3Q00,2025-04-08T01:17:43Z,72,0,0,0,4,13,46.06
2026-07-27,aVVeiPPLQdE,2025-04-07T12:19:05Z,40,0,0,0,0,5,23.69
2026-07-27,jvEdORakdUc,2025-04-07T00:46:41Z,93,0,0,0,4,12,46.05
2026-07-27,HyV_GfBmgmE,2025-04-06T16:39:59Z,0,0,0,0,0,0,0
2026-07-27,RJmlh-AheTQ,2025-04-06T12:16:35Z,47,0,0,0,8,94,448.36
2026-07-27,tU3rSMeXUuw,2025-04-06T00:47:58Z,51,0,0,0,2,18,54.14
2026-07-27,0sUXYOFYnUg,2025-04-05T16:50:37Z,50,0,0,0,2,11,49.97
2026-07-27,aFvQ5cF82JE,2025-04-05T00:42:56Z,40,1,0,0,1,11,41.35
2026-07-27,A4eccA916zo,2025-04-04T12:19:08Z,55,0,0,0,2,9,30.25
2026-07-27,l3_-NCoPohk,2025-04-04T00:44:25Z,49,0,0,0,1,14,54.010000000000005
2026-07-27,3u9WuhDUNtU,2025-04-03T12:19:19Z,37,0,0,0,0,5,18.52
2026-07-27,PqY6Q-C59bQ,2025-04-03T00:42:36Z,135,0,0,0,7,14,79.14
2026-07-27,aEIVU5PDM_Y,2025-04-02T12:19:24Z,72,0,0,0,2,9,35.62
2026-07-27,O9Dvzofzg4A,2025-04-02T00:45:42Z,177,1,0,0,5,11,30.79
2026-07-27,5fRSI_n5JIw,2025-04-01T12:20:46Z,0,0,0,0,0,0,0
2026-07-27,es5FZakBJhA,2025-04-01T00:50:23Z,77,0,0,0,2,8,29.65
2026-07-27,SHgrwzAXJ18,2025-03-31T14:37:48Z,190,0,0,0,9,11,48.85
2026-07-27,wWFiiMJS3aU,2025-03-31T00:45:30Z,33,1,0,0,6,12,75.88
2026-07-27,obRxtdwnJ4E,2025-03-30T12:18:17Z,39,1,0,0,3,9,37.6
2026-07-27,YNErPIYQaiQ,2025-03-30T00:47:15Z,34,0,0,0,4,10,44.34
2026-07-27,W3TZDvxUtd4,2025-03-29T12:17:47Z,12,0,0,0,3,18,52.57000000000001
2026-07-27,Zvspd5LwwKM,2025-03-29T00:43:48Z,7,0,0,0,1,13,37.83
2026-07-27,c1a4TlA0NLg,2025-03-28T12:17:12Z,5,0,0,0,0,8,61.84
2026-07-27,l34VAYFZkZI,2025-03-28T00:42:03Z,19,1,0,0,14,48,300.99
2026-07-27,N3Xhdj3gjF8,2025-03-27T12:21:00Z,19,1,0,0,3,12,56.779999999999994
2026-07-27,EDJVbBzyH88,2025-03-27T00:44:23Z,9,0,0,0,1,13,36.43
2026-07-27,mPXaXEg1RNI,2025-03-26T12:19:23Z,18,0,0,0,2,12,38.96
2026-07-27,O8SgQs2gb5s,2025-03-26T00:43:10Z,18,0,0,0,4,20,87.14
2026-07-27,D9XjF9gEgxw,2025-03-25T12:17:49Z,18,1,0,0,3,12,74.99
2026-07-27,QdKqBGyFeoI,2025-03-25T00:44:34Z,41,0,0,0,9,17,65.26
2026-07-27,Q1Mik5ASShA,2025-03-24T12:19:28Z,5,0,0,0,1,13,54.89000000000001
2026-07-27,tYB89tYADjM,2025-03-24T02:13:38Z,20,0,0,0,2,8,32.69
2026-07-27,pHF0EHiEsNg,2025-03-24T02:05:55Z,0,0,0,0,0,0,0
2026-07-27,eRClnS1LCCs,2025-03-23T01:56:16Z,14,0,0,0,2,15,71.72
2026-07-27,Ae6nHDU2LJw,2025-03-22T01:47:52Z,18,0,0,0,2,9,38.59
2026-07-27,wtfz55vyKnM,2025-03-21T01:53:13Z,5,0,0,0,1,16,50.55
2026-07-27,o6BlyEGFy3g,2025-03-20T01:49:15Z,2,0,0,0,0,21,84.44
2026-07-27,QjyB8oU6W28,2025-03-19T01:49:08Z,26,0,0,0,27,65,437
2026-07-27,ELm9sCQzEqY,2025-03-18T01:49:29Z,85,5,0,0,23,17,92.63
2026-07-27,vA_wqVo8ybM,2025-03-17T01:53:20Z,20,0,0,0,5,16,58.07
2026-07-27,kpP9o40QSCE,2025-03-16T15:06:00Z,20,2,0,0,4,13,45.09
2026-07-27,xuI7r8KmQC4,2025-03-15T01:46:33Z,11,0,0,0,1,9,46.8
2026-07-27,tJhCCUKC0b0,2025-03-14T01:47:07Z,11,2,0,0,1,9,45.99
2026-07-27,qBEWNVNlghs,2025-03-13T01:51:02Z,14,0,0,0,3,15,44.32
2026-07-27,4SVv53Ae1KE,2025-03-12T01:48:34Z,8,0,0,0,2,17,56.36
2026-07-27,e0cu6XoXXfY,2025-03-11T01:48:35Z,13,0,0,0,1,9,43.37
2026-07-27,WKwqH0_m7Zo,2025-03-10T17:25:22Z,16,0,0,0,2,13,44.15
2026-07-27,xf9viwThsqg,2025-03-10T01:26:07Z,1,0,0,0,0,0,0
2026-07-27,YbFbt3l-xJc,2025-03-09T01:28:22Z,0,0,0,0,0,0,0
2026-07-27,FxkfLtwKcNE,2025-03-08T20:05:09Z,3,2,0,0,0,24,202.03000000000003
2026-07-27,nLl8OoD-iCM,2025-03-08T19:58:02Z,0,0,0,0,0,0,0
2026-07-27,R0QpJvYe3ws,2025-03-08T19:35:07Z,2,1,0,0,0,18,156.44
2026-07-27,QVX-jvxkoLk,2025-03-08T19:19:02Z,0,0,0,0,0,0,0
2026-07-27,4bCG6ewJmNM,2025-03-08T17:07:15Z,2,1,0,0,0,23,65.72
2026-07-27,HJrfyL_-TXg,2025-03-08T16:51:39Z,1,0,0,0,1,76,218.67999999999998
2026-07-27,h3dcmdIDRM4,2025-03-08T01:21:07Z,0,0,0,0,0,0,0
2026-07-27,fZUa99cHfg0,2025-03-07T18:57:40Z,3,0,0,0,0,7,29.39
2026-07-27,ZV_88UU4x5o,2025-03-06T01:46:56Z,0,0,0,0,0,0,0
2026-07-27,AfhxAw2OO7Q,2025-03-05T01:48:35Z,3,0,0,0,0,8,26.85
2026-07-27,gxpql54tZ1E,2025-03-04T01:48:48Z,0,0,0,0,0,0,0
2026-07-27,QefM0oQMg3I,2025-03-03T01:49:53Z,3,0,0,0,0,12,47.04
2026-07-27,xtMA94JSxz0,2025-03-02T01:51:49Z,0,0,0,0,0,0,0
2026-07-27,yl-gQb5ghw0,2025-03-01T01:54:05Z,3,0,0,0,0,38,98.46
2026-07-27,XG0sXawBMFg,2025-02-28T01:47:51Z,1,0,0,0,0,0,0
2026-07-27,quGd2PQgO5Q,2025-02-27T16:56:20Z,0,0,0,0,0,0,0
2026-07-27,Z-xAjlSj9e4,2025-02-26T01:45:58Z,2,1,0,0,0,29,115.35
2026-07-27,sPxxvTx-T2A,2025-02-25T01:47:16Z,1,1,0,0,0,32,105.15999999999998
2026-07-27,8Ll9pxYdKcs,2025-02-24T01:48:07Z,2,0,0,0,0,11,44.07
2026-07-27,sFi-7B8vS-0,2025-02-23T01:50:09Z,3,0,0,0,0,0,0
2026-07-27,xN95DMjGp0U,2025-02-22T01:41:15Z,2,0,0,0,0,39,162.6
2026-07-27,ZK9LzMSYw-Q,2025-02-21T01:44:57Z,4,0,0,0,0,19,71.48
2026-07-27,zogEMDmfX3c,2025-02-20T01:45:19Z,0,0,0,0,0,0,0
2026-07-27,7_1OlSt7XpU,2025-02-19T03:06:18Z,1,1,0,0,0,27,104.97000000000001
2026-07-27,X6EakGRwYn8,2025-02-18T01:42:59Z,1,0,0,0,0,2,13.18
2026-07-27,rzpvm64KO8o,2025-02-17T01:46:34Z,2,0,0,0,0,0,0
2026-07-27,kNabXfqCMDs,2025-02-16T01:50:44Z,2,0,0,0,0,23,78.33
2026-07-27,V6RSbR44l84,2025-02-15T01:41:33Z,0,0,0,0,0,0,0
2026-07-27,8qctDdJ2VkY,2025-02-14T01:44:57Z,4,0,0,0,0,0,0
2026-07-27,21PzViV1IWM,2025-02-13T01:44:49Z,1,0,0,0,0,34,107.61
2026-07-27,eevzllGqXfg,2025-02-12T01:43:02Z,3,1,0,0,0,22,102.63
2026-07-27,T6VpJaGx-A0,2025-02-11T05:51:11Z,5,0,0,0,1,35,127.38000000000001
2026-07-27,ovy8uhzNckE,2025-02-10T01:45:11Z,0,0,0,0,0,0,0
2026-07-27,YwhqUzLuRMQ,2025-02-09T01:48:20Z,2,0,0,0,0,23,77.82
2026-07-27,CEJDCWfXUZI,2025-02-08T01:39:39Z,5,1,0,0,0,8,42.2
2026-07-27,-bMBiVm0myo,2025-02-07T20:23:53Z,1,0,0,0,0,18,96.64
2026-07-27,WsgDaaSrk3U,2025-02-07T01:44:07Z,1,1,0,0,0,34,111.48
2026-07-27,KCMfOKwANH4,2025-02-06T01:44:49Z,18,6,0,1,4,15,60.27
2026-07-27,Lat74n78zMs,2025-02-05T01:43:04Z,0,0,0,0,0,0,0
2026-07-27,XuCNkec8SX4,2025-02-04T16:34:05Z,19,0,0,0,3,15,81.07
2026-07-27,xQ6CrXPJM5k,2025-02-03T23:26:48Z,2,0,0,0,0,13,51.06
2026-07-27,CdEcz1EAAOg,2025-02-03T23:18:09Z,1,0,0,0,0,22,92.58
2026-07-27,mRiHLfwksz4,2025-02-02T01:46:41Z,2,1,0,0,0,35,99.99
2026-07-27,2qfxXpvdrfk,2025-02-01T01:45:34Z,13,1,0,0,1,16,86.26
2026-07-27,LoWEWRS8uGQ,2025-01-31T01:41:37Z,2,1,0,0,0,24,106.61
2026-07-27,PaaDR3GUNxs,2025-01-30T01:39:17Z,3,1,0,0,0,17,101.64999999999999
2026-07-27,V5c-0tFaJXQ,2025-01-29T01:41:39Z,15,1,0,0,2,15,56.43
2026-07-27,ArOTPV66jAs,2025-01-28T01:40:23Z,2,1,0,0,0,18,95.74
2026-07-27,W6lSWIUXEvk,2025-01-27T01:45:14Z,2,1,0,0,1,71,205.42
2026-07-27,X3voezK8ckw,2025-01-26T23:28:59Z,0,0,0,0,0,0,0
2026-07-27,eRXthPAIScE,2025-01-26T23:19:24Z,1,0,0,0,0,9,70.92
2026-07-27,P8lXctHCMgw,2025-01-25T01:30:54Z,1,0,0,0,0,5,23.58
2026-07-27,Ss39SHWOyfI,2025-01-24T19:08:25Z,0,0,0,0,0,0,0
2026-07-27,mmUNb228ljY,2025-01-22T01:44:25Z,5,0,0,0,1,22,68.39
2026-07-27,zM98d8n98hQ,2025-01-21T01:42:10Z,7,0,0,0,2,23,71.92
2026-07-27,WgdXHLit4_E,2025-01-20T01:44:16Z,2,0,0,0,0,24,68.72
2026-07-27,mcLeYiPBWWE,2025-01-19T01:47:13Z,0,0,0,0,0,0,0
2026-07-27,KghSUgPGjzU,2025-01-18T20:13:50Z,9,2,0,0,2,16,63.2
2026-07-27,hihRQIoVgiI,2025-01-18T20:04:27Z,0,0,0,0,0,0,0
2026-07-27,cZIPJo_zzTs,2025-01-18T18:17:46Z,3,0,0,0,0,10,40.05
2026-07-27,VvjWCkEjBLY,2025-01-18T18:04:26Z,1,0,0,0,0,27,107.07
2026-08-03,xkm_3gOgLYY,2026-08-03T04:03:47Z,0,0,0,0,0,0,0
2026-08-03,TPW1hWGeuCA,2026-08-02T14:03:57Z,0,0,0,0,0,0,0
2026-08-03,oPLnn3gb4Oc,2026-08-02T04:00:02Z,0,0,0,0,0,0,0
2026-08-03,mQEqp9Dxa5g,2026-08-01T14:03:30Z,0,0,0,0,0,0,0
2026-08-03,u3BYM-0RABA,2026-08-01T03:57:27Z,41,0,0,0,2,9,51.99
2026-08-03,em41mGEv0Qg,2026-07-31T14:43:42Z,15,0,0,0,0,8,36.89
2026-08-03,I5GBaaCvUiw,2026-07-31T03:57:38Z,36,0,0,0,1,7,30.67
2026-08-03,2ncWfRH3Emc,2026-07-30T14:38:38Z,15,0,0,0,0,8,59.13
2026-08-03,vkhtlya4qXM,2026-07-30T03:37:33Z,233,5,0,0,11,10,42.71
2026-08-03,-fYxSUwVrgk,2026-07-29T14:36:34Z,64,0,0,0,2,4,35.61
2026-08-03,u4wHuIOz7Qc,2026-07-29T03:47:14Z,32,0,0,0,2,12,74.88
2026-08-03,fHajxNlHty8,2026-07-28T14:46:27Z,125,0,0,0,8,9,46.44
2026-08-03,X3LMPfyttE4,2026-07-28T03:43:57Z,415,0,0,0,34,7,43.89
2026-08-03,TNSZ-pGlZa8,2026-07-27T15:20:25Z,132,0,0,0,8,9,59.32999999999999
2026-08-03,VDH3pSafyE0,2026-07-27T04:10:19Z,0,0,0,0,0,0,0
2026-08-03,LdJdsu09-rI,2026-07-26T14:04:59Z,57,1,0,0,3,10,38.58
2026-08-03,Gc7kRCXGyRI,2026-07-26T04:03:23Z,267,1,0,1,21,11,47.97
2026-08-03,fwFDh05XuFg,2026-07-25T14:09:22Z,160,3,0,0,9,9,39.07
2026-08-03,MVY7DpO8COU,2026-07-24T13:13:08Z,211,2,0,0,17,9,61.14000000000001
2026-08-03,jNo2UcuZHFY,2026-07-24T01:21:57Z,70,2,0,0,5,11,74.57
2026-08-03,oo1YCKBqTQ4,2026-07-23T13:19:34Z,28,0,0,0,2,10,66.7
2026-08-03,FmVS87wYWu8,2026-07-23T01:25:47Z,45,0,0,0,3,7,42.47
2026-08-03,21k3HatOeII,2026-07-22T13:16:25Z,71,0,0,0,2,8,55.27000000000001
2026-08-03,Tti7RzkcUoA,2026-07-22T01:18:14Z,318,2,0,0,24,9,61.8
2026-08-03,8YZVI-fcKDU,2026-07-21T13:11:45Z,42,0,0,0,3,9,36.31
2026-08-03,_JNq0AyEnIY,2026-07-21T01:19:41Z,324,3,0,0,21,8,45.53
2026-08-03,rgiHxOEvqoU,2026-07-20T13:46:52Z,671,9,3,0,70,11,54.09
2026-08-03,rDEBC9ESVAQ,2026-07-20T04:07:41Z,57,1,0,0,3,8,36.66
2026-08-03,zUDgKKXJBgM,2026-07-20T01:23:48Z,50,0,0,0,5,13,62.07
2026-08-03,ayziXl17m0c,2026-07-19T12:47:15Z,94,0,0,0,12,16,66.51
2026-08-03,ZBzGoyJUCx0,2026-07-19T01:20:36Z,923,6,0,0,79,11,57.10999999999999
2026-08-03,n6qM8iR6ims,2026-07-18T21:13:57Z,210,1,0,0,17,10,54.05
2026-08-03,jDnK5ylnhjQ,2026-07-18T21:09:06Z,0,0,0,0,0,0,0
2026-08-03,WWb1AoRuH7g,2026-07-18T18:16:22Z,43,0,0,0,1,8,45.08
2026-08-03,2cZjkK3o1IA,2026-07-16T13:14:47Z,15,0,0,0,0,5,18.9
2026-08-03,eEEdtpL4cyw,2026-07-16T01:20:26Z,35,0,0,0,1,8,31.91
2026-08-03,qvNzVCzWebk,2026-07-15T13:06:06Z,0,0,0,0,0,0,0
2026-08-03,ZBqPVauue_g,2026-07-15T01:11:22Z,1,0,0,0,0,0,0
2026-08-03,5_21Ne0q-Fs,2026-07-14T13:02:31Z,3,0,0,0,0,0,0
2026-08-03,mObNAez-IlQ,2026-07-14T01:13:27Z,0,0,0,0,0,0,0
2026-08-03,QkgCWIwxD3E,2026-07-13T13:56:47Z,0,0,0,0,0,0,0
2026-08-03,Rydumn0lE94,2026-07-13T01:24:34Z,1,0,0,0,0,0,0
2026-08-03,l9AqGu1uTUQ,2026-07-12T12:49:18Z,0,0,0,0,0,0,0
2026-08-03,DDcvqQy8RnE,2026-07-12T01:22:24Z,20,0,0,0,0,6,32.38
2026-08-03,UsOMmaGyYss,2026-07-11T12:47:47Z,0,0,0,0,0,0,0
2026-08-03,TmbiTORWNpI,2026-07-11T01:20:34Z,2,0,0,0,0,15,84.67
2026-08-03,Wh1uSphGS-g,2026-07-10T13:53:03Z,2,0,0,0,0,0,0
2026-08-03,a1O87cs5n1E,2026-07-10T01:26:39Z,24,0,0,0,2,28,204.97
2026-08-03,1ypGKtEuTV0,2026-07-09T14:27:26Z,42,0,0,0,2,12,36.59
2026-08-03,4TSVJGnrMOU,2026-07-09T01:31:13Z,28,0,0,0,1,9,30.130000000000003
2026-08-03,5w14vR6XgGY,2026-07-08T13:24:59Z,31,0,0,0,1,9,40.91
2026-08-03,o7altf6Nuu0,2026-07-08T01:22:41Z,46,0,0,0,1,8,33.25
2026-08-03,aQfDx8zU8lg,2026-07-07T14:03:13Z,36,0,0,0,1,13,64.78
2026-08-03,K0jUxVx52eA,2026-07-07T01:50:04Z,61,0,0,0,3,14,52.77
2026-08-03,uyAcGze4n-8,2026-07-06T14:52:48Z,36,0,0,0,1,8,42.72
2026-08-03,PiM5eyfzzN4,2026-07-06T01:53:42Z,51,0,0,0,1,15,53.56000000000001
2026-08-03,ZKm3JhPECqY,2026-07-05T13:02:55Z,53,0,0,0,1,5,45.76
2026-08-03,lmTMeDUGDcA,2026-07-05T01:46:55Z,31,0,0,0,0,0,1.92
2026-08-03,PyVjO_ly0X4,2026-07-04T12:56:17Z,75,1,0,0,2,9,41.9
2026-08-03,q8qmHdsO2tE,2026-07-04T01:30:33Z,40,0,0,0,1,14,43.8
2026-08-03,2e7Kv0ygByk,2026-07-03T13:30:36Z,58,0,0,0,2,11,55.95
2026-08-03,m7B-a0gAE-w,2026-07-03T01:31:20Z,84,0,0,0,4,16,64.59
2026-08-03,Ew0DhFnRphc,2026-07-02T13:27:43Z,76,0,0,0,1,7,26.5
2026-08-03,COv968CDkps,2026-07-02T02:00:41Z,28,0,0,0,0,9,41.35
2026-08-03,XN8m2g_KtSU,2026-07-01T14:03:24Z,9,0,0,0,0,0,0
2026-08-03,VLtrJCd8z2U,2026-07-01T02:07:26Z,27,0,0,0,0,18,80.87
2026-08-03,y10BJK79lS0,2026-06-30T13:52:00Z,47,0,0,0,2,50,219.92
2026-08-03,t0RB-eM8FE0,2026-06-30T02:02:00Z,74,0,0,0,5,53,215
2026-08-03,Uy6Am6bGpHo,2026-06-29T15:26:01Z,75,0,0,0,1,11,58.68
2026-08-03,aLBldXz93uI,2026-06-29T02:07:15Z,36,0,0,0,0,0,0
2026-08-03,7tyZTlgVMSE,2026-06-28T13:11:17Z,54,1,0,0,1,12,47.88
2026-08-03,WPGLuU5qiZ4,2026-06-28T02:06:54Z,44,0,0,0,1,31,130.83
2026-08-03,Ow2ZB_F-Mhs,2026-06-27T13:05:26Z,26,0,0,0,0,0,0
2026-08-03,KUsMC7ES9V4,2026-06-27T01:56:51Z,47,0,0,0,1,12,44.14
2026-08-03,UzDEeT_P2BM,2026-06-26T13:57:43Z,30,0,0,0,0,11,42.16
2026-08-03,PHwXbGtrJ9w,2026-06-26T02:03:33Z,115,0,0,0,5,15,55.2
2026-08-03,TfSGBtZyZtw,2026-06-25T13:59:36Z,1,0,0,0,0,0,0
2026-08-03,uLwi4BDdcOY,2026-06-25T02:01:41Z,17,0,0,0,1,15,60.13
2026-08-03,k-oVHVz0yLQ,2026-06-24T14:01:26Z,22,0,0,0,1,10,57.02
2026-08-03,2-VYQaD0K5w,2026-06-24T01:57:02Z,0,0,0,0,0,0,0
2026-08-03,b3fM56tOEZ8,2026-06-23T14:16:14Z,5,0,0,0,0,0,0
2026-08-03,TnIK09MnzMk,2026-06-23T01:58:15Z,26,0,0,0,1,11,58.709999999999994
2026-08-03,7wOS6HW3iJ0,2026-06-22T16:23:58Z,51,0,0,0,1,10,65.99
2026-08-03,THoUiYynamI,2026-06-22T02:51:05Z,40,0,0,0,1,16,76.83
2026-08-03,-1CXUMdWWWc,2026-06-20T13:22:38Z,38,1,0,0,1,10,48.71
2026-08-03,9IYU_ID1nvc,2026-06-20T02:04:39Z,48,0,0,0,1,11,61.04999999999999
2026-08-03,6rQrwPWhAZk,2026-06-19T14:37:42Z,15,0,0,0,1,21,127.69
2026-08-03,AwS-N3wGtIY,2026-06-19T02:43:46Z,45,0,0,0,1,12,39.12
2026-08-03,aep0ZaK_uuE,2026-06-18T14:42:11Z,41,0,0,0,2,15,59.20000000000001
2026-08-03,1XviKdnqqxQ,2026-06-18T02:15:40Z,25,0,0,0,1,10,37.72
2026-08-03,RKpXQF2Cvac,2026-06-17T14:48:19Z,17,0,0,0,1,10,37.74
2026-08-03,PoBImeODvcM,2026-06-17T02:17:14Z,21,0,0,0,0,18,80.5
2026-08-03,58Ln6cOHzWQ,2026-06-16T16:21:13Z,17,0,0,0,0,10,34.64
2026-08-03,IRfpl8J1tyg,2026-06-16T02:32:11Z,0,0,0,0,0,0,0
2026-08-03,OSAxctK1YeQ,2026-06-15T16:51:19Z,16,0,0,0,0,28,143
2026-08-03,WMtdvIuqN78,2026-06-15T02:19:02Z,4,0,0,0,0,26,96.7
2026-08-03,Z_hZZdpQsCU,2026-06-14T13:25:32Z,16,0,0,0,0,7,37.3
2026-08-03,hvtBrQnNDTc,2026-06-14T02:14:04Z,3,0,0,0,0,0,0
2026-08-03,QEvCOl6UYB4,2026-06-13T13:20:43Z,23,0,0,0,1,11,49.24
2026-08-03,TNWEvgtxnws,2026-06-13T02:04:01Z,42,0,0,0,1,13,57.09000000000001
2026-08-03,O3nuyJrtDbI,2026-06-12T14:33:48Z,15,0,0,0,1,16,54.25
2026-08-03,FamOoF1b858,2026-06-12T02:10:07Z,54,0,0,0,2,11,62.46000000000001
2026-08-03,9HUpoJQxuTQ,2026-06-11T15:30:02Z,103,1,1,0,12,24,87.58
2026-08-03,Pa5-pkP2oLo,2026-06-11T02:15:02Z,2,0,0,0,0,22,95.87
2026-08-03,2vuAyeMlSZc,2026-06-10T14:48:29Z,17,0,0,0,0,15,56.86
2026-08-03,EfSnigy5qWs,2026-06-10T02:03:57Z,15,0,0,0,0,6,24.56
2026-08-03,CA54_6wBYU4,2026-06-09T14:17:03Z,8,0,0,0,0,4,18.68
2026-08-03,4F9n4ASSoyo,2026-06-09T01:54:09Z,8,0,0,0,0,37,113.64000000000001
2026-08-03,-nvuU_y_8_E,2026-06-08T15:50:06Z,16,0,0,0,1,15,48.89
2026-08-03,cQ-oMf-_1QQ,2026-06-04T14:29:35Z,2,0,0,0,0,24,104.68000000000002
2026-08-03,rr6nzN5oJ2c,2026-06-04T02:29:58Z,17,0,0,0,0,10,40.06
2026-08-03,QRM6UUMHLmI,2026-06-03T16:12:16Z,50,1,0,0,2,15,69.05
2026-08-03,dJxm8EmuEWA,2026-06-03T02:31:24Z,34,0,0,0,0,10,60.64000000000001
2026-08-03,_3Tyz7MMKfs,2026-06-02T15:54:12Z,1,0,0,0,0,0,0
2026-08-03,cdBTZtGTRLc,2026-06-02T02:14:16Z,79,0,0,0,3,15,62.96000000000001
2026-08-03,aB8JK_oSzsg,2026-06-01T17:12:39Z,20,0,0,0,0,4,18.33
2026-08-03,_CQ21b00USk,2026-06-01T02:13:33Z,37,0,0,0,1,11,49.46
2026-08-03,z0RgE3ICznk,2026-05-31T13:10:15Z,102,0,0,0,1,4,18.85
2026-08-03,zScHM9PLz8I,2026-05-31T02:06:20Z,36,0,0,0,0,8,26.82
2026-08-03,k5zn4acPpUI,2026-05-30T12:59:58Z,30,0,0,0,1,16,73.23
2026-08-03,_-68Vupc72E,2026-05-30T01:53:35Z,38,0,0,0,1,12,45.54
2026-08-03,IEzcuLqB4Hk,2026-05-29T14:35:28Z,38,0,0,0,0,6,27.82
2026-08-03,nE-fK666H-k,2026-05-29T02:09:20Z,32,0,0,0,1,21,73.89
2026-08-03,SQWL2XXURlQ,2026-05-27T14:50:57Z,35,0,0,0,0,8,34.17
2026-08-03,NECLIdtBb8Y,2026-05-27T02:04:03Z,9,0,0,0,0,16,75.76
2026-08-03,Jx5vFFIw3aQ,2026-05-26T14:32:39Z,29,0,0,0,0,13,68.51
2026-08-03,N1Kx1hncTtk,2026-05-26T01:55:43Z,36,0,0,0,2,16,82.01
2026-08-03,O7nWBuiKCMA,2026-05-25T14:30:01Z,46,0,0,0,1,11,51.61
2026-08-03,YOXFrbyZE18,2026-05-25T02:06:02Z,60,0,0,0,2,12,34.88
2026-08-03,5bTXHxmRRrI,2026-05-24T12:56:25Z,38,0,0,0,1,6,32.98
2026-08-03,R5rNaCViup0,2026-05-24T01:58:12Z,11,0,0,0,0,15,60.38
2026-08-03,5hbmKcjQBKo,2026-05-23T12:55:21Z,39,0,0,0,1,8,48.15
2026-08-03,d7lMOez3lo0,2026-05-23T01:51:29Z,41,0,0,0,1,14,64.57
2026-08-03,rDP66Dc87y0,2026-05-22T14:11:36Z,48,0,0,0,1,8,42.23
2026-08-03,eNtTaxr27X4,2026-05-22T02:01:52Z,2,0,0,0,0,0,0
2026-08-03,6oJofI4mv7Y,2026-05-21T14:38:00Z,39,0,0,0,1,14,71.73
2026-08-03,Divf9JOY8NI,2026-05-21T01:59:19Z,9,0,0,0,0,5,18.67
2026-08-03,NuMUIm_H2yE,2026-05-20T02:00:21Z,7,0,0,0,0,4,17.5
2026-08-03,aqtLfLz69JQ,2026-05-19T14:31:09Z,12,0,0,0,1,13,44.91
2026-08-03,zl2E9fzMFIM,2026-05-19T01:59:36Z,37,0,0,0,1,11,59.01
2026-08-03,9zytdpS8BGY,2026-05-18T14:51:14Z,38,0,0,0,2,14,67.55
2026-08-03,xxmD4auX9u8,2026-05-18T01:59:58Z,29,0,0,0,0,10,43.17
2026-08-03,pEOupFWnI18,2026-05-17T12:50:45Z,22,0,0,0,1,13,59.67
2026-08-03,zZgNLXkpCzk,2026-05-17T01:52:36Z,43,0,0,0,0,8,24.36
2026-08-03,_F2w2zepTzY,2026-05-16T12:55:42Z,35,0,0,0,4,21,74.08
2026-08-03,p8TVoKVG2Hg,2026-05-16T01:34:56Z,38,0,0,0,1,10,34.09
2026-08-03,vjf6FlxFNPU,2026-05-15T13:23:55Z,30,0,0,0,0,13,83.34
2026-08-03,vClAbUxtC9k,2026-05-15T01:55:20Z,52,0,0,0,2,11,37.89
2026-08-03,IfcStfSD-xE,2026-05-14T13:25:35Z,5,0,0,0,0,12,63.16
2026-08-03,kC771l-ZIMs,2026-05-14T01:56:23Z,45,0,0,0,2,24,96.23
2026-08-03,JAj8Z0JF9bw,2026-05-13T01:53:55Z,35,0,0,0,1,19,68.1
2026-08-03,QNAMVsSV9fU,2026-05-12T13:33:14Z,20,0,0,0,0,8,52.019999999999996
2026-08-03,CujpPVcgKf8,2026-05-12T01:47:48Z,42,0,0,0,1,11,53.36
2026-08-03,n8PhjWs1VC4,2026-05-11T14:19:53Z,38,0,0,0,0,6,24.33
2026-08-03,U2N9JcGK0tw,2026-05-11T01:51:46Z,13,0,0,0,0,9,67.64
2026-08-03,kkq2lla3Ijk,2026-05-10T12:48:46Z,80,0,0,0,2,8,50.61
2026-08-03,hG-FHHrwj8k,2026-05-10T01:45:58Z,48,0,0,0,0,7,32.04
2026-08-03,rkZQY4ctBzs,2026-05-09T12:48:40Z,35,0,0,0,0,6,33.75
2026-08-03,cWvDojw7QAw,2026-05-09T01:32:30Z,6,0,0,0,0,0,0
2026-08-03,cb00sZJAhfY,2026-05-08T13:05:32Z,0,0,0,0,0,0,0
2026-08-03,ineAlKZZgT8,2026-05-08T01:49:27Z,9,0,0,0,0,0,0
2026-08-03,vLqETKLW6OM,2026-05-07T13:26:03Z,39,0,0,0,1,9,39.73
2026-08-03,Yi9VlhJH_CY,2026-05-07T01:33:00Z,25,0,0,0,0,9,35.33
2026-08-03,WoXydzDKD1s,2026-05-06T13:26:40Z,39,0,0,0,0,5,23.52
2026-08-03,cLCvISVXvCA,2026-05-06T02:37:34Z,0,0,0,0,0,0,0
2026-08-03,oMlnEP5n5xw,2026-05-05T01:30:04Z,20,0,0,0,0,14,50.63999999999999
2026-08-03,atW-HBIAlxQ,2026-05-04T13:19:03Z,24,0,0,0,0,9,52.54
2026-08-03,Mf8NfWdVVds,2026-05-04T01:29:13Z,354,0,0,0,7,11,62.24000000000001
2026-08-03,O-6GZJkof9Q,2026-05-03T12:42:39Z,45,0,0,0,1,9,36.55
2026-08-03,vzE-eDX_rBc,2026-05-03T01:30:33Z,36,0,0,0,0,11,45.72
2026-08-03,Q0DFFs6cgTA,2026-05-02T12:43:32Z,32,0,0,0,1,14,55.81
2026-08-03,bAXO4HlnAA4,2026-05-02T01:26:27Z,31,0,0,0,0,15,85.5
2026-08-03,bR-d2N5QaNs,2026-05-01T12:51:37Z,65,0,0,0,1,9,44.21
2026-08-03,E0MprQIfkkA,2026-05-01T01:49:52Z,178,0,0,0,4,9,35.38
2026-08-03,TtKVgo-PB9Q,2026-04-30T13:18:02Z,59,0,0,0,1,10,40.19
2026-08-03,7LuNcXo11nU,2026-04-30T01:34:45Z,40,0,0,0,1,11,37.57
2026-08-03,t5Qmur-4n3M,2026-04-29T13:19:22Z,35,0,0,0,1,20,77.36
2026-08-03,eM7d4r-pfW8,2026-04-29T01:49:26Z,78,0,0,0,2,9,28.63
2026-08-03,4EaCBpZRPMo,2026-04-28T13:27:12Z,23,0,0,0,0,12,58.489999999999995
2026-08-03,ql5yIIiP79M,2026-04-28T04:50:56Z,47,0,0,0,1,15,68.48
2026-08-03,mSifBN2lxHw,2026-04-26T12:38:05Z,45,0,0,0,1,7,42.99
2026-08-03,IJMaVrHNfyc,2026-04-26T01:24:19Z,48,0,0,0,1,9,42.91
2026-08-03,oYJhnmW0AaI,2026-04-25T12:37:39Z,29,0,0,0,0,0,0
2026-08-03,Tu6dvaFUK70,2026-04-25T01:16:39Z,39,0,0,0,0,16,56.39999999999999
2026-08-03,gZSr5qx8oeg,2026-04-24T12:55:48Z,28,0,0,0,0,7,32.61
2026-08-03,i0iIsb9n9VM,2026-04-24T01:22:16Z,28,0,0,0,0,17,85.34
2026-08-03,pdpS-_jLTVE,2026-04-23T12:57:27Z,38,0,0,0,1,23,95.02
2026-08-03,JksOCivT2Bc,2026-04-23T01:23:23Z,36,0,0,0,0,10,38.6
2026-08-03,YDbmBfmYgN0,2026-04-22T12:57:53Z,102,0,0,0,2,10,39.25
2026-08-03,bSqSTFuAvf8,2026-04-22T01:17:16Z,106,0,0,0,2,8,41.46
2026-08-03,3QLoo5Qs8VE,2026-04-21T12:57:21Z,50,0,0,0,1,9,37.25
2026-08-03,zBcr6A0X_mk,2026-04-21T01:19:14Z,70,0,0,0,2,16,61.71
2026-08-03,ZIqroAx4CZE,2026-04-20T13:02:58Z,35,0,0,0,0,13,53.73
2026-08-03,DNgq_qW1fA0,2026-04-20T01:21:35Z,62,0,0,0,1,6,27.73
2026-08-03,zqaDMDkpZDo,2026-04-20T00:32:54Z,50,0,0,0,1,20,91.95
2026-08-03,GI6Aqq2E6vE,2026-04-18T12:35:57Z,94,1,0,0,2,7,33.1
2026-08-03,S8WCu3_OkLQ,2026-04-18T01:13:14Z,77,1,0,0,1,14,54.79999999999999
2026-08-03,T0DREMCs_tM,2026-04-17T12:54:43Z,21,0,0,0,0,17,51.13999999999999
2026-08-03,HCHvfX-xRlc,2026-04-17T01:18:54Z,31,0,0,0,0,14,85.92
2026-08-03,6fQe1YosVJw,2026-04-16T13:03:38Z,1,0,0,0,0,0,0
2026-08-03,om2Y9-WmjuE,2026-04-16T01:22:06Z,4,0,0,0,0,0,0
2026-08-03,XVvAky0zLB8,2026-04-15T12:57:13Z,39,0,0,0,1,15,55.25
2026-08-03,hKwwTsuCZJk,2026-04-15T01:16:59Z,68,0,0,0,2,11,50.629999999999995
2026-08-03,fJpzcD4bFNA,2026-04-14T12:57:49Z,46,0,0,0,0,5,22.43
2026-08-03,-AS2aH34UOg,2026-04-14T01:19:35Z,0,0,0,0,0,0,0
2026-08-03,12F1wsmOYOY,2026-04-13T01:20:52Z,57,0,0,0,1,11,41.55
2026-08-03,9wid0pEfNso,2026-04-12T12:37:53Z,6,0,0,0,0,0,0
2026-08-03,BYzdCmSths0,2026-04-12T01:19:31Z,51,0,0,0,1,13,49.96
2026-08-03,SIA9YHj7IzE,2026-04-11T17:59:14Z,94,0,0,0,3,17,66.14
2026-08-03,KHax2aPAOLM,2026-04-08T01:14:48Z,63,1,0,0,2,14,56.11999999999999
2026-08-03,x48Y5AiqNL4,2026-04-07T12:55:32Z,66,0,0,0,2,12,34.87
2026-08-03,Dm-N0t4-3L4,2026-04-07T01:12:45Z,37,0,0,0,0,12,60.35
2026-08-03,O7hMpgD9I_w,2026-04-06T12:43:44Z,49,1,0,0,1,11,63.62
2026-08-03,XA5MI3B6y3s,2026-04-06T01:14:24Z,155,0,0,0,7,9,48.1
2026-08-03,syLtpZe97p0,2026-04-05T12:32:18Z,74,1,0,0,1,10,35.03
2026-08-03,tDEdhE0wjIs,2026-04-04T12:30:34Z,126,0,0,0,6,16,53.83
2026-08-03,-Fme6XarNok,2026-04-04T01:05:49Z,63,0,0,0,1,9,44.73
2026-08-03,qWE6WMKLZQ4,2026-04-03T12:37:56Z,77,0,0,0,2,16,60.74
2026-08-03,6aUEBmQLjO0,2026-04-03T01:13:04Z,64,0,0,0,2,12,42.37
2026-08-03,f0gyZCEFFhQ,2026-04-02T12:45:50Z,35,0,0,0,0,4,16.71
2026-08-03,UA2UmThZEKE,2026-04-02T01:09:22Z,105,0,0,0,3,11,44.19
2026-08-03,gpaghTLJEzQ,2026-04-01T12:50:55Z,63,0,1,0,2,15,58.11999999999999
2026-08-03,zrZ-lr-lvgU,2026-04-01T02:38:18Z,63,0,0,0,1,6,38.86
2026-08-03,n0FOvZvGh5Y,2026-03-31T01:12:37Z,34,0,0,0,2,11,47.99
2026-08-03,b7ksr31Qkf0,2026-03-30T12:49:48Z,0,0,0,0,0,0,0
2026-08-03,fYBNO_nCOD4,2026-03-30T01:15:12Z,67,0,0,0,1,14,56.84
2026-08-03,z9rFY8GLOOY,2026-03-29T12:29:50Z,67,0,0,0,1,10,50.16
2026-08-03,WO8uAQLhGIE,2026-03-29T01:13:54Z,63,0,0,0,1,11,51.33
2026-08-03,5wUh_6vu2Go,2026-03-28T12:29:44Z,7,0,0,0,0,19,92.38
2026-08-03,JdpsABS7pKw,2026-03-28T01:06:42Z,38,0,0,0,0,13,45.12
2026-08-03,C_L3cdiUtoc,2026-03-27T12:38:06Z,29,0,0,0,1,9,33.43
2026-08-03,r8F0QXGNJbM,2026-03-27T01:10:49Z,32,0,0,0,1,11,55.74
2026-08-03,2Dd0b5yRvwo,2026-03-26T12:46:11Z,35,0,0,0,1,9,47.92
2026-08-03,LmctWQZyEvA,2026-03-26T01:11:07Z,1,0,0,0,0,0,0
2026-08-03,vHhsy6xkkSY,2026-03-25T12:39:16Z,0,0,0,0,0,0,0
2026-08-03,2BYS3ku1_Qs,2026-03-25T01:07:56Z,4,0,0,0,0,0,0
2026-08-03,hjkriefSr1w,2026-03-24T12:43:37Z,56,0,0,0,1,14,52.7
2026-08-03,XdFwGAuSE7U,2026-03-24T05:02:03Z,61,0,0,0,1,8,47.11
2026-08-03,-JFTX50ZtQk,2026-03-21T12:24:49Z,212,0,0,0,5,18,81.89
2026-08-03,Zq2m1kRL6q0,2026-03-21T01:00:27Z,119,1,0,0,4,11,38.02
2026-08-03,AKLcTliJFL8,2026-03-20T12:33:26Z,37,0,0,0,0,8,29.4
2026-08-03,fhhV1egGhNI,2026-03-20T01:03:37Z,53,0,0,0,1,7,37.97
2026-08-03,j-bjsPsftRo,2026-03-19T12:37:00Z,47,0,0,0,1,14,51.790000000000006
2026-08-03,-4NwUpvi8ng,2026-03-19T01:07:12Z,103,0,0,0,3,14,68.37
2026-08-03,W0c6udxdcHY,2026-03-18T12:43:23Z,40,0,0,0,0,5,18.7
2026-08-03,4nItZBXbg1E,2026-03-18T01:08:15Z,33,0,0,0,0,4,18.64
2026-08-03,ep1qq76H6ks,2026-03-17T12:43:33Z,72,0,0,0,2,15,56.69
2026-08-03,UNuHYP9-wqo,2026-03-17T01:04:36Z,74,0,0,0,1,10,45.69
2026-08-03,b_6YnowMPpM,2026-03-16T12:44:40Z,81,1,0,0,3,11,39.95
2026-08-03,V40i1wyTyC8,2026-03-16T01:11:58Z,61,0,0,0,1,7,34.06
2026-08-03,YKR_FyTNu3M,2026-03-15T12:27:36Z,50,0,0,0,1,13,54.84
2026-08-03,eFJKq7ChQVE,2026-03-15T01:11:23Z,61,0,0,0,1,6,36.17
2026-08-03,sqh-tKCq2UA,2026-03-14T12:25:56Z,62,0,0,0,1,10,40.39
2026-08-03,OaGDrxJs5jE,2026-03-14T01:01:50Z,89,0,0,0,2,8,28.499999999999996
2026-08-03,xOKf3tbA7to,2026-03-13T12:33:53Z,90,1,0,0,3,14,44
2026-08-03,NaHEZrAUApQ,2026-03-13T01:02:51Z,60,0,0,0,1,8,30.409999999999997
2026-08-03,u8j6UgwcAWE,2026-03-12T12:33:58Z,184,0,0,0,4,12,40.31
2026-08-03,4143nMw1ySw,2026-03-12T00:56:59Z,48,0,0,0,0,0,0
2026-08-03,-DQSkoMoQZw,2026-03-11T12:34:00Z,63,0,0,0,2,13,54.04
2026-08-03,BveJhXXeWew,2026-03-11T01:00:33Z,63,0,0,0,2,15,51.080000000000005
2026-08-03,b87wxLO0_f4,2026-03-10T12:34:31Z,89,1,0,0,2,7,26.05
2026-08-03,qBqjHbqsBEM,2026-03-10T00:59:16Z,64,0,0,0,1,20,74.93
2026-08-03,pDMzcV3D7Hc,2026-03-09T12:45:57Z,72,0,0,0,1,10,45.5
2026-08-03,DehiGK5t_uQ,2026-03-09T01:04:03Z,47,0,0,0,1,9,41.24
2026-08-03,5LLvE-nWsac,2026-03-08T12:26:54Z,183,1,0,0,8,14,47.03
2026-08-03,ytglD92ZCKY,2026-03-08T01:03:40Z,77,0,0,0,2,9,42.51
2026-08-03,D43fOoEvRiU,2026-03-07T18:20:23Z,42,0,0,0,0,7,24.38
2026-08-03,PQekC8_mq9U,2026-03-05T12:34:57Z,47,0,0,0,1,22,95.56
2026-08-03,2EqR9wS2Q8I,2026-03-05T01:04:18Z,99,0,0,0,3,10,43.69
2026-08-03,Ycci77WFitE,2026-03-04T12:31:37Z,128,0,0,0,6,15,65.49
2026-08-03,h_1EvAZD-8s,2026-03-04T01:01:20Z,105,0,0,0,2,9,41.17
2026-08-03,n-0NrVBgWGA,2026-03-03T12:33:14Z,72,0,0,0,2,11,40.51
2026-08-03,ixoTePG8L7k,2026-03-03T01:04:39Z,45,0,0,0,1,6,38.75
2026-08-03,dkcprpuQVwU,2026-03-02T12:32:20Z,40,0,0,0,1,13,54.31
2026-08-03,A53opaIG3a0,2026-03-02T01:02:30Z,94,0,0,0,3,7,46.23
2026-08-03,DfcBrzVHQ90,2026-03-01T12:25:26Z,74,0,0,0,2,11,39.94
2026-08-03,iykldQ76W7Q,2026-03-01T01:10:37Z,177,0,0,0,11,17,57.32000000000001
2026-08-03,nlnvOR4QLow,2026-02-28T12:22:45Z,49,0,0,0,1,15,75.02
2026-08-03,2vORckqweJ8,2026-02-28T00:56:51Z,63,0,0,0,1,15,54.50000000000001
2026-08-03,UnNlXUaYBU4,2026-02-27T12:32:55Z,79,0,0,0,3,27,117.89
2026-08-03,pPXch1Fsu6Q,2026-02-27T01:03:37Z,48,0,0,0,1,17,60.56
2026-08-03,7jX6bNGmVsk,2026-02-26T16:25:07Z,30,0,0,0,0,11,69.81
2026-08-03,IzdKRyCenzc,2026-02-26T01:02:37Z,31,0,0,0,1,15,50.74999999999999
2026-08-03,96oYUXW1pBw,2026-02-25T12:38:01Z,34,0,0,0,2,16,62.17
2026-08-03,3Pp3MUfmhNE,2026-02-25T01:08:19Z,0,0,0,0,0,0,0
2026-08-03,Hb78GB9PtEY,2026-02-24T12:37:32Z,33,1,0,0,0,7,40.07
2026-08-03,Jbq-Eap63y8,2026-02-24T01:03:00Z,79,0,0,0,2,15,68.75
2026-08-03,TNz0IN0G0xo,2026-02-23T12:36:36Z,0,0,0,0,0,0,0
2026-08-03,B01SjrM0O2Q,2026-02-23T01:03:48Z,58,0,0,0,1,17,97.81
2026-08-03,rX6MPpz51FE,2026-02-22T12:24:18Z,33,0,0,0,0,5,26.32
2026-08-03,6Mr6AlNDiT8,2026-02-22T01:05:02Z,0,0,0,0,0,0,0
2026-08-03,EU_EZFH_g2o,2026-02-21T12:24:14Z,5,0,0,0,0,0,0
2026-08-03,wFXehYoCg9E,2026-02-21T01:00:07Z,50,0,0,0,1,12,61.46
2026-08-03,SXe6AH6SFSk,2026-02-20T12:33:18Z,28,0,0,0,0,23,95.2
2026-08-03,9uOhp9bPWmM,2026-02-20T01:01:38Z,9,0,0,0,0,6,29.520000000000003
2026-08-03,aQUnfLgpEq0,2026-02-19T12:36:05Z,8,0,0,0,0,0,0
2026-08-03,vRLOsY8jCf0,2026-02-19T03:42:50Z,76,0,1,0,2,11,53.400000000000006
2026-08-03,OCBFsNL9PNU,2026-02-17T01:04:42Z,110,0,0,0,4,17,63
2026-08-03,PXWcYPr7Omo,2026-02-16T12:34:48Z,130,0,0,0,4,15,87.07
2026-08-03,X55oBmu1ezo,2026-02-16T01:04:58Z,42,0,0,0,0,4,22.5
2026-08-03,3mUEEsOzNqU,2026-02-15T12:25:24Z,41,0,0,0,1,10,41.87
2026-08-03,qzsX1iUsMnM,2026-02-15T01:07:42Z,64,0,0,0,3,27,99.34
2026-08-03,89JtSG4iVsA,2026-02-14T12:23:30Z,41,0,0,0,1,11,51.46999999999999
2026-08-03,PcOD2_1othA,2026-02-14T01:02:42Z,60,0,0,0,2,10,38.61
2026-08-03,lBorBD-wejA,2026-02-13T12:33:39Z,125,0,0,0,3,13,43.9
2026-08-03,klumNyrvIQg,2026-02-13T01:09:16Z,131,0,0,0,5,13,45.88
2026-08-03,tJ0B_ZSe4-0,2026-02-12T12:37:06Z,154,1,0,0,7,12,69.81
2026-08-03,xwxQmh3BrH4,2026-02-12T01:05:11Z,57,0,0,0,2,11,47.28
2026-08-03,KBtePfFvUws,2026-02-11T12:40:50Z,119,0,0,0,5,14,62.39
2026-08-03,uODHjXY2kqc,2026-02-11T01:12:56Z,50,0,0,0,2,13,51.89
2026-08-03,4Njh8cdvW5w,2026-02-10T12:44:28Z,34,0,0,0,0,6,40.65
2026-08-03,8pEemfuXl74,2026-02-10T01:15:16Z,55,0,0,0,1,30,101
2026-08-03,b4tny2EG7kM,2026-02-09T12:40:24Z,158,0,0,0,6,9,48.97
2026-08-03,QLzyNIxy-0k,2026-02-09T01:06:08Z,86,0,0,0,2,18,94.9
2026-08-03,k_bGGxcqkWQ,2026-02-08T12:24:47Z,43,0,0,0,1,12,60.56
2026-08-03,QUvyUEOIFcY,2026-02-08T01:20:22Z,92,0,0,0,4,17,70.06
2026-08-03,_yj8qFj_c_o,2026-02-07T12:24:22Z,127,0,0,0,7,11,44.66
2026-08-03,pdT4jk2KxU4,2026-02-07T00:59:32Z,48,0,0,0,1,8,46.19
2026-08-03,rbq64uH4irY,2026-02-06T12:33:39Z,69,0,0,0,1,11,36.05
2026-08-03,FRrzAOfIsh0,2026-02-06T01:00:14Z,153,0,0,0,5,11,51.53
2026-08-03,YFHRUTj8xeE,2026-02-05T12:35:00Z,59,0,0,0,2,14,56.43
2026-08-03,FZBy_yqhT5g,2026-02-05T01:02:53Z,133,0,0,0,6,9,45.93
2026-08-03,LN9z5FPHDmA,2026-02-04T12:33:27Z,125,1,0,0,5,9,43
2026-08-03,gNravpCcDCo,2026-02-04T01:00:45Z,0,0,0,0,0,0,0
2026-08-03,1VcsP7QNhxw,2026-02-03T12:33:18Z,90,0,0,0,4,17,70.66
2026-08-03,MUXCB4BxKbc,2026-02-03T01:04:27Z,45,0,0,0,1,11,53.56000000000001
2026-08-03,5l3UTqchtpg,2026-02-02T12:32:40Z,60,0,0,0,3,14,58.36
2026-08-03,SvIn_cEBJG0,2026-02-02T01:04:39Z,82,0,0,0,13,93,388.53
2026-08-03,SoyzMc1na_8,2026-02-01T12:24:24Z,42,0,0,0,1,10,44.12
2026-08-03,07Mfq1dhiJg,2026-02-01T01:11:17Z,63,0,0,0,2,19,70.07
2026-08-03,Ztqx3Myofwo,2026-01-31T12:24:07Z,56,0,0,0,1,9,27.43
2026-08-03,bsaD1cSmXkA,2026-01-31T00:58:35Z,43,0,0,0,0,14,54.02
2026-08-03,sWUfDxSRdp0,2026-01-30T12:28:50Z,136,0,0,0,4,10,74.3
2026-08-03,H2W6mhWfeMU,2026-01-30T01:00:51Z,89,0,0,0,6,15,60.35
2026-08-03,Gc53wfoTpu4,2026-01-29T16:02:58Z,38,0,0,0,1,12,48.93
2026-08-03,PgbAGpSsB1I,2026-01-28T00:54:02Z,109,0,0,0,3,13,45.05
2026-08-03,1yCT5-9hUmA,2026-01-27T12:24:29Z,37,0,0,0,0,0,0
2026-08-03,SUWQ8Allb_M,2026-01-26T12:24:55Z,163,0,0,0,7,12,53.55
2026-08-03,ViOQ5c1vM1I,2026-01-26T00:57:53Z,105,0,0,0,3,15,63.17
2026-08-03,ozxoy8JJgag,2026-01-25T00:58:33Z,37,0,0,0,0,9,42.17
2026-08-03,SjE0oaTOM2U,2026-01-24T12:21:37Z,210,0,0,0,7,22,65.76
2026-08-03,fUyA8HoBxm4,2026-01-24T00:50:34Z,102,0,0,0,4,11,49.77
2026-08-03,kUeBkvKtifE,2026-01-23T12:23:51Z,76,0,0,0,2,11,53.16
2026-08-03,1NjWzWWPYGk,2026-01-23T00:53:23Z,98,0,0,0,4,15,67.07
2026-08-03,1yw_y7DZILM,2026-01-22T12:25:46Z,130,0,0,0,7,11,47.97
2026-08-03,ieBibN_NFi4,2026-01-22T00:54:16Z,105,0,0,0,5,22,71.26
2026-08-03,Lzn8i_3QxyQ,2026-01-21T12:24:55Z,88,0,0,0,3,18,82.08
2026-08-03,b7-hRk00vBY,2026-01-21T02:03:34Z,309,1,0,0,16,13,52.35999999999999
2026-08-03,wzrCnh_cx38,2026-01-19T12:24:52Z,60,0,0,0,1,10,42.96
2026-08-03,nFiWF8pBOdE,2026-01-19T00:56:21Z,157,1,0,0,5,11,54.52
2026-08-03,ailU9L3hHCA,2026-01-18T12:19:45Z,208,0,0,0,5,9,72.35
2026-08-03,tEbQwwQB0UI,2026-01-18T00:57:50Z,82,0,0,0,1,12,47.4
2026-08-03,Y0Fj37HV_o4,2026-01-17T12:19:41Z,56,1,0,0,1,5,27.91
2026-08-03,pmg5-dykDZU,2026-01-17T00:49:25Z,110,0,0,0,4,13,65.72
2026-08-03,kaIHDp90cf4,2026-01-16T12:22:00Z,70,0,0,0,2,9,55.45
2026-08-03,KNtqlDQDY10,2026-01-16T00:52:38Z,224,1,0,0,8,12,65.42
2026-08-03,3vq3Zd6uxtU,2026-01-15T12:24:16Z,243,2,0,0,13,14,48.02
2026-08-03,ySxlAX5nhjU,2026-01-15T00:50:13Z,93,0,0,0,4,16,61.6
2026-08-03,njCG2PJKEpA,2026-01-14T12:24:19Z,103,0,0,0,4,10,37.06
2026-08-03,C1TOy6a0dxI,2026-01-14T00:53:28Z,173,2,0,0,6,9,58.17
2026-08-03,rN0DF7i_3wU,2026-01-13T12:25:10Z,36,0,0,0,0,5,18.23
2026-08-03,WRwrZDyTJ2o,2026-01-13T05:18:51Z,38,0,0,0,1,9,41.77
2026-08-03,5VDp8xr8PMw,2026-01-12T00:55:14Z,189,0,0,0,7,14,74.82
2026-08-03,-eFSzJLoCmk,2026-01-11T12:21:09Z,165,0,0,0,7,13,59.3
2026-08-03,k-rUw2TVYs8,2026-01-11T00:57:40Z,151,0,0,0,5,10,49.1
2026-08-03,Md2_HGkjEmQ,2026-01-10T12:19:57Z,166,0,0,0,5,11,52.96999999999999
2026-08-03,SUCUfIo6MH4,2026-01-10T00:50:48Z,82,0,0,0,3,13,56.87
2026-08-03,FFNwRRPqXLc,2026-01-09T12:22:37Z,50,0,0,0,1,8,47.93
2026-08-03,QSTdknWa4gQ,2026-01-08T12:24:04Z,40,0,0,0,1,7,31.96
2026-08-03,DazZAvrhRKI,2026-01-08T00:50:30Z,110,0,0,0,2,8,48.12
2026-08-03,cqhF9hro86M,2026-01-07T12:22:59Z,112,0,0,0,2,10,54.59
2026-08-03,Qjze3mrpiaE,2026-01-07T00:50:57Z,36,0,0,0,0,11,78.67
2026-08-03,SUI99n7yB_U,2026-01-06T00:51:02Z,102,0,0,0,3,9,51.03
2026-08-03,2nIDH-gIDhQ,2026-01-05T12:23:37Z,75,0,0,0,2,8,32.7
2026-08-03,wXEuAdlXM_M,2026-01-05T04:59:54Z,79,0,0,0,1,10,48.88
2026-08-03,xjP-OITrIT4,2025-12-31T00:52:35Z,48,0,0,0,1,8,27.02
2026-08-03,yh4jE0h28KA,2025-12-30T12:22:50Z,107,0,0,0,3,13,57.75
2026-08-03,_lBSpyvMgjw,2025-12-30T00:49:10Z,302,0,0,0,5,6,39.08
2026-08-03,9xKSMqEzQAM,2025-12-29T00:56:57Z,90,0,0,0,4,18,60.25
2026-08-03,OPdvBceQCCE,2025-12-28T12:19:38Z,63,0,0,0,1,8,50.44
2026-08-03,18FMuOikGQE,2025-12-28T00:57:32Z,41,0,0,0,0,17,80.45
2026-08-03,lAIIM4vuUSs,2025-12-27T12:20:12Z,92,0,0,0,2,10,50.43
2026-08-03,eaCy2RgCOe8,2025-12-27T00:48:31Z,127,1,0,0,6,15,71.01
2026-08-03,S4SHNb3-W3Q,2025-12-26T12:21:04Z,61,0,0,0,1,9,47.22
2026-08-03,1goDD83ipeQ,2025-12-26T00:50:19Z,95,0,0,0,4,17,71.45
2026-08-03,DmhxO5mlvxo,2025-12-25T12:22:02Z,115,0,0,0,4,12,51.24999999999999
2026-08-03,AKbv7xTvxnQ,2025-12-25T00:49:59Z,96,1,0,0,3,13,50.97999999999999
2026-08-03,0wI-gF3lGLM,2025-12-24T12:21:25Z,75,0,0,0,2,16,80.38
2026-08-03,9ieCGBvL-Bg,2025-12-24T03:45:47Z,51,0,0,0,1,8,40.12
2026-08-03,uGeiWkgtDP8,2025-12-22T00:53:16Z,130,1,0,0,5,13,65.78
2026-08-03,McHdknbY2cU,2025-12-21T12:19:35Z,44,1,0,0,1,15,71.9
2026-08-03,aN61kpao8HI,2025-12-21T00:54:41Z,187,0,0,0,5,11,49.01
2026-08-03,LP9DKhWavDA,2025-12-20T12:21:03Z,47,0,0,0,1,8,24.28
2026-08-03,fDS63LcxhNk,2025-12-20T00:47:34Z,151,0,0,0,4,13,46.68
2026-08-03,2HxaPdFdrAE,2025-12-19T12:21:23Z,305,0,0,0,13,12,60.06
2026-08-03,zP021DqgYA4,2025-12-19T00:49:03Z,146,0,0,0,3,10,53.26
2026-08-03,UMYm5lJHF6s,2025-12-18T12:21:22Z,89,0,1,0,3,13,82.36
2026-08-03,6j1gLZK5aJQ,2025-12-18T00:46:26Z,48,1,0,0,1,11,50.18
2026-08-03,a-0M7qv4ECM,2025-12-17T12:23:19Z,68,0,0,0,1,11,39.25
2026-08-03,lF9gvPG7YEY,2025-12-17T00:45:41Z,48,0,0,0,1,13,81.34
2026-08-03,or2vlbZ8PUo,2025-12-16T12:21:46Z,41,0,0,0,0,7,49.05
2026-08-03,w0u7iPVS4kg,2025-12-16T00:50:07Z,49,0,0,0,2,15,69.61
2026-08-03,ChBrBKj_FL0,2025-12-15T12:23:43Z,80,1,0,0,2,7,33.02
2026-08-03,pkVeQWwOH1M,2025-12-14T00:55:44Z,71,0,0,0,1,10,35.54
2026-08-03,tdK_vfJlYIU,2025-12-13T12:19:52Z,56,1,0,0,1,7,25.19
2026-08-03,rKfPskTw4uE,2025-12-13T00:46:03Z,55,0,0,0,1,10,62.43
2026-08-03,X253-VhbDHQ,2025-12-12T12:22:27Z,38,0,0,0,0,32,131.93
2026-08-03,kWgeQ8_3gf4,2025-12-12T00:49:39Z,107,0,0,0,3,9,42.79
2026-08-03,XAzSHS1CHFY,2025-12-11T12:22:27Z,73,0,0,0,1,9,64.15
2026-08-03,L6Wc8lnn4DU,2025-12-11T00:51:08Z,1657,0,0,0,42,14,50.83
2026-08-03,MtheX2OJMDQ,2025-12-10T12:22:34Z,55,0,0,0,0,5,23.83
2026-08-03,E1ibjYdkrbQ,2025-12-10T00:49:51Z,33,0,0,0,0,0,0
2026-08-03,U5_e3bmCbZY,2025-12-09T12:22:22Z,39,0,0,0,1,8,40.45
2026-08-03,t2DSE_ojmik,2025-12-06T00:47:45Z,77,0,0,0,3,25,75.8
2026-08-03,SRE8VHmGAqw,2025-12-05T12:22:14Z,61,0,0,0,2,12,56.50999999999999
2026-08-03,1avSfbfo6nQ,2025-12-05T00:49:35Z,91,1,0,0,2,19,64.34
2026-08-03,qL9y-Y4m8YY,2025-12-04T12:22:55Z,37,0,0,0,0,5,22.41
2026-08-03,XfbgEEaqypE,2025-12-04T00:49:06Z,54,0,0,0,1,6,21.96
2026-08-03,eFDnU8gaEJM,2025-12-03T00:47:59Z,48,0,0,0,0,4,22.28
2026-08-03,hxIwlu8ep-k,2025-12-02T12:23:15Z,55,0,0,0,1,13,52.87
2026-08-03,K3wSItDBg1k,2025-12-02T00:48:54Z,100,0,0,0,3,15,57.37
2026-08-03,hA9HyqaFyHM,2025-12-01T12:22:12Z,35,0,0,0,0,4,19.7
2026-08-03,tZQoZXF9Ud4,2025-12-01T00:58:59Z,102,0,0,0,1,4,19.94
2026-08-03,f-c69bkm6io,2025-11-30T12:18:54Z,91,0,0,0,3,10,50.36999999999999
2026-08-03,MsaO1qV-Ln0,2025-11-30T00:56:14Z,78,0,0,0,1,6,29.07
2026-08-03,BFEdIXRH-Fo,2025-11-29T00:47:12Z,58,0,0,0,1,17,53.03
2026-08-03,aFMkajr0L0o,2025-11-28T00:46:39Z,117,0,0,0,3,9,33.46
2026-08-03,HijWOdHKdH0,2025-11-27T12:22:09Z,116,0,0,0,5,21,85.38
2026-08-03,XVyf5d0eCE8,2025-11-27T00:46:29Z,54,0,0,0,1,10,52.31
2026-08-03,-KPak8LRUiA,2025-11-26T12:22:12Z,47,0,0,0,0,5,23.29
2026-08-03,FMgGUvkXlkI,2025-11-26T00:48:06Z,63,0,0,0,1,11,43.69
2026-08-03,DLiRMEwNnDc,2025-11-25T12:22:48Z,96,0,0,0,2,10,37.3
2026-08-03,bhWV305AZCg,2025-11-25T00:46:53Z,48,0,0,0,1,8,32.41
2026-08-03,NA7EumyAw4s,2025-11-24T12:21:38Z,38,0,0,0,0,4,15.770000000000001
2026-08-03,BQIHokBkLZM,2025-11-23T12:19:00Z,157,1,0,0,8,17,65.4
2026-08-03,7y-j8FAsFM8,2025-11-23T00:54:00Z,112,0,0,0,3,14,76.71
2026-08-03,DWwGPzpDyr8,2025-11-22T12:19:18Z,30,0,0,0,0,4,13.350000000000001
2026-08-03,UrD-Q-oBE-k,2025-11-22T00:45:23Z,123,0,0,0,2,14,61.42999999999999
2026-08-03,Q9VgwFN3UIg,2025-11-21T12:20:39Z,37,0,0,0,0,5,19.63
2026-08-03,oZ1KoF4YsaU,2025-11-21T00:47:44Z,42,0,0,0,1,12,46.25
2026-08-03,DEdYVTobd2c,2025-11-20T12:21:38Z,65,0,0,0,1,10,48.47
2026-08-03,Pvy_Sx_1IU8,2025-11-20T00:45:47Z,98,0,0,0,3,9,50.42
2026-08-03,W6nZEkKaMns,2025-11-19T12:21:58Z,60,0,0,0,2,18,72.17
2026-08-03,DCe_h8sqrhA,2025-11-19T00:49:16Z,36,0,0,0,0,8,28.859999999999996
2026-08-03,vMCVHEX6X-4,2025-11-18T12:22:09Z,22,1,0,0,0,9,36
2026-08-03,Qbqrzbs0TY8,2025-11-18T00:47:59Z,44,0,0,0,1,7,24.75
2026-08-03,lqXVwyhxzwQ,2025-11-17T12:21:08Z,54,0,0,0,2,12,62.69
2026-08-03,KzpeOdp-c1U,2025-11-17T00:49:32Z,28,0,0,0,1,14,47.49
2026-08-03,__BTJr7239g,2025-11-16T12:17:43Z,28,0,0,0,0,9,66.43
2026-08-03,tY5h-MOkj0k,2025-11-16T00:50:03Z,38,0,0,0,1,7,45.82
2026-08-03,7qvvyYK7pjM,2025-11-15T12:18:21Z,90,0,0,0,5,16,83.88
2026-08-03,bEBT1HmsU0w,2025-11-15T00:45:59Z,46,0,0,0,1,12,63.16
2026-08-03,EC3qu-J6O3o,2025-11-14T12:21:09Z,34,0,0,0,0,10,54.059999999999995
2026-08-03,Lu_GOCfqqsE,2025-11-14T00:47:41Z,99,0,0,0,3,10,44.19
2026-08-03,BmX41hUYTEo,2025-11-13T12:22:25Z,45,0,0,0,1,10,49.78
2026-08-03,bmt7t2cUv0g,2025-11-13T00:47:51Z,49,0,0,0,1,10,39.11
2026-08-03,maKQnP1Fbm0,2025-11-12T12:22:16Z,44,0,0,0,0,6,24.21
2026-08-03,dfi7G15BoPU,2025-11-12T00:48:22Z,146,0,0,0,5,14,53.90999999999999
2026-08-03,EaW6off6I-g,2025-11-11T12:21:15Z,25,0,0,0,0,5,22.01
2026-08-03,x4iAzzoynWo,2025-11-11T00:48:12Z,69,0,0,0,2,11,48.53
2026-08-03,uf8gxiLsKt4,2025-11-10T12:21:45Z,80,1,0,0,2,9,36.44
2026-08-03,IrFYVHvsGGI,2025-11-10T00:50:07Z,109,2,1,0,5,19,73.74
2026-08-03,nM5RQOj527Q,2025-11-09T20:46:27Z,67,0,0,0,1,7,48.87
2026-08-03,9X9J9HcnjRQ,2025-11-08T12:17:39Z,47,0,0,0,0,8,58.050000000000004
2026-08-03,tmyiz1EyOJ0,2025-11-08T00:44:46Z,28,0,0,0,0,4,23.9
2026-08-03,aiE5zJEb4LQ,2025-11-07T12:21:37Z,9,0,0,0,0,0,0
2026-08-03,RL-aV22hT3Q,2025-11-07T00:48:10Z,59,0,0,0,1,18,61.9
2026-08-03,iqjcjekQ4DA,2025-11-06T12:20:18Z,53,0,0,0,1,8,52.18000000000001
2026-08-03,0_Qr1FDSRUQ,2025-11-06T00:48:24Z,115,0,0,0,7,23,70.33
2026-08-03,VBWrqM7y_nY,2025-11-05T12:22:42Z,7,0,0,0,0,5,17.81
2026-08-03,7MDyZHXM6SQ,2025-11-05T00:48:17Z,189,0,0,0,5,11,64.9
2026-08-03,mFP_gIstEt8,2025-11-04T00:47:50Z,75,1,0,0,2,10,60.27
2026-08-03,5o0kd4B5OG8,2025-11-03T12:22:17Z,60,0,0,0,1,8,27.83
2026-08-03,6_QsBHeIods,2025-11-03T00:50:50Z,71,0,0,0,1,6,23.61
2026-08-03,ey4lxj-MxF8,2025-11-02T00:51:27Z,67,0,0,0,1,14,54.7
2026-08-03,d-oDeuxr9YY,2025-11-01T12:19:24Z,42,0,0,0,1,10,48.59
2026-08-03,qu68AwRcQUs,2025-11-01T00:49:48Z,44,0,0,0,1,9,34.72
2026-08-03,FpraVnRBn_g,2025-10-31T12:22:10Z,26,0,0,0,0,8,30.070000000000004
2026-08-03,YbyoErWHPrQ,2025-10-31T00:49:14Z,189,0,0,0,5,9,27.440000000000005
2026-08-03,r2GTq9pmDSw,2025-10-30T12:20:36Z,70,0,0,0,3,17,85.82
2026-08-03,DiOCz3pzEJQ,2025-10-30T00:47:38Z,105,0,0,0,3,13,60.49
2026-08-03,atBZitOWh8s,2025-10-29T15:48:23Z,11,0,0,0,1,18,78.78
2026-08-03,8iSmE8YXGKE,2025-10-29T00:49:21Z,41,0,0,0,1,8,41.28
2026-08-03,Cl-_JI9q_Vk,2025-10-28T12:21:06Z,86,0,0,0,3,13,54.18999999999999
2026-08-03,MzZ_20dPW-Y,2025-10-28T00:47:00Z,47,0,0,0,2,12,47.21
2026-08-03,0jhH6KZpmL8,2025-10-27T12:25:22Z,41,0,0,0,1,15,35.83
2026-08-03,FnNJckzMN4I,2025-10-27T00:50:00Z,62,0,0,0,11,75,345.36
2026-08-03,EHmOrNhP6eU,2025-10-26T12:20:55Z,35,0,0,0,1,19,64.42
2026-08-03,kaF2LpvGDE8,2025-10-26T00:48:33Z,67,0,0,0,2,9,44.47
2026-08-03,MrNfRJleZa4,2025-10-25T12:20:50Z,77,0,0,0,5,18,57.96
2026-08-03,cxkwv1-VWKM,2025-10-25T00:44:59Z,33,0,0,0,1,12,66.78
2026-08-03,CMt6N9OYHc4,2025-10-24T12:22:09Z,51,0,0,0,2,17,58.17
2026-08-03,fsKpdj-hOBc,2025-10-24T00:45:25Z,30,0,0,0,0,11,41.39
2026-08-03,g5WH6g6SXzo,2025-10-23T12:23:47Z,2,0,0,0,0,23,87.78
2026-08-03,whO3TbZRN2s,2025-10-23T00:46:43Z,123,1,0,0,5,16,47.28
2026-08-03,9udR2t3StDg,2025-10-22T12:21:57Z,147,1,0,0,8,12,54.25
2026-08-03,rPz60XxcTho,2025-10-22T01:47:39Z,26,0,0,0,0,11,42.26
2026-08-03,Z05lza3afe0,2025-10-20T12:21:15Z,71,0,0,0,4,19,69.88
2026-08-03,5b5VRHg-xnM,2025-10-20T00:50:25Z,62,0,0,0,2,20,102.51999999999998
2026-08-03,6ge3dzSKuAU,2025-10-19T12:19:54Z,47,0,0,0,2,15,55.94
2026-08-03,qjVcEZB3imM,2025-10-19T00:51:20Z,24,0,0,0,0,11,60.02000000000001
2026-08-03,qf7bSeDljc4,2025-10-18T12:19:43Z,3,0,0,0,0,20,87.87
2026-08-03,rbTkKE75_c0,2025-10-18T00:43:16Z,68,0,0,0,3,11,53.05
2026-08-03,ri2RZwr5J_4,2025-10-17T12:22:47Z,63,0,0,0,3,15,60.8
2026-08-03,v1zftajT1M0,2025-10-17T00:46:54Z,35,0,0,0,1,9,36.8
2026-08-03,pG8D3fHo7Kc,2025-10-16T12:21:59Z,109,1,0,0,27,97,444.34
2026-08-03,vQrRjChYLTc,2025-10-16T00:47:28Z,1,0,0,0,0,26,92.31
2026-08-03,xQVwOjXeNg0,2025-10-15T12:22:00Z,8,0,0,0,0,0,0
2026-08-03,iM0KR2-32f0,2025-10-15T00:47:34Z,4,0,0,0,0,14,52.57000000000001
2026-08-03,QkRtBzgp7LY,2025-10-14T12:23:44Z,14,0,0,0,0,20,87.39
2026-08-03,67qAhXRjlfA,2025-10-14T00:43:57Z,155,0,0,0,7,16,87.48
2026-08-03,SDLOOe8fi1M,2025-10-11T12:18:01Z,156,1,0,0,5,13,90.37
2026-08-03,b9tm03RKVpI,2025-10-11T00:42:33Z,19,0,0,0,0,7,44.05
2026-08-03,aDZm7fyKxZg,2025-10-10T12:22:18Z,53,0,0,0,2,18,88.29
2026-08-03,5gf43PikwPY,2025-10-10T00:44:00Z,251,0,0,0,23,32,163.81
2026-08-03,zgkkKMEvI4c,2025-10-09T12:22:48Z,67,0,0,0,2,10,39
2026-08-03,nsWYanXH4WQ,2025-10-09T00:45:59Z,22,0,0,0,0,28,92.61
2026-08-03,LQrAelHASPo,2025-10-08T12:22:30Z,19,0,0,0,1,16,82.67
2026-08-03,TovBq4xQFsc,2025-10-08T00:44:25Z,3,0,0,0,0,17,85.95
2026-08-03,Fl0RC5BJ3Pk,2025-10-07T12:22:14Z,75,0,0,0,3,16,82.9
2026-08-03,083VndBSBQA,2025-10-07T00:44:03Z,4,0,0,0,0,26,102.42
2026-08-03,9c2q7_r-q2Y,2025-10-06T12:22:15Z,4,0,0,0,1,35,116.06
2026-08-03,YGxrFAg3YOg,2025-10-05T12:19:04Z,70,0,0,0,3,17,82.2
2026-08-03,GcTz74gCsok,2025-10-05T00:49:33Z,55,0,0,0,3,26,118.53
2026-08-03,xvsX438rApQ,2025-10-04T19:15:22Z,38,0,0,0,1,17,92.17
2026-08-03,wsQMaYdr88Q,2025-09-20T12:18:35Z,145,1,0,0,7,12,51.22
2026-08-03,n4yje0t1LrQ,2025-09-20T00:43:59Z,44,0,0,0,1,19,49.76
2026-08-03,bvSYCI4URs8,2025-09-19T12:20:04Z,50,0,0,0,2,13,67.56
2026-08-03,SvIlF1anibo,2025-09-19T00:45:59Z,79,0,0,0,3,15,69
2026-08-03,G__3jx9sIcE,2025-09-18T12:21:43Z,135,0,0,0,8,15,63.019999999999996
2026-08-03,1rwy6xm5h8U,2025-09-18T00:43:45Z,49,0,0,0,2,14,67.42
2026-08-03,rSnz3nrgTFg,2025-09-17T12:21:43Z,38,0,0,0,1,7,30.59
2026-08-03,HTnmcw1VZsc,2025-09-17T00:44:19Z,178,0,0,0,6,13,46.08
2026-08-03,E7qHyD4bGJs,2025-09-16T12:21:39Z,46,0,0,0,1,7,28.110000000000003
2026-08-03,2clRmgMM1Us,2025-09-16T00:43:33Z,77,0,0,0,3,10,38.31
2026-08-03,YMnreQdpm5Y,2025-09-15T12:22:51Z,47,0,0,0,2,11,45.31
2026-08-03,n9WrhduYV3U,2025-09-15T00:53:32Z,66,0,0,0,3,12,60.35
2026-08-03,TjeZN7Gnx04,2025-09-14T12:18:57Z,46,0,0,0,2,15,65.95
2026-08-03,78zx-NQ3wVI,2025-09-14T00:48:31Z,2,0,0,0,0,16,65.13
2026-08-03,YxugVSFp3T0,2025-09-13T22:01:50Z,42,0,0,0,2,19,65.73
2026-08-03,kAI33hsvcUs,2025-08-22T12:20:10Z,75,0,0,0,3,12,43.67
2026-08-03,usvmmNihqZE,2025-08-22T00:45:55Z,49,0,0,0,2,11,49.84
2026-08-03,FJiDKJhqzMk,2025-08-21T12:21:38Z,64,0,0,0,3,11,44.99
2026-08-03,4KNrxnn4LYA,2025-08-21T00:44:57Z,25,0,0,0,0,24,92.3
2026-08-03,F7bl42wdwsk,2025-08-20T12:19:34Z,47,1,0,0,1,17,92.99
2026-08-03,2TQ1xDxSPko,2025-08-20T00:45:59Z,49,0,0,0,2,18,71.35
2026-08-03,2SEMOGewnt0,2025-08-19T12:20:22Z,47,0,0,0,4,18,91.17
2026-08-03,jl43kb2Mrl8,2025-08-19T00:46:39Z,37,0,0,0,0,8,56.11000000000001
2026-08-03,5ghuUk0uXKo,2025-08-18T12:22:15Z,5,0,0,0,1,37,129.19
2026-08-03,sZH-Vd6Q0Pg,2025-08-18T00:53:45Z,26,0,0,0,1,17,66.13
2026-08-03,n27QrIxIwBM,2025-08-17T12:19:46Z,21,0,0,0,1,13,43.56
2026-08-03,tj8faNubOXU,2025-08-17T00:54:38Z,40,0,0,0,1,16,54.55
2026-08-03,96EZNoOx5vk,2025-08-16T12:19:15Z,23,0,0,0,1,14,68.96
2026-08-03,KaojabYOzx0,2025-08-16T00:46:15Z,12,0,0,0,3,66,301.33
2026-08-03,THOj9YbvwsE,2025-08-15T15:23:30Z,6,0,0,0,0,27,82.97
2026-08-03,BZosJFoh2-E,2025-08-14T12:21:40Z,12,0,0,0,0,10,51.93
2026-08-03,TxfJxCoufW8,2025-08-14T00:48:45Z,47,0,0,0,1,18,74.15
2026-08-03,u4SLrBeU4P8,2025-08-13T12:21:24Z,82,0,0,0,5,15,60.91
2026-08-03,Lcr_-bsm-yU,2025-08-13T00:48:58Z,52,0,0,0,1,11,58.28
2026-08-03,loW9tXPftEI,2025-08-12T12:21:02Z,120,0,0,0,4,11,42.64
2026-08-03,mIZqOrlU3V4,2025-08-12T00:48:01Z,50,0,0,0,1,9,49.71
2026-08-03,Vu85YbKD2uA,2025-08-11T12:22:21Z,34,0,0,0,1,13,49.35
2026-08-03,2ihzs4ltkz4,2025-08-11T00:56:43Z,32,0,0,0,1,12,37.95
2026-08-03,cRrYtcVjQIM,2025-08-10T12:18:58Z,31,0,0,0,0,9,47.53
2026-08-03,oMMCSoJOPFY,2025-08-10T00:58:04Z,40,0,0,0,4,20,67.53
2026-08-03,71ERRmCB7uY,2025-08-09T12:20:09Z,37,0,0,0,1,13,52.09
2026-08-03,DOMkPDITAig,2025-08-09T00:47:31Z,71,0,0,0,3,13,49.92
2026-08-03,Z_8PUimecoU,2025-08-08T12:22:09Z,124,0,0,0,8,14,76.75
2026-08-03,798aPt3idGI,2025-08-08T00:55:22Z,32,0,0,0,1,15,49.46
2026-08-03,nJ_CeCMDjgo,2025-08-07T13:02:00Z,74,0,0,0,3,10,45.34
2026-08-03,F6bItVNWey4,2025-08-07T00:53:42Z,73,0,0,0,3,12,62.39
2026-08-03,EjwJ28Zg0Zs,2025-08-06T12:23:15Z,49,0,0,0,1,9,37.62
2026-08-03,NbSU5rDcqA8,2025-08-06T00:55:01Z,49,0,0,0,2,14,50.85999999999999
2026-08-03,OTdnZwnqZto,2025-08-05T12:22:59Z,57,0,0,0,2,13,56.92
2026-08-03,dP37FHj8nHg,2025-08-05T00:53:37Z,89,0,0,0,3,10,64.74
2026-08-03,jWk424bgg84,2025-08-04T12:23:46Z,57,1,0,0,2,15,71.84
2026-08-03,8-zs2bzAYok,2025-08-03T12:19:46Z,55,0,0,0,3,13,53.81
2026-08-03,XWpZCVCgX-A,2025-08-03T00:58:49Z,70,1,0,0,2,13,63.79
2026-08-03,AoN4FPURjpo,2025-08-02T12:20:33Z,50,0,0,0,2,11,48.38
2026-08-03,b1CT89GMN6o,2025-08-02T00:47:59Z,170,0,0,0,9,21,134.87
2026-08-03,ip4v0KcNBTg,2025-08-01T12:22:38Z,123,0,0,0,4,10,45.26
2026-08-03,b9uiF9O5AVk,2025-08-01T01:01:34Z,172,0,0,0,16,13,40.12
2026-08-03,v80VsDnL6vk,2025-07-31T12:21:40Z,40,0,0,0,1,9,39.46
2026-08-03,ukGL5TXbjDc,2025-07-31T02:11:20Z,39,0,0,0,1,9,42.58
2026-08-03,baIn3WnCR_s,2025-07-30T00:52:36Z,116,0,0,0,7,19,108.95000000000002
2026-08-03,dHLGC_aLh38,2025-07-29T12:22:49Z,44,0,0,0,1,10,44.03
2026-08-03,8T2wjykQY8M,2025-07-29T00:56:50Z,106,1,0,0,3,8,46.47
2026-08-03,2mlwNI9mKVc,2025-07-28T12:23:00Z,63,0,0,0,3,14,53.43
2026-08-03,ZI_z_4_Pdfg,2025-07-28T00:56:19Z,123,0,0,0,4,10,51.12
2026-08-03,Lm7_gHvmrWc,2025-07-27T12:20:02Z,49,0,0,0,2,14,78.63
2026-08-03,9c3PnUunMrI,2025-07-27T00:56:38Z,69,0,0,0,2,9,53.22
2026-08-03,eohklwMcu8s,2025-07-26T12:20:31Z,73,0,0,0,4,15,52.300000000000004
2026-08-03,JMfUVNqH-v8,2025-07-26T00:50:36Z,55,0,1,0,2,15,57.56
2026-08-03,kCiWEditH2c,2025-07-25T12:22:32Z,97,0,0,0,6,20,63.31
2026-08-03,VzRORbvYeU8,2025-07-25T00:53:02Z,62,0,0,0,3,13,31.15
2026-08-03,TaYTYLmXSpw,2025-07-24T12:23:07Z,61,0,0,0,3,17,68.87
2026-08-03,eojAkEGYKy8,2025-07-24T00:51:50Z,29,0,0,0,1,14,64.98
2026-08-03,jDNLDjwedSI,2025-07-23T12:22:35Z,66,0,0,0,5,21,92.96
2026-08-03,l-MK9FDyZGo,2025-07-23T01:53:38Z,39,0,0,0,1,14,52.93
2026-08-03,MTISyE2GK90,2025-07-22T00:51:23Z,272,1,0,0,20,20,103.61
2026-08-03,xaxoboKmsp8,2025-07-21T12:23:00Z,53,0,0,0,3,15,52.14
2026-08-03,YYQPFxAyXlA,2025-07-21T00:55:19Z,94,0,0,0,4,13,57.26
2026-08-03,C-pKshzaFI4,2025-07-20T12:19:56Z,860,1,0,0,57,14,70.46
2026-08-03,2cXstg2g1oo,2025-07-20T00:58:48Z,105,0,0,0,7,18,61.03000000000001
2026-08-03,UUVJFY1I6eQ,2025-07-19T12:19:13Z,181,1,0,0,9,11,57.49999999999999
2026-08-03,72GZYgKfNgY,2025-07-19T00:50:17Z,69,0,0,0,4,13,38.88
2026-08-03,hYqav0qcs-4,2025-07-18T12:21:48Z,117,0,0,0,7,14,61.78
2026-08-03,CA74oLX496k,2025-07-18T00:51:11Z,60,0,0,0,3,18,65.66
2026-08-03,pqSpEEBBZ5Y,2025-07-17T12:20:49Z,158,2,0,0,12,14,74.81
2026-08-03,vHOEW402B9s,2025-07-17T00:51:20Z,63,0,0,0,2,13,55.03
2026-08-03,Y_hYHH0oLzQ,2025-07-16T12:21:49Z,61,0,0,0,2,13,56.84
2026-08-03,sQ9TSjUyYHg,2025-07-16T00:50:53Z,210,0,0,0,18,14,82.97
2026-08-03,wZ_p3BEx0Hw,2025-07-15T12:22:37Z,60,0,0,0,3,13,66.62
2026-08-03,kxtbSj_b_IM,2025-07-15T03:01:40Z,36,0,0,0,1,8,44.73
2026-08-03,VCg1HIvDlmM,2025-07-11T12:21:10Z,25,0,0,0,0,15,58.879999999999995
2026-08-03,CnXoXMSAG78,2025-07-11T00:49:31Z,88,0,0,0,4,12,68.05
2026-08-03,wGfuxxpXlSA,2025-07-10T12:21:07Z,91,0,0,0,4,10,53.59
2026-08-03,I9Ms9geTeu0,2025-07-10T00:48:30Z,31,0,0,0,0,11,52.27
2026-08-03,N8xFDObGXSE,2025-07-09T12:21:31Z,77,0,0,0,3,11,53.16
2026-08-03,oM-LaSVYYnA,2025-07-09T00:49:58Z,63,0,0,0,2,10,52.349999999999994
2026-08-03,Yrg3cZU7eJw,2025-07-08T12:20:58Z,233,2,0,0,17,13,79.16
2026-08-03,e7dQ9yvJzZY,2025-07-08T00:48:19Z,89,1,0,0,3,11,49.76
2026-08-03,QGLkukuFr9E,2025-07-07T12:21:02Z,59,0,0,0,2,8,40.58
2026-08-03,ww9LNzzWEnw,2025-07-07T00:53:34Z,50,0,0,0,1,8,29.99
2026-08-03,42IXNsa6d9s,2025-07-06T12:19:21Z,21,0,0,0,1,15,63.56
2026-08-03,JXJySqBADHM,2025-07-06T00:54:22Z,170,0,0,0,5,11,49.86
2026-08-03,zYZkNuHz-yU,2025-07-05T12:18:26Z,27,0,0,0,0,6,27.97
2026-08-03,E0ZN8wJS83Q,2025-07-04T14:52:05Z,64,0,0,0,3,23,94.8
2026-08-03,L_EL5f08i14,2025-07-04T00:48:22Z,100,0,0,0,3,10,46.8
2026-08-03,P5jIY_NCDO8,2025-07-03T12:20:17Z,41,1,0,0,0,7,32.17
2026-08-03,qoOse_duoqg,2025-07-03T00:49:50Z,34,0,0,0,1,10,31.679999999999996
2026-08-03,gMgf71gWSns,2025-07-02T12:20:19Z,43,0,0,0,1,12,56.25
2026-08-03,y6wq_o7vRLQ,2025-07-02T00:47:48Z,58,0,0,0,2,14,62.25000000000001
2026-08-03,gFmJwB7Ae1U,2025-07-01T12:21:07Z,31,0,0,0,0,6,26.52
2026-08-03,iR0ftXc_P6U,2025-07-01T00:57:14Z,236,1,0,0,12,18,72.61
2026-08-03,KIFT3RS-1jo,2025-06-30T12:21:59Z,88,0,0,0,3,12,47.15
2026-08-03,NX6cYcB8-B8,2025-06-30T00:52:39Z,68,1,0,0,2,16,64.75
2026-08-03,qJGTEw8iezU,2025-06-29T12:18:28Z,0,0,0,0,0,0,0
2026-08-03,9j4PZqjGolc,2025-06-29T00:56:34Z,52,0,0,0,1,10,36.27
2026-08-03,l6qVlMe-Z0Q,2025-06-28T12:19:40Z,91,0,0,0,5,15,55.91
2026-08-03,xdzaCKsaYVc,2025-06-28T00:47:46Z,64,0,0,0,2,16,54.64
2026-08-03,2HDA7p1cXq4,2025-06-27T12:21:30Z,46,0,0,0,1,6,21.23
2026-08-03,qzBLxTShQfg,2025-06-27T00:49:17Z,56,0,0,0,2,10,37.29
2026-08-03,o-D6D8NGp1c,2025-06-26T12:20:39Z,178,0,0,1,8,13,72.29
2026-08-03,kCVxPz88TPM,2025-06-26T00:48:31Z,79,1,0,0,3,11,42.07
2026-08-03,PUX24gEV630,2025-06-25T12:20:55Z,46,0,0,0,1,13,65.63
2026-08-03,o-6Buts0ygQ,2025-06-25T00:49:43Z,100,0,0,0,5,22,82.92
2026-08-03,FeI7PXDWAmw,2025-06-24T12:21:56Z,1,0,0,0,0,0,0
2026-08-03,t9dFnLh-wyc,2025-06-24T00:49:31Z,9,0,0,0,0,11,47.89
2026-08-03,GWn867yxYzY,2025-06-23T12:23:46Z,65,0,0,0,2,9,25.72
2026-08-03,DhDhiMwW4DM,2025-06-23T00:53:12Z,54,0,0,0,1,8,31.069999999999997
2026-08-03,Ls4D1v80ALc,2025-06-22T12:18:30Z,67,1,0,0,3,13,47.58
2026-08-03,RrHNCA462xE,2025-06-22T00:53:39Z,83,0,0,0,4,15,81.09
2026-08-03,myCAcQ2_K2k,2025-06-21T12:19:28Z,105,0,0,0,4,14,56.32
2026-08-03,lx6VPZry0ZI,2025-06-21T00:47:14Z,110,1,0,0,3,12,44.1
2026-08-03,G8m1ZRzRIfU,2025-06-20T12:22:06Z,43,0,0,0,2,17,50.63999999999999
2026-08-03,nVYVBPt0Lcw,2025-06-20T00:48:16Z,37,0,0,0,1,9,36.34
2026-08-03,zOKKSAcOFK4,2025-06-19T12:21:02Z,63,0,0,0,3,14,67.43
2026-08-03,bTegbNmSRi4,2025-06-19T00:47:39Z,52,0,0,0,1,8,38.11
2026-08-03,9cv0AGU3f7Y,2025-06-18T12:19:49Z,208,0,0,0,7,11,66.78
2026-08-03,Hio5eRT3P2Y,2025-06-18T00:48:20Z,162,0,0,0,10,15,82.89
2026-08-03,A7yOEADsfLA,2025-06-17T12:20:38Z,87,1,0,0,4,12,70.3
2026-08-03,Q110khFMHL0,2025-06-17T00:47:59Z,71,0,0,0,3,15,79.17
2026-08-03,2h5-mJgktc0,2025-06-16T12:20:45Z,155,0,0,0,6,10,49.91
2026-08-03,qC6aiQLMTX0,2025-06-16T00:50:56Z,47,0,0,0,1,9,34.84
2026-08-03,bjNe7kxRpNk,2025-06-15T12:17:23Z,228,0,0,0,6,9,56.98
2026-08-03,mfh4EENwNF0,2025-06-15T00:55:56Z,176,0,0,0,9,13,47.49
2026-08-03,cvcwwkidXUs,2025-06-14T12:18:35Z,158,0,0,0,6,10,65.31
2026-08-03,WMoc4BUxR7Y,2025-06-14T00:46:37Z,160,1,0,0,8,15,58.540000000000006
2026-08-03,VcSN_Q6tN_w,2025-06-13T12:20:42Z,2,0,0,0,0,0,0
2026-08-03,M9CTXlrO6Hs,2025-06-13T03:51:00Z,135,0,0,0,6,13,60.35
2026-08-03,zK8iBDmYMKA,2025-06-12T12:19:47Z,58,0,0,0,1,7,36.72
2026-08-03,q4XHnjjH9dI,2025-06-12T00:46:46Z,125,0,0,0,4,9,49.65
2026-08-03,dO9QLnnbkW0,2025-06-11T12:20:34Z,76,1,0,0,2,17,74.47
2026-08-03,4JGOMKkIEKI,2025-06-11T00:48:33Z,335,0,0,0,13,13,54.40999999999999
2026-08-03,YTHY2PLYiLY,2025-06-10T12:21:46Z,164,0,1,0,11,20,71.27
2026-08-03,PIYhdRillDg,2025-06-10T00:47:33Z,128,0,0,0,6,16,87.51
2026-08-03,rg0_VgiF3b4,2025-06-09T12:21:30Z,82,0,0,0,3,9,30.130000000000003
2026-08-03,TBaj-KzYc1w,2025-06-09T00:52:08Z,105,0,0,0,5,14,56.3
2026-08-03,pPM8iPJTp_4,2025-06-08T12:22:47Z,4,0,0,0,0,11,42.67
2026-08-03,dEAFsKkgfus,2025-06-08T00:53:02Z,83,0,0,0,3,13,75.2
2026-08-03,bA2Rh8Oe2us,2025-06-07T12:18:17Z,72,0,0,0,2,9,45.5
2026-08-03,Xpk_pToAUSE,2025-06-07T00:47:32Z,52,0,0,0,1,10,49.23
2026-08-03,cqtb3jL81es,2025-06-06T12:20:44Z,70,0,0,0,2,11,46.02
2026-08-03,9LA1iCEEaEU,2025-06-06T00:48:12Z,294,0,0,0,12,11,45.09
2026-08-03,PCy9dpRZ0CA,2025-06-05T16:39:18Z,141,0,0,0,3,9,32.51
2026-08-03,9AZa6pvcq_g,2025-06-05T12:22:21Z,2,0,0,0,0,28,102.4
2026-08-03,HNa-g80gjCY,2025-06-05T00:47:13Z,309,0,0,0,11,10,62.24000000000001
2026-08-03,zaXzhb7zM7c,2025-06-04T12:20:18Z,126,0,0,0,6,15,66.18
2026-08-03,bsCmWKVvCCI,2025-06-04T00:48:29Z,59,0,0,0,2,18,63.190000000000005
2026-08-03,vzEQ52cEtGI,2025-06-03T12:20:25Z,78,0,0,0,4,14,55.92
2026-08-03,r_aMwKtTZS4,2025-06-03T00:48:20Z,42,0,0,0,1,10,41.6
2026-08-03,HGmiusWhzcM,2025-06-02T12:20:07Z,185,0,0,0,8,12,71.3
2026-08-03,jWw6qlFWawc,2025-06-02T00:49:38Z,334,0,0,0,12,13,64.46
2026-08-03,xfSLuWxTnWQ,2025-06-01T12:19:16Z,119,0,0,0,5,11,55.17999999999999
2026-08-03,UsQLO2UBPdI,2025-06-01T00:59:20Z,72,0,0,0,2,9,31.97
2026-08-03,t2V2iI_HdvY,2025-05-31T12:17:47Z,82,0,0,0,2,8,47.07
2026-08-03,Sx_pHwLn43g,2025-05-31T01:32:46Z,87,0,0,0,2,8,46.19
2026-08-03,Pp4fV1ZhBNs,2025-05-30T12:19:48Z,206,0,0,0,17,12,63.6
2026-08-03,c9gpgxcSUmw,2025-05-30T00:46:50Z,5,0,0,0,1,16,72.14
2026-08-03,RZeaNeLIj5c,2025-05-29T12:19:40Z,61,0,0,0,2,14,61.529999999999994
2026-08-03,u7KfW248d0U,2025-05-29T00:47:56Z,74,1,1,0,2,11,59.07
2026-08-03,MSXJYvEJxd4,2025-05-28T18:51:21Z,11,0,0,0,1,14,87.82
2026-08-03,4GOkf4Y8hLk,2025-05-28T12:20:24Z,44,0,0,0,1,11,46.39
2026-08-03,j6nPLmSAPhc,2025-05-28T00:47:43Z,50,0,0,0,2,17,85.08
2026-08-03,wAYHiCNZRas,2025-05-27T12:20:27Z,93,1,0,0,4,11,43.65
2026-08-03,H5d6AZyg010,2025-05-27T00:45:45Z,179,0,0,0,6,10,68.28
2026-08-03,CAaa6S7pGns,2025-05-26T12:20:12Z,118,0,0,0,4,12,48.51
2026-08-03,yOx0Zjc4MW8,2025-05-26T00:49:08Z,200,2,0,0,13,15,66.14
2026-08-03,wRcGYiRZ4Nk,2025-05-25T12:18:07Z,259,0,0,0,15,14,83.58
2026-08-03,qswT6Ib-wT0,2025-05-25T00:53:24Z,140,0,0,0,5,10,38.39
2026-08-03,TRkwxs18Mz0,2025-05-24T12:19:33Z,96,0,0,0,5,16,50.72
2026-08-03,It9_smZPUHQ,2025-05-24T00:45:36Z,127,0,0,0,5,11,51.35000000000001
2026-08-03,GN0grBkYcZM,2025-05-23T17:33:30Z,91,1,0,0,5,22,81.61
2026-08-03,mL15th4eX-Y,2025-05-23T00:46:14Z,66,0,0,0,2,12,58.72999999999999
2026-08-03,DYgVmkj41kI,2025-05-22T12:20:39Z,70,0,0,0,3,15,69.19
2026-08-03,jbeOx8GjweU,2025-05-22T00:46:51Z,29,0,0,0,0,8,43.17
2026-08-03,FrPl6vsB6eU,2025-05-21T12:19:21Z,240,0,0,0,11,12,65.75
2026-08-03,fusoLfprni4,2025-05-21T00:46:43Z,87,0,0,0,3,9,64.15
2026-08-03,ctfPWK63xTw,2025-05-20T12:21:54Z,63,0,0,0,3,16,66.71
2026-08-03,koXY8jim-jM,2025-05-20T00:47:19Z,91,0,0,0,4,12,51.99
2026-08-03,phs6XlqZhC0,2025-05-19T12:22:22Z,117,0,0,0,3,10,34.92
2026-08-03,IFyfqe1rlMk,2025-05-19T00:48:48Z,91,0,0,0,3,10,64.84
2026-08-03,dPWfCjrsoos,2025-05-18T12:19:04Z,125,1,0,0,5,10,45.11
2026-08-03,RMX1GoAmPKc,2025-05-18T00:50:22Z,88,0,0,0,4,11,60.53999999999999
2026-08-03,ZnBMPMXKo58,2025-05-17T12:19:06Z,57,0,0,0,3,19,74.53
2026-08-03,68TQHx52cCY,2025-05-17T00:44:39Z,0,0,0,0,0,0,0
2026-08-03,VvNeswdrLTI,2025-05-16T12:20:14Z,121,0,0,0,8,23,101.05999999999999
2026-08-03,Xxokvejej1E,2025-05-16T00:47:27Z,178,0,0,0,4,7,38.51
2026-08-03,2t2fxmJbGB0,2025-05-15T12:20:58Z,117,0,0,0,4,9,37.76
2026-08-03,UmC_v0_WE80,2025-05-15T00:44:49Z,51,0,0,0,1,14,72.59
2026-08-03,vlc3XNhFDPw,2025-05-14T12:20:22Z,41,0,0,0,0,15,46.97
2026-08-03,Ej7Dr-jsd-c,2025-05-14T00:46:55Z,46,0,0,0,4,20,81.46
2026-08-03,sRYLe_NG6DI,2025-05-13T12:20:11Z,65,0,0,0,3,23,113.98000000000002
2026-08-03,WkahoEceybs,2025-05-13T00:45:58Z,30,0,0,0,0,4,23.68
2026-08-03,ilM07_lXaBM,2025-05-12T12:24:14Z,94,0,0,0,4,12,78.4
2026-08-03,EecjxHYz0ps,2025-05-12T00:48:11Z,112,0,0,0,6,24,114.62
2026-08-03,7y3o1y5Tu6s,2025-05-11T12:18:04Z,264,1,0,0,11,11,65.62
2026-08-03,NjGtESoHmUc,2025-05-11T00:48:57Z,79,0,0,0,2,13,68.86
2026-08-03,zx5DM9ukBF4,2025-05-10T12:18:50Z,190,1,0,0,7,18,68.17
2026-08-03,XM-IhwOVvCI,2025-05-10T00:43:46Z,307,0,0,0,11,17,73.17
2026-08-03,8pTTszih3v4,2025-05-09T12:18:41Z,172,0,0,0,5,15,70.95
2026-08-03,eTDyTZ5JnEs,2025-05-09T00:45:59Z,37,0,0,0,0,5,27.11
2026-08-03,EuYCO8aNOPM,2025-05-08T12:19:56Z,53,0,0,0,1,9,34.96
2026-08-03,TSzeDjpjmpE,2025-05-08T00:46:54Z,67,0,1,0,3,18,66.21
2026-08-03,NcVWi1QmIKk,2025-05-07T12:25:32Z,68,0,0,0,1,12,55.33
2026-08-03,fnP_PnYebjc,2025-05-07T00:47:00Z,200,0,0,0,8,13,59.14
2026-08-03,t96sT3Qq-FU,2025-05-06T12:24:10Z,80,0,0,0,7,61,227.02
2026-08-03,nSNc4Hb3Zgc,2025-05-06T00:46:35Z,40,0,0,0,0,0,0
2026-08-03,espwjgXy838,2025-05-05T12:20:42Z,52,0,0,0,1,13,53.33
2026-08-03,LOCLJ2Sf3aA,2025-05-05T04:45:43Z,52,0,0,0,1,8,31.069999999999997
2026-08-03,hUkDHR8W8BI,2025-05-04T12:17:45Z,88,0,0,0,45,242,1349.02
2026-08-03,C1d2SYSeaG4,2025-05-04T00:51:37Z,77,1,0,0,2,7,30.44
2026-08-03,235BKRdgpFk,2025-05-03T12:19:16Z,40,0,0,0,1,14,52.89
2026-08-03,-bC8O8QlJgA,2025-05-03T00:43:53Z,225,0,0,0,7,9,43.19
2026-08-03,MDp6r2HuNI8,2025-05-02T12:18:04Z,61,0,0,0,1,19,138.57
2026-08-03,xye9xWprlN8,2025-05-02T00:45:07Z,146,0,0,0,4,9,46.77
2026-08-03,EBBJl9x16o4,2025-05-01T12:18:05Z,85,0,0,0,2,7,43.26
2026-08-03,88yWwTHRxuM,2025-05-01T00:52:04Z,64,0,0,0,2,15,45.47
2026-08-03,03pUihkjQSQ,2025-04-30T12:24:53Z,53,0,0,0,1,8,30.42
2026-08-03,gTvEHz8oUck,2025-04-30T00:44:56Z,62,1,0,0,2,12,69.42
2026-08-03,P8m2FRee-Hs,2025-04-29T12:21:40Z,44,0,0,0,3,17,64.1
2026-08-03,JfSbOr27Kk0,2025-04-29T00:45:24Z,39,0,0,0,0,5,19.24
2026-08-03,4Jr_2QZcyrw,2025-04-28T12:18:58Z,67,0,0,0,1,13,65.41
2026-08-03,Wjr65y4hM1I,2025-04-28T00:45:52Z,154,0,0,0,6,11,79.23
2026-08-03,lUFplL1LBm0,2025-04-27T14:49:02Z,36,0,0,0,0,12,54.29999999999999
2026-08-03,GgOzyu_INak,2025-04-27T00:47:33Z,53,0,0,0,3,40,201.66999999999996
2026-08-03,4MJnNsvo53w,2025-04-26T12:17:53Z,165,0,0,0,5,10,53.92
2026-08-03,4aNpi2uLm4w,2025-04-26T00:44:18Z,76,0,0,0,14,63,234.56
2026-08-03,1gKSlD9axkw,2025-04-25T12:19:43Z,78,0,0,0,3,12,39.19
2026-08-03,5g2ZJyQ--Dc,2025-04-25T00:46:17Z,68,0,0,0,2,9,36.62
2026-08-03,dUZwxBwl_mo,2025-04-24T12:20:22Z,69,0,0,0,2,12,40.26
2026-08-03,xvqqvyp6XYw,2025-04-24T00:44:52Z,71,0,0,0,2,14,54.92
2026-08-03,ofnLcJI_STU,2025-04-23T12:19:57Z,55,0,0,0,2,31,112.42000000000002
2026-08-03,0_hnbylTTBg,2025-04-23T00:45:24Z,153,1,0,0,7,10,65.23
2026-08-03,sr2V6XXheAs,2025-04-22T12:18:44Z,56,0,0,0,3,19,86.4
2026-08-03,GjDII9Fkrqk,2025-04-22T00:44:56Z,74,0,0,0,5,26,105.76
2026-08-03,FYOfw1Zz_Yw,2025-04-21T12:20:31Z,88,1,0,0,4,22,74.7
2026-08-03,ZVHhWsZAEUM,2025-04-21T00:48:25Z,71,0,0,0,3,22,92.88
2026-08-03,epOHwc8AkZw,2025-04-20T12:18:28Z,103,2,0,0,5,16,64.02
2026-08-03,LbiHcD1PyjM,2025-04-20T06:27:20Z,77,0,0,0,2,13,59.75
2026-08-03,KyiYdze_V-g,2025-04-20T00:47:33Z,69,1,0,0,1,7,36.86
2026-08-03,iP1DR_4yBDU,2025-04-19T12:17:41Z,44,0,0,0,0,8,38.67
2026-08-03,oCmJ_bk3BvM,2025-04-19T00:44:37Z,90,0,0,0,4,15,36.31
2026-08-03,dqnzyOGZ3aI,2025-04-18T12:18:52Z,89,0,0,0,5,20,67.86
2026-08-03,DzUDd9GV8v8,2025-04-18T00:44:31Z,102,0,0,0,2,7,23.8
2026-08-03,6Tbs7lNSTQU,2025-04-17T12:19:31Z,52,1,0,0,3,18,75.55
2026-08-03,0XQnsZrXjn4,2025-04-17T00:42:48Z,36,0,1,0,1,13,105.49
2026-08-03,-P85g9OoT74,2025-04-16T12:19:16Z,189,0,0,0,8,16,61.3
2026-08-03,Yt1uSAQaXz8,2025-04-16T00:45:27Z,47,0,0,0,1,7,29.43
2026-08-03,AUabED30hEw,2025-04-15T15:12:51Z,95,0,0,0,4,12,37.17
2026-08-03,c2_M9MunhjI,2025-04-15T00:47:34Z,79,0,0,0,4,16,35.79
2026-08-03,shu7C6IkoWE,2025-04-14T12:18:22Z,115,0,0,0,5,14,80.84
2026-08-03,1dvZOni6DHo,2025-04-14T00:47:55Z,53,0,0,0,3,16,70.62
2026-08-03,FD5O6wmAudE,2025-04-13T12:18:51Z,83,0,0,0,3,15,47.48
2026-08-03,DPqoAO4lVsw,2025-04-13T02:11:46Z,131,0,0,0,7,14,53.010000000000005
2026-08-03,W8WYIm7c8sE,2025-04-12T12:15:49Z,79,0,0,0,4,15,84.77
2026-08-03,whyud5rF_Xk,2025-04-12T00:44:17Z,137,0,0,0,8,17,53.49
2026-08-03,upeH7p3lYTw,2025-04-11T12:18:52Z,144,0,0,0,7,20,90.99
2026-08-03,zBSSuDCgEg4,2025-04-11T00:45:44Z,60,0,0,0,4,21,72.99
2026-08-03,Jg2B9SPLvTI,2025-04-10T12:20:39Z,45,0,0,0,1,8,21.13
2026-08-03,laUk3okt-Nk,2025-04-10T00:44:23Z,70,0,0,0,3,26,84.14
2026-08-03,_7TFxr97JVQ,2025-04-09T12:19:29Z,45,0,0,0,5,24,83.52
2026-08-03,iR2C0mR60zs,2025-04-09T00:43:22Z,3,0,0,0,0,12,54.56999999999999
2026-08-03,XVyWWogVGdU,2025-04-08T12:18:39Z,61,0,0,0,2,11,55.50000000000001
2026-08-03,YjVpTGo3Q00,2025-04-08T01:17:43Z,72,0,0,0,4,13,46.06
2026-08-03,aVVeiPPLQdE,2025-04-07T12:19:05Z,40,0,0,0,0,5,23.69
2026-08-03,jvEdORakdUc,2025-04-07T00:46:41Z,93,0,0,0,4,12,46.05
2026-08-03,HyV_GfBmgmE,2025-04-06T16:39:59Z,0,0,0,0,0,0,0
2026-08-03,RJmlh-AheTQ,2025-04-06T12:16:35Z,47,0,0,0,8,94,448.36
2026-08-03,tU3rSMeXUuw,2025-04-06T00:47:58Z,51,0,0,0,2,18,54.14
2026-08-03,0sUXYOFYnUg,2025-04-05T16:50:37Z,50,0,0,0,2,11,49.97
2026-08-03,aFvQ5cF82JE,2025-04-05T00:42:56Z,40,1,0,0,1,11,41.35
2026-08-03,A4eccA916zo,2025-04-04T12:19:08Z,55,0,0,0,2,9,30.25
2026-08-03,l3_-NCoPohk,2025-04-04T00:44:25Z,50,0,0,0,1,12,46.25
2026-08-03,3u9WuhDUNtU,2025-04-03T12:19:19Z,37,0,0,0,0,5,18.52
2026-08-03,PqY6Q-C59bQ,2025-04-03T00:42:36Z,136,0,0,0,7,14,79.14
2026-08-03,aEIVU5PDM_Y,2025-04-02T12:19:24Z,72,0,0,0,2,9,35.62
2026-08-03,O9Dvzofzg4A,2025-04-02T00:45:42Z,177,1,0,0,5,11,30.79
2026-08-03,5fRSI_n5JIw,2025-04-01T12:20:46Z,0,0,0,0,0,0,0
2026-08-03,es5FZakBJhA,2025-04-01T00:50:23Z,77,0,0,0,2,8,29.65
2026-08-03,SHgrwzAXJ18,2025-03-31T14:37:48Z,190,0,0,0,9,11,48.85
2026-08-03,wWFiiMJS3aU,2025-03-31T00:45:30Z,33,1,0,0,6,12,75.88
2026-08-03,obRxtdwnJ4E,2025-03-30T12:18:17Z,39,1,0,0,3,9,37.6
2026-08-03,YNErPIYQaiQ,2025-03-30T00:47:15Z,34,0,0,0,4,10,44.34
2026-08-03,W3TZDvxUtd4,2025-03-29T12:17:47Z,12,0,0,0,3,18,52.57000000000001
2026-08-03,Zvspd5LwwKM,2025-03-29T00:43:48Z,7,0,0,0,1,13,37.83
2026-08-03,c1a4TlA0NLg,2025-03-28T12:17:12Z,5,0,0,0,0,8,61.84
2026-08-03,l34VAYFZkZI,2025-03-28T00:42:03Z,19,1,0,0,14,48,300.99
2026-08-03,N3Xhdj3gjF8,2025-03-27T12:21:00Z,19,1,0,0,3,12,56.779999999999994
2026-08-03,EDJVbBzyH88,2025-03-27T00:44:23Z,9,0,0,0,1,13,36.43
2026-08-03,mPXaXEg1RNI,2025-03-26T12:19:23Z,18,0,0,0,2,12,38.96
2026-08-03,O8SgQs2gb5s,2025-03-26T00:43:10Z,18,0,0,0,4,20,87.14
2026-08-03,D9XjF9gEgxw,2025-03-25T12:17:49Z,18,1,0,0,3,12,74.99
2026-08-03,QdKqBGyFeoI,2025-03-25T00:44:34Z,41,0,0,0,9,17,65.26
2026-08-03,Q1Mik5ASShA,2025-03-24T12:19:28Z,5,0,0,0,1,13,54.89000000000001
2026-08-03,tYB89tYADjM,2025-03-24T02:13:38Z,20,0,0,0,2,8,32.69
2026-08-03,pHF0EHiEsNg,2025-03-24T02:05:55Z,0,0,0,0,0,0,0
2026-08-03,eRClnS1LCCs,2025-03-23T01:56:16Z,14,0,0,0,2,15,71.72
2026-08-03,Ae6nHDU2LJw,2025-03-22T01:47:52Z,18,0,0,0,2,9,38.59
2026-08-03,wtfz55vyKnM,2025-03-21T01:53:13Z,5,0,0,0,1,16,50.55
2026-08-03,o6BlyEGFy3g,2025-03-20T01:49:15Z,2,0,0,0,0,21,84.44
2026-08-03,QjyB8oU6W28,2025-03-19T01:49:08Z,26,0,0,0,27,65,437
2026-08-03,ELm9sCQzEqY,2025-03-18T01:49:29Z,85,5,0,0,23,17,92.63
2026-08-03,vA_wqVo8ybM,2025-03-17T01:53:20Z,20,0,0,0,5,16,58.07
2026-08-03,kpP9o40QSCE,2025-03-16T15:06:00Z,21,2,0,0,4,13,45.09
2026-08-03,xuI7r8KmQC4,2025-03-15T01:46:33Z,11,0,0,0,1,9,46.8
2026-08-03,tJhCCUKC0b0,2025-03-14T01:47:07Z,11,2,0,0,1,9,45.99
2026-08-03,qBEWNVNlghs,2025-03-13T01:51:02Z,14,0,0,0,3,15,44.32
2026-08-03,4SVv53Ae1KE,2025-03-12T01:48:34Z,8,0,0,0,2,17,56.36
2026-08-03,e0cu6XoXXfY,2025-03-11T01:48:35Z,13,0,0,0,1,9,43.37
2026-08-03,WKwqH0_m7Zo,2025-03-10T17:25:22Z,16,0,0,0,2,13,44.15
2026-08-03,xf9viwThsqg,2025-03-10T01:26:07Z,1,0,0,0,0,0,0
2026-08-03,YbFbt3l-xJc,2025-03-09T01:28:22Z,0,0,0,0,0,0,0
2026-08-03,FxkfLtwKcNE,2025-03-08T20:05:09Z,3,2,0,0,0,24,202.03000000000003
2026-08-03,nLl8OoD-iCM,2025-03-08T19:58:02Z,0,0,0,0,0,0,0
2026-08-03,R0QpJvYe3ws,2025-03-08T19:35:07Z,2,1,0,0,0,18,156.44
2026-08-03,QVX-jvxkoLk,2025-03-08T19:19:02Z,0,0,0,0,0,0,0
2026-08-03,4bCG6ewJmNM,2025-03-08T17:07:15Z,2,1,0,0,0,23,65.72
2026-08-03,HJrfyL_-TXg,2025-03-08T16:51:39Z,1,0,0,0,1,76,218.67999999999998
2026-08-03,h3dcmdIDRM4,2025-03-08T01:21:07Z,0,0,0,0,0,0,0
2026-08-03,fZUa99cHfg0,2025-03-07T18:57:40Z,3,0,0,0,0,7,29.39
2026-08-03,ZV_88UU4x5o,2025-03-06T01:46:56Z,0,0,0,0,0,0,0
2026-08-03,AfhxAw2OO7Q,2025-03-05T01:48:35Z,3,0,0,0,0,8,26.85
2026-08-03,gxpql54tZ1E,2025-03-04T01:48:48Z,0,0,0,0,0,0,0
2026-08-03,QefM0oQMg3I,2025-03-03T01:49:53Z,3,0,0,0,0,12,47.04
2026-08-03,xtMA94JSxz0,2025-03-02T01:51:49Z,0,0,0,0,0,0,0
2026-08-03,yl-gQb5ghw0,2025-03-01T01:54:05Z,3,0,0,0,0,38,98.46
2026-08-03,XG0sXawBMFg,2025-02-28T01:47:51Z,1,0,0,0,0,0,0
2026-08-03,quGd2PQgO5Q,2025-02-27T16:56:20Z,0,0,0,0,0,0,0
2026-08-03,Z-xAjlSj9e4,2025-02-26T01:45:58Z,2,1,0,0,0,29,115.35
2026-08-03,sPxxvTx-T2A,2025-02-25T01:47:16Z,1,1,0,0,0,32,105.15999999999998
2026-08-03,8Ll9pxYdKcs,2025-02-24T01:48:07Z,2,0,0,0,0,11,44.07
2026-08-03,sFi-7B8vS-0,2025-02-23T01:50:09Z,3,0,0,0,0,0,0
2026-08-03,xN95DMjGp0U,2025-02-22T01:41:15Z,2,0,0,0,0,39,162.6
2026-08-03,ZK9LzMSYw-Q,2025-02-21T01:44:57Z,4,0,0,0,0,19,71.48
2026-08-03,zogEMDmfX3c,2025-02-20T01:45:19Z,0,0,0,0,0,0,0
2026-08-03,7_1OlSt7XpU,2025-02-19T03:06:18Z,1,1,0,0,0,27,104.97000000000001
2026-08-03,X6EakGRwYn8,2025-02-18T01:42:59Z,1,0,0,0,0,2,13.18
2026-08-03,rzpvm64KO8o,2025-02-17T01:46:34Z,2,0,0,0,0,0,0
2026-08-03,kNabXfqCMDs,2025-02-16T01:50:44Z,2,0,0,0,0,23,78.33
2026-08-03,V6RSbR44l84,2025-02-15T01:41:33Z,0,0,0,0,0,0,0
2026-08-03,8qctDdJ2VkY,2025-02-14T01:44:57Z,4,0,0,0,0,0,0
2026-08-03,21PzViV1IWM,2025-02-13T01:44:49Z,1,0,0,0,0,34,107.61
2026-08-03,eevzllGqXfg,2025-02-12T01:43:02Z,3,1,0,0,0,22,102.63
2026-08-03,T6VpJaGx-A0,2025-02-11T05:51:11Z,5,0,0,0,1,35,127.38000000000001
2026-08-03,ovy8uhzNckE,2025-02-10T01:45:11Z,0,0,0,0,0,0,0
2026-08-03,YwhqUzLuRMQ,2025-02-09T01:48:20Z,2,0,0,0,0,23,77.82
2026-08-03,CEJDCWfXUZI,2025-02-08T01:39:39Z,5,1,0,0,0,8,42.2
2026-08-03,-bMBiVm0myo,2025-02-07T20:23:53Z,1,0,0,0,0,18,96.64
2026-08-03,WsgDaaSrk3U,2025-02-07T01:44:07Z,1,1,0,0,0,34,111.48
2026-08-03,KCMfOKwANH4,2025-02-06T01:44:49Z,18,6,0,1,4,15,60.27
2026-08-03,Lat74n78zMs,2025-02-05T01:43:04Z,0,0,0,0,0,0,0
2026-08-03,XuCNkec8SX4,2025-02-04T16:34:05Z,19,0,0,0,3,15,81.07
2026-08-03,xQ6CrXPJM5k,2025-02-03T23:26:48Z,2,0,0,0,0,13,51.06
2026-08-03,CdEcz1EAAOg,2025-02-03T23:18:09Z,1,0,0,0,0,22,92.58
2026-08-03,mRiHLfwksz4,2025-02-02T01:46:41Z,2,1,0,0,0,35,99.99
2026-08-03,2qfxXpvdrfk,2025-02-01T01:45:34Z,13,1,0,0,1,16,86.26
2026-08-03,LoWEWRS8uGQ,2025-01-31T01:41:37Z,2,1,0,0,0,24,106.61
2026-08-03,PaaDR3GUNxs,2025-01-30T01:39:17Z,3,1,0,0,0,17,101.64999999999999
2026-08-03,V5c-0tFaJXQ,2025-01-29T01:41:39Z,15,1,0,0,2,15,56.43
2026-08-03,ArOTPV66jAs,2025-01-28T01:40:23Z,2,1,0,0,0,18,95.74
2026-08-03,W6lSWIUXEvk,2025-01-27T01:45:14Z,2,1,0,0,1,71,205.42
2026-08-03,X3voezK8ckw,2025-01-26T23:28:59Z,0,0,0,0,0,0,0
2026-08-03,eRXthPAIScE,2025-01-26T23:19:24Z,1,0,0,0,0,9,70.92
2026-08-03,P8lXctHCMgw,2025-01-25T01:30:54Z,1,0,0,0,0,5,23.58
2026-08-03,Ss39SHWOyfI,2025-01-24T19:08:25Z,0,0,0,0,0,0,0
2026-08-03,mmUNb228ljY,2025-01-22T01:44:25Z,5,0,0,0,1,22,68.39
2026-08-03,zM98d8n98hQ,2025-01-21T01:42:10Z,7,0,0,0,2,23,71.92
2026-08-03,WgdXHLit4_E,2025-01-20T01:44:16Z,2,0,0,0,0,24,68.72
2026-08-03,mcLeYiPBWWE,2025-01-19T01:47:13Z,0,0,0,0,0,0,0
2026-08-03,KghSUgPGjzU,2025-01-18T20:13:50Z,9,2,0,0,2,16,63.2
2026-08-03,hihRQIoVgiI,2025-01-18T20:04:27Z,0,0,0,0,0,0,0
2026-08-03,cZIPJo_zzTs,2025-01-18T18:17:46Z,3,0,0,0,0,10,40.05
2026-08-03,VvjWCkEjBLY,2025-01-18T18:04:26Z,1,0,0,0,0,27,107.07
2026-08-10,HZ5Z3fnC9Tw,2026-08-10T02:40:11Z,0,0,0,0,0,0,0
2026-08-10,zPcnc3Nbgjo,2026-08-09T13:21:50Z,0,0,0,0,0,0,0
2026-08-10,_h7eMMcq124,2026-08-09T02:34:52Z,0,0,0,0,0,0,0
2026-08-10,P9GVYWCuXpo,2026-08-08T13:17:40Z,0,0,0,0,0,0,0
2026-08-10,rB64aQ89uIc,2026-08-08T02:27:30Z,157,0,0,0,11,10,47.19
2026-08-10,Y98POqLRLso,2026-08-07T13:45:23Z,46,0,0,0,1,6,31.06
2026-08-10,usksACi3kI0,2026-08-07T03:22:16Z,138,0,0,0,6,6,37.93
2026-08-10,JebpqOV1pIs,2026-08-06T14:42:14Z,63,0,0,0,3,9,36.84
2026-08-10,hrXWJiUtirI,2026-08-06T03:47:48Z,1,0,0,0,0,1,5.21
2026-08-10,3upFaT_RGb0,2026-08-05T14:40:22Z,168,0,1,0,8,7,46.67
2026-08-10,bDugWnzTrJc,2026-08-05T03:41:28Z,194,0,0,0,10,9,53.900000000000006
2026-08-10,8ov7-R0BlrU,2026-08-04T14:46:14Z,708,11,7,1,125,19,99.95
2026-08-10,VIciovZtCdc,2026-08-04T03:46:20Z,37,0,0,0,3,18,72.07
2026-08-10,C-KDoVxcC6E,2026-08-03T15:23:33Z,64,0,0,0,3,9,50.14999999999999
2026-08-10,xkm_3gOgLYY,2026-08-03T04:03:47Z,266,0,0,0,16,9,36.3
2026-08-10,TPW1hWGeuCA,2026-08-02T14:03:57Z,296,0,0,0,14,8,46.73
2026-08-10,oPLnn3gb4Oc,2026-08-02T04:00:02Z,836,5,0,0,57,8,63.7
2026-08-10,mQEqp9Dxa5g,2026-08-01T14:03:30Z,167,0,0,0,9,8,26.36
2026-08-10,u3BYM-0RABA,2026-08-01T03:57:27Z,197,0,0,0,11,9,49.01
2026-08-10,em41mGEv0Qg,2026-07-31T14:43:42Z,51,0,0,0,2,7,34.85
2026-08-10,I5GBaaCvUiw,2026-07-31T03:57:38Z,64,0,0,0,2,6,29.13
2026-08-10,2ncWfRH3Emc,2026-07-30T14:38:38Z,15,0,0,0,0,8,59.13
2026-08-10,vkhtlya4qXM,2026-07-30T03:37:33Z,231,5,0,0,11,10,42.71
2026-08-10,-fYxSUwVrgk,2026-07-29T14:36:34Z,64,0,0,0,2,4,35.61
2026-08-10,u4wHuIOz7Qc,2026-07-29T03:47:14Z,32,0,0,0,2,12,74.88
2026-08-10,fHajxNlHty8,2026-07-28T14:46:27Z,125,0,0,0,8,9,46.44
2026-08-10,X3LMPfyttE4,2026-07-28T03:43:57Z,415,0,0,0,34,7,43.98
2026-08-10,TNSZ-pGlZa8,2026-07-27T15:20:25Z,132,0,0,0,8,9,59.32999999999999
2026-08-10,VDH3pSafyE0,2026-07-27T04:10:19Z,0,0,0,0,0,0,0
2026-08-10,LdJdsu09-rI,2026-07-26T14:04:59Z,57,1,0,0,3,10,38.58
2026-08-10,Gc7kRCXGyRI,2026-07-26T04:03:23Z,267,1,0,1,21,11,47.97
2026-08-10,fwFDh05XuFg,2026-07-25T14:09:22Z,160,3,0,0,9,9,39.07
2026-08-10,MVY7DpO8COU,2026-07-24T13:13:08Z,211,2,0,0,17,9,61.14000000000001
2026-08-10,jNo2UcuZHFY,2026-07-24T01:21:57Z,70,2,0,0,5,11,74.57
2026-08-10,oo1YCKBqTQ4,2026-07-23T13:19:34Z,28,0,0,0,2,10,66.7
2026-08-10,FmVS87wYWu8,2026-07-23T01:25:47Z,45,0,0,0,3,7,42.47
2026-08-10,21k3HatOeII,2026-07-22T13:16:25Z,71,0,0,0,2,8,55.27000000000001
2026-08-10,Tti7RzkcUoA,2026-07-22T01:18:14Z,318,2,0,0,24,9,61.8
2026-08-10,8YZVI-fcKDU,2026-07-21T13:11:45Z,42,0,0,0,3,9,36.31
2026-08-10,_JNq0AyEnIY,2026-07-21T01:19:41Z,324,3,0,0,21,8,45.53
2026-08-10,rgiHxOEvqoU,2026-07-20T13:46:52Z,671,9,3,0,70,11,54.09
2026-08-10,rDEBC9ESVAQ,2026-07-20T04:07:41Z,57,1,0,0,3,8,36.66
2026-08-10,zUDgKKXJBgM,2026-07-20T01:23:48Z,50,0,0,0,5,13,62.07
2026-08-10,ayziXl17m0c,2026-07-19T12:47:15Z,94,0,0,0,12,16,66.51
2026-08-10,ZBzGoyJUCx0,2026-07-19T01:20:36Z,923,6,0,0,79,11,57.10999999999999
2026-08-10,n6qM8iR6ims,2026-07-18T21:13:57Z,210,1,0,0,17,10,54.05
2026-08-10,jDnK5ylnhjQ,2026-07-18T21:09:06Z,0,0,0,0,0,0,0
2026-08-10,WWb1AoRuH7g,2026-07-18T18:16:22Z,43,0,0,0,1,8,45.08
2026-08-10,2cZjkK3o1IA,2026-07-16T13:14:47Z,15,0,0,0,0,5,18.9
2026-08-10,eEEdtpL4cyw,2026-07-16T01:20:26Z,35,0,0,0,1,8,31.91
2026-08-10,qvNzVCzWebk,2026-07-15T13:06:06Z,0,0,0,0,0,0,0
2026-08-10,ZBqPVauue_g,2026-07-15T01:11:22Z,1,0,0,0,0,0,0
2026-08-10,5_21Ne0q-Fs,2026-07-14T13:02:31Z,3,0,0,0,0,0,0
2026-08-10,mObNAez-IlQ,2026-07-14T01:13:27Z,0,0,0,0,0,0,0
2026-08-10,QkgCWIwxD3E,2026-07-13T13:56:47Z,0,0,0,0,0,0,0
2026-08-10,Rydumn0lE94,2026-07-13T01:24:34Z,1,0,0,0,0,0,0
2026-08-10,l9AqGu1uTUQ,2026-07-12T12:49:18Z,0,0,0,0,0,0,0
2026-08-10,DDcvqQy8RnE,2026-07-12T01:22:24Z,20,0,0,0,0,6,32.38
2026-08-10,UsOMmaGyYss,2026-07-11T12:47:47Z,0,0,0,0,0,0,0
2026-08-10,TmbiTORWNpI,2026-07-11T01:20:34Z,3,0,0,0,0,15,83.44
2026-08-10,Wh1uSphGS-g,2026-07-10T13:53:03Z,2,0,0,0,0,0,0
2026-08-10,a1O87cs5n1E,2026-07-10T01:26:39Z,24,0,0,0,2,28,204.97
2026-08-10,1ypGKtEuTV0,2026-07-09T14:27:26Z,42,0,0,0,2,12,36.59
2026-08-10,4TSVJGnrMOU,2026-07-09T01:31:13Z,28,0,0,0,1,9,30.130000000000003
2026-08-10,5w14vR6XgGY,2026-07-08T13:24:59Z,31,0,0,0,1,9,40.91
2026-08-10,o7altf6Nuu0,2026-07-08T01:22:41Z,46,0,0,0,1,8,33.25
2026-08-10,aQfDx8zU8lg,2026-07-07T14:03:13Z,36,0,0,0,1,13,64.78
2026-08-10,K0jUxVx52eA,2026-07-07T01:50:04Z,61,0,0,0,3,14,52.77
2026-08-10,uyAcGze4n-8,2026-07-06T14:52:48Z,36,0,0,0,1,8,42.72
2026-08-10,PiM5eyfzzN4,2026-07-06T01:53:42Z,51,0,0,0,1,15,53.56000000000001
2026-08-10,ZKm3JhPECqY,2026-07-05T13:02:55Z,53,0,0,0,1,5,45.76
2026-08-10,lmTMeDUGDcA,2026-07-05T01:46:55Z,31,0,0,0,0,0,1.92
2026-08-10,PyVjO_ly0X4,2026-07-04T12:56:17Z,75,1,0,0,2,9,41.9
2026-08-10,q8qmHdsO2tE,2026-07-04T01:30:33Z,40,0,0,0,1,14,43.8
2026-08-10,2e7Kv0ygByk,2026-07-03T13:30:36Z,58,0,0,0,2,11,55.95
2026-08-10,m7B-a0gAE-w,2026-07-03T01:31:20Z,84,0,0,0,4,16,64.59
2026-08-10,Ew0DhFnRphc,2026-07-02T13:27:43Z,76,0,0,0,1,7,26.5
2026-08-10,COv968CDkps,2026-07-02T02:00:41Z,28,0,0,0,0,9,41.35
2026-08-10,XN8m2g_KtSU,2026-07-01T14:03:24Z,9,0,0,0,0,0,0
2026-08-10,VLtrJCd8z2U,2026-07-01T02:07:26Z,27,0,0,0,0,18,80.87
2026-08-10,y10BJK79lS0,2026-06-30T13:52:00Z,47,0,0,0,2,50,219.92
2026-08-10,t0RB-eM8FE0,2026-06-30T02:02:00Z,74,0,0,0,5,53,215
2026-08-10,Uy6Am6bGpHo,2026-06-29T15:26:01Z,75,0,0,0,1,11,58.68
2026-08-10,aLBldXz93uI,2026-06-29T02:07:15Z,36,0,0,0,0,0,0
2026-08-10,7tyZTlgVMSE,2026-06-28T13:11:17Z,54,1,0,0,1,12,47.88
2026-08-10,WPGLuU5qiZ4,2026-06-28T02:06:54Z,44,0,0,0,1,31,130.83
2026-08-10,Ow2ZB_F-Mhs,2026-06-27T13:05:26Z,26,0,0,0,0,0,0
2026-08-10,KUsMC7ES9V4,2026-06-27T01:56:51Z,47,0,0,0,1,12,44.14
2026-08-10,UzDEeT_P2BM,2026-06-26T13:57:43Z,30,0,0,0,0,11,42.16
2026-08-10,PHwXbGtrJ9w,2026-06-26T02:03:33Z,115,0,0,0,5,15,55.2
2026-08-10,TfSGBtZyZtw,2026-06-25T13:59:36Z,1,0,0,0,0,0,0
2026-08-10,uLwi4BDdcOY,2026-06-25T02:01:41Z,17,0,0,0,1,15,60.13
2026-08-10,k-oVHVz0yLQ,2026-06-24T14:01:26Z,22,0,0,0,1,10,57.02
2026-08-10,2-VYQaD0K5w,2026-06-24T01:57:02Z,0,0,0,0,0,0,0
2026-08-10,b3fM56tOEZ8,2026-06-23T14:16:14Z,5,0,0,0,0,0,0
2026-08-10,TnIK09MnzMk,2026-06-23T01:58:15Z,26,0,0,0,1,11,58.709999999999994
2026-08-10,7wOS6HW3iJ0,2026-06-22T16:23:58Z,51,0,0,0,1,10,65.99
2026-08-10,THoUiYynamI,2026-06-22T02:51:05Z,40,0,0,0,1,16,76.83
2026-08-10,-1CXUMdWWWc,2026-06-20T13:22:38Z,38,1,0,0,1,10,48.71
2026-08-10,9IYU_ID1nvc,2026-06-20T02:04:39Z,48,0,0,0,1,11,61.04999999999999
2026-08-10,6rQrwPWhAZk,2026-06-19T14:37:42Z,15,0,0,0,1,21,127.69
2026-08-10,AwS-N3wGtIY,2026-06-19T02:43:46Z,45,0,0,0,1,12,39.12
2026-08-10,aep0ZaK_uuE,2026-06-18T14:42:11Z,41,0,0,0,2,15,59.20000000000001
2026-08-10,1XviKdnqqxQ,2026-06-18T02:15:40Z,25,0,0,0,1,10,37.72
2026-08-10,RKpXQF2Cvac,2026-06-17T14:48:19Z,17,0,0,0,1,10,37.74
2026-08-10,PoBImeODvcM,2026-06-17T02:17:14Z,21,0,0,0,0,18,80.5
2026-08-10,58Ln6cOHzWQ,2026-06-16T16:21:13Z,17,0,0,0,0,10,34.64
2026-08-10,IRfpl8J1tyg,2026-06-16T02:32:11Z,0,0,0,0,0,0,0
2026-08-10,OSAxctK1YeQ,2026-06-15T16:51:19Z,16,0,0,0,0,28,143
2026-08-10,WMtdvIuqN78,2026-06-15T02:19:02Z,4,0,0,0,0,26,96.7
2026-08-10,Z_hZZdpQsCU,2026-06-14T13:25:32Z,16,0,0,0,0,7,37.3
2026-08-10,hvtBrQnNDTc,2026-06-14T02:14:04Z,3,0,0,0,0,0,0
2026-08-10,QEvCOl6UYB4,2026-06-13T13:20:43Z,23,0,0,0,1,11,49.24
2026-08-10,TNWEvgtxnws,2026-06-13T02:04:01Z,42,0,0,0,1,13,57.09000000000001
2026-08-10,O3nuyJrtDbI,2026-06-12T14:33:48Z,15,0,0,0,1,16,54.25
2026-08-10,FamOoF1b858,2026-06-12T02:10:07Z,54,0,0,0,2,11,62.46000000000001
2026-08-10,9HUpoJQxuTQ,2026-06-11T15:30:02Z,103,1,1,0,12,24,87.58
2026-08-10,Pa5-pkP2oLo,2026-06-11T02:15:02Z,2,0,0,0,0,22,95.87
2026-08-10,2vuAyeMlSZc,2026-06-10T14:48:29Z,17,0,0,0,0,15,56.86
2026-08-10,EfSnigy5qWs,2026-06-10T02:03:57Z,15,0,0,0,0,6,24.56
2026-08-10,CA54_6wBYU4,2026-06-09T14:17:03Z,8,0,0,0,0,4,18.68
2026-08-10,4F9n4ASSoyo,2026-06-09T01:54:09Z,8,0,0,0,0,37,113.64000000000001
2026-08-10,-nvuU_y_8_E,2026-06-08T15:50:06Z,16,0,0,0,1,15,48.89
2026-08-10,cQ-oMf-_1QQ,2026-06-04T14:29:35Z,2,0,0,0,0,24,104.68000000000002
2026-08-10,rr6nzN5oJ2c,2026-06-04T02:29:58Z,17,0,0,0,0,10,40.06
2026-08-10,QRM6UUMHLmI,2026-06-03T16:12:16Z,50,1,0,0,2,15,69.05
2026-08-10,dJxm8EmuEWA,2026-06-03T02:31:24Z,34,0,0,0,0,10,60.64000000000001
2026-08-10,_3Tyz7MMKfs,2026-06-02T15:54:12Z,1,0,0,0,0,0,0
2026-08-10,cdBTZtGTRLc,2026-06-02T02:14:16Z,79,0,0,0,3,15,62.96000000000001
2026-08-10,aB8JK_oSzsg,2026-06-01T17:12:39Z,20,0,0,0,0,4,18.33
2026-08-10,_CQ21b00USk,2026-06-01T02:13:33Z,37,0,0,0,1,11,49.46
2026-08-10,z0RgE3ICznk,2026-05-31T13:10:15Z,102,0,0,0,1,4,18.85
2026-08-10,zScHM9PLz8I,2026-05-31T02:06:20Z,36,0,0,0,0,8,26.82
2026-08-10,k5zn4acPpUI,2026-05-30T12:59:58Z,30,0,0,0,1,16,73.23
2026-08-10,_-68Vupc72E,2026-05-30T01:53:35Z,38,0,0,0,1,12,45.54
2026-08-10,IEzcuLqB4Hk,2026-05-29T14:35:28Z,38,0,0,0,0,6,27.82
2026-08-10,nE-fK666H-k,2026-05-29T02:09:20Z,32,0,0,0,1,21,73.89
2026-08-10,SQWL2XXURlQ,2026-05-27T14:50:57Z,35,0,0,0,0,8,34.17
2026-08-10,NECLIdtBb8Y,2026-05-27T02:04:03Z,9,0,0,0,0,16,75.76
2026-08-10,Jx5vFFIw3aQ,2026-05-26T14:32:39Z,29,0,0,0,0,13,68.51
2026-08-10,N1Kx1hncTtk,2026-05-26T01:55:43Z,36,0,0,0,2,16,82.01
2026-08-10,O7nWBuiKCMA,2026-05-25T14:30:01Z,46,0,0,0,1,11,51.61
2026-08-10,YOXFrbyZE18,2026-05-25T02:06:02Z,60,0,0,0,2,12,34.88
2026-08-10,5bTXHxmRRrI,2026-05-24T12:56:25Z,38,0,0,0,1,6,32.98
2026-08-10,R5rNaCViup0,2026-05-24T01:58:12Z,11,0,0,0,0,15,60.38
2026-08-10,5hbmKcjQBKo,2026-05-23T12:55:21Z,39,0,0,0,1,8,48.15
2026-08-10,d7lMOez3lo0,2026-05-23T01:51:29Z,42,0,0,0,1,13,57.32000000000001
2026-08-10,rDP66Dc87y0,2026-05-22T14:11:36Z,48,0,0,0,1,8,42.23
2026-08-10,eNtTaxr27X4,2026-05-22T02:01:52Z,2,0,0,0,0,0,0
2026-08-10,6oJofI4mv7Y,2026-05-21T14:38:00Z,39,0,0,0,1,14,71.73
2026-08-10,Divf9JOY8NI,2026-05-21T01:59:19Z,9,0,0,0,0,5,18.67
2026-08-10,NuMUIm_H2yE,2026-05-20T02:00:21Z,7,0,0,0,0,4,17.5
2026-08-10,aqtLfLz69JQ,2026-05-19T14:31:09Z,12,0,0,0,1,13,44.91
2026-08-10,zl2E9fzMFIM,2026-05-19T01:59:36Z,37,0,0,0,1,11,59.01
2026-08-10,9zytdpS8BGY,2026-05-18T14:51:14Z,38,0,0,0,2,14,67.55
2026-08-10,xxmD4auX9u8,2026-05-18T01:59:58Z,29,0,0,0,0,10,43.17
2026-08-10,pEOupFWnI18,2026-05-17T12:50:45Z,22,0,0,0,1,13,59.67
2026-08-10,zZgNLXkpCzk,2026-05-17T01:52:36Z,43,0,0,0,0,8,24.36
2026-08-10,_F2w2zepTzY,2026-05-16T12:55:42Z,35,0,0,0,4,21,74.08
2026-08-10,p8TVoKVG2Hg,2026-05-16T01:34:56Z,38,0,0,0,1,10,34.09
2026-08-10,vjf6FlxFNPU,2026-05-15T13:23:55Z,30,0,0,0,0,13,83.34
2026-08-10,vClAbUxtC9k,2026-05-15T01:55:20Z,52,0,0,0,2,11,37.89
2026-08-10,IfcStfSD-xE,2026-05-14T13:25:35Z,5,0,0,0,0,12,63.16
2026-08-10,kC771l-ZIMs,2026-05-14T01:56:23Z,45,0,0,0,2,24,96.23
2026-08-10,JAj8Z0JF9bw,2026-05-13T01:53:55Z,35,0,0,0,1,19,68.1
2026-08-10,QNAMVsSV9fU,2026-05-12T13:33:14Z,20,0,0,0,0,8,52.019999999999996
2026-08-10,CujpPVcgKf8,2026-05-12T01:47:48Z,42,0,0,0,1,11,53.36
2026-08-10,n8PhjWs1VC4,2026-05-11T14:19:53Z,38,0,0,0,0,6,24.33
2026-08-10,U2N9JcGK0tw,2026-05-11T01:51:46Z,13,0,0,0,0,9,67.64
2026-08-10,kkq2lla3Ijk,2026-05-10T12:48:46Z,80,0,0,0,2,8,50.61
2026-08-10,hG-FHHrwj8k,2026-05-10T01:45:58Z,48,0,0,0,0,7,32.04
2026-08-10,rkZQY4ctBzs,2026-05-09T12:48:40Z,35,0,0,0,0,6,33.75
2026-08-10,cWvDojw7QAw,2026-05-09T01:32:30Z,6,0,0,0,0,0,0
2026-08-10,cb00sZJAhfY,2026-05-08T13:05:32Z,0,0,0,0,0,0,0
2026-08-10,ineAlKZZgT8,2026-05-08T01:49:27Z,9,0,0,0,0,0,0
2026-08-10,vLqETKLW6OM,2026-05-07T13:26:03Z,39,0,0,0,1,9,39.73
2026-08-10,Yi9VlhJH_CY,2026-05-07T01:33:00Z,25,0,0,0,0,9,35.33
2026-08-10,WoXydzDKD1s,2026-05-06T13:26:40Z,39,0,0,0,0,5,23.52
2026-08-10,cLCvISVXvCA,2026-05-06T02:37:34Z,0,0,0,0,0,0,0
2026-08-10,oMlnEP5n5xw,2026-05-05T01:30:04Z,20,0,0,0,0,14,50.63999999999999
2026-08-10,atW-HBIAlxQ,2026-05-04T13:19:03Z,24,0,0,0,0,9,52.54
2026-08-10,Mf8NfWdVVds,2026-05-04T01:29:13Z,354,0,0,0,7,11,62.24000000000001
2026-08-10,O-6GZJkof9Q,2026-05-03T12:42:39Z,45,0,0,0,1,9,36.55
2026-08-10,vzE-eDX_rBc,2026-05-03T01:30:33Z,36,0,0,0,0,11,45.72
2026-08-10,Q0DFFs6cgTA,2026-05-02T12:43:32Z,32,0,0,0,1,14,55.81
2026-08-10,bAXO4HlnAA4,2026-05-02T01:26:27Z,31,0,0,0,0,15,85.5
2026-08-10,bR-d2N5QaNs,2026-05-01T12:51:37Z,65,0,0,0,1,9,44.21
2026-08-10,E0MprQIfkkA,2026-05-01T01:49:52Z,178,0,0,0,4,9,35.38
2026-08-10,TtKVgo-PB9Q,2026-04-30T13:18:02Z,59,0,0,0,1,10,40.19
2026-08-10,7LuNcXo11nU,2026-04-30T01:34:45Z,40,0,0,0,1,11,37.57
2026-08-10,t5Qmur-4n3M,2026-04-29T13:19:22Z,35,0,0,0,1,20,77.36
2026-08-10,eM7d4r-pfW8,2026-04-29T01:49:26Z,78,0,0,0,2,9,28.63
2026-08-10,4EaCBpZRPMo,2026-04-28T13:27:12Z,23,0,0,0,0,12,58.489999999999995
2026-08-10,ql5yIIiP79M,2026-04-28T04:50:56Z,47,0,0,0,1,15,68.48
2026-08-10,mSifBN2lxHw,2026-04-26T12:38:05Z,45,0,0,0,1,7,42.99
2026-08-10,IJMaVrHNfyc,2026-04-26T01:24:19Z,48,0,0,0,1,9,42.91
2026-08-10,oYJhnmW0AaI,2026-04-25T12:37:39Z,29,0,0,0,0,0,0
2026-08-10,Tu6dvaFUK70,2026-04-25T01:16:39Z,39,0,0,0,0,16,56.39999999999999
2026-08-10,gZSr5qx8oeg,2026-04-24T12:55:48Z,28,0,0,0,0,7,32.61
2026-08-10,i0iIsb9n9VM,2026-04-24T01:22:16Z,28,0,0,0,0,17,85.34
2026-08-10,pdpS-_jLTVE,2026-04-23T12:57:27Z,38,0,0,0,1,23,95.02
2026-08-10,JksOCivT2Bc,2026-04-23T01:23:23Z,36,0,0,0,0,10,38.6
2026-08-10,YDbmBfmYgN0,2026-04-22T12:57:53Z,102,0,0,0,2,10,39.25
2026-08-10,bSqSTFuAvf8,2026-04-22T01:17:16Z,106,0,0,0,2,8,41.46
2026-08-10,3QLoo5Qs8VE,2026-04-21T12:57:21Z,50,0,0,0,1,9,37.25
2026-08-10,zBcr6A0X_mk,2026-04-21T01:19:14Z,70,0,0,0,2,16,61.71
2026-08-10,ZIqroAx4CZE,2026-04-20T13:02:58Z,35,0,0,0,0,13,53.73
2026-08-10,DNgq_qW1fA0,2026-04-20T01:21:35Z,62,0,0,0,1,6,27.73
2026-08-10,zqaDMDkpZDo,2026-04-20T00:32:54Z,50,0,0,0,1,20,91.95
2026-08-10,GI6Aqq2E6vE,2026-04-18T12:35:57Z,94,1,0,0,2,7,33.1
2026-08-10,S8WCu3_OkLQ,2026-04-18T01:13:14Z,77,1,0,0,1,14,54.79999999999999
2026-08-10,T0DREMCs_tM,2026-04-17T12:54:43Z,21,0,0,0,0,17,51.13999999999999
2026-08-10,HCHvfX-xRlc,2026-04-17T01:18:54Z,31,0,0,0,0,14,85.92
2026-08-10,6fQe1YosVJw,2026-04-16T13:03:38Z,1,0,0,0,0,0,0
2026-08-10,om2Y9-WmjuE,2026-04-16T01:22:06Z,4,0,0,0,0,0,0
2026-08-10,XVvAky0zLB8,2026-04-15T12:57:13Z,39,0,0,0,1,15,55.25
2026-08-10,hKwwTsuCZJk,2026-04-15T01:16:59Z,68,0,0,0,2,11,50.629999999999995
2026-08-10,fJpzcD4bFNA,2026-04-14T12:57:49Z,46,0,0,0,0,5,22.43
2026-08-10,-AS2aH34UOg,2026-04-14T01:19:35Z,0,0,0,0,0,0,0
2026-08-10,12F1wsmOYOY,2026-04-13T01:20:52Z,57,0,0,0,1,11,41.55
2026-08-10,9wid0pEfNso,2026-04-12T12:37:53Z,6,0,0,0,0,0,0
2026-08-10,BYzdCmSths0,2026-04-12T01:19:31Z,51,0,0,0,1,13,49.96
2026-08-10,SIA9YHj7IzE,2026-04-11T17:59:14Z,94,0,0,0,3,17,66.14
2026-08-10,KHax2aPAOLM,2026-04-08T01:14:48Z,63,1,0,0,2,14,56.11999999999999
2026-08-10,x48Y5AiqNL4,2026-04-07T12:55:32Z,66,0,0,0,2,12,34.87
2026-08-10,Dm-N0t4-3L4,2026-04-07T01:12:45Z,37,0,0,0,0,12,60.35
2026-08-10,O7hMpgD9I_w,2026-04-06T12:43:44Z,49,1,0,0,1,11,63.62
2026-08-10,XA5MI3B6y3s,2026-04-06T01:14:24Z,155,0,0,0,7,9,48.1
2026-08-10,syLtpZe97p0,2026-04-05T12:32:18Z,74,1,0,0,1,10,35.03
2026-08-10,tDEdhE0wjIs,2026-04-04T12:30:34Z,126,0,0,0,6,16,53.83
2026-08-10,-Fme6XarNok,2026-04-04T01:05:49Z,63,0,0,0,1,9,44.73
2026-08-10,qWE6WMKLZQ4,2026-04-03T12:37:56Z,77,0,0,0,2,16,60.74
2026-08-10,6aUEBmQLjO0,2026-04-03T01:13:04Z,64,0,0,0,2,12,42.37
2026-08-10,f0gyZCEFFhQ,2026-04-02T12:45:50Z,35,0,0,0,0,4,16.71
2026-08-10,UA2UmThZEKE,2026-04-02T01:09:22Z,105,0,0,0,3,11,44.19
2026-08-10,gpaghTLJEzQ,2026-04-01T12:50:55Z,63,0,1,0,2,15,58.11999999999999
2026-08-10,zrZ-lr-lvgU,2026-04-01T02:38:18Z,63,0,0,0,1,6,38.86
2026-08-10,n0FOvZvGh5Y,2026-03-31T01:12:37Z,34,0,0,0,2,11,47.99
2026-08-10,b7ksr31Qkf0,2026-03-30T12:49:48Z,0,0,0,0,0,0,0
2026-08-10,fYBNO_nCOD4,2026-03-30T01:15:12Z,67,0,0,0,1,14,56.84
2026-08-10,z9rFY8GLOOY,2026-03-29T12:29:50Z,67,0,0,0,1,10,50.16
2026-08-10,WO8uAQLhGIE,2026-03-29T01:13:54Z,63,0,0,0,1,11,51.33
2026-08-10,5wUh_6vu2Go,2026-03-28T12:29:44Z,7,0,0,0,0,19,92.38
2026-08-10,JdpsABS7pKw,2026-03-28T01:06:42Z,38,0,0,0,0,13,45.12
2026-08-10,C_L3cdiUtoc,2026-03-27T12:38:06Z,29,0,0,0,1,9,33.43
2026-08-10,r8F0QXGNJbM,2026-03-27T01:10:49Z,32,0,0,0,1,11,55.74
2026-08-10,2Dd0b5yRvwo,2026-03-26T12:46:11Z,35,0,0,0,1,9,47.92
2026-08-10,LmctWQZyEvA,2026-03-26T01:11:07Z,1,0,0,0,0,0,0
2026-08-10,vHhsy6xkkSY,2026-03-25T12:39:16Z,0,0,0,0,0,0,0
2026-08-10,2BYS3ku1_Qs,2026-03-25T01:07:56Z,4,0,0,0,0,0,0
2026-08-10,hjkriefSr1w,2026-03-24T12:43:37Z,56,0,0,0,1,14,52.7
2026-08-10,XdFwGAuSE7U,2026-03-24T05:02:03Z,61,0,0,0,1,8,47.11
2026-08-10,-JFTX50ZtQk,2026-03-21T12:24:49Z,212,0,0,0,5,18,81.89
2026-08-10,Zq2m1kRL6q0,2026-03-21T01:00:27Z,119,1,0,0,4,11,38.02
2026-08-10,AKLcTliJFL8,2026-03-20T12:33:26Z,37,0,0,0,0,8,29.4
2026-08-10,fhhV1egGhNI,2026-03-20T01:03:37Z,53,0,0,0,1,7,37.97
2026-08-10,j-bjsPsftRo,2026-03-19T12:37:00Z,47,0,0,0,1,14,51.790000000000006
2026-08-10,-4NwUpvi8ng,2026-03-19T01:07:12Z,103,0,0,0,3,14,68.37
2026-08-10,W0c6udxdcHY,2026-03-18T12:43:23Z,40,0,0,0,0,5,18.7
2026-08-10,4nItZBXbg1E,2026-03-18T01:08:15Z,33,0,0,0,0,4,18.64
2026-08-10,ep1qq76H6ks,2026-03-17T12:43:33Z,72,0,0,0,2,15,56.69
2026-08-10,UNuHYP9-wqo,2026-03-17T01:04:36Z,74,0,0,0,1,10,45.69
2026-08-10,b_6YnowMPpM,2026-03-16T12:44:40Z,81,1,0,0,3,11,39.95
2026-08-10,V40i1wyTyC8,2026-03-16T01:11:58Z,61,0,0,0,1,7,34.06
2026-08-10,YKR_FyTNu3M,2026-03-15T12:27:36Z,51,0,0,0,1,13,54.84
2026-08-10,eFJKq7ChQVE,2026-03-15T01:11:23Z,61,0,0,0,1,6,36.17
2026-08-10,sqh-tKCq2UA,2026-03-14T12:25:56Z,62,0,0,0,1,10,40.39
2026-08-10,OaGDrxJs5jE,2026-03-14T01:01:50Z,89,0,0,0,2,8,28.499999999999996
2026-08-10,xOKf3tbA7to,2026-03-13T12:33:53Z,90,1,0,0,3,14,44
2026-08-10,NaHEZrAUApQ,2026-03-13T01:02:51Z,60,0,0,0,1,8,30.409999999999997
2026-08-10,u8j6UgwcAWE,2026-03-12T12:33:58Z,184,0,0,0,4,12,40.31
2026-08-10,4143nMw1ySw,2026-03-12T00:56:59Z,48,0,0,0,0,0,0
2026-08-10,-DQSkoMoQZw,2026-03-11T12:34:00Z,63,0,0,0,2,13,54.04
2026-08-10,BveJhXXeWew,2026-03-11T01:00:33Z,63,0,0,0,2,15,51.080000000000005
2026-08-10,b87wxLO0_f4,2026-03-10T12:34:31Z,89,1,0,0,2,7,26.05
2026-08-10,qBqjHbqsBEM,2026-03-10T00:59:16Z,64,0,0,0,1,20,74.93
2026-08-10,pDMzcV3D7Hc,2026-03-09T12:45:57Z,72,0,0,0,1,10,45.5
2026-08-10,DehiGK5t_uQ,2026-03-09T01:04:03Z,47,0,0,0,1,9,41.24
2026-08-10,5LLvE-nWsac,2026-03-08T12:26:54Z,183,1,0,0,8,14,47.03
2026-08-10,ytglD92ZCKY,2026-03-08T01:03:40Z,77,0,0,0,2,9,42.51
2026-08-10,D43fOoEvRiU,2026-03-07T18:20:23Z,42,0,0,0,0,7,24.38
2026-08-10,PQekC8_mq9U,2026-03-05T12:34:57Z,47,0,0,0,1,22,95.56
2026-08-10,2EqR9wS2Q8I,2026-03-05T01:04:18Z,99,0,0,0,3,10,43.69
2026-08-10,Ycci77WFitE,2026-03-04T12:31:37Z,128,0,0,0,6,15,65.49
2026-08-10,h_1EvAZD-8s,2026-03-04T01:01:20Z,105,0,0,0,2,9,41.17
2026-08-10,n-0NrVBgWGA,2026-03-03T12:33:14Z,72,0,0,0,2,11,40.51
2026-08-10,ixoTePG8L7k,2026-03-03T01:04:39Z,45,0,0,0,1,6,38.75
2026-08-10,dkcprpuQVwU,2026-03-02T12:32:20Z,40,0,0,0,1,13,54.31
2026-08-10,A53opaIG3a0,2026-03-02T01:02:30Z,94,0,0,0,3,7,46.23
2026-08-10,DfcBrzVHQ90,2026-03-01T12:25:26Z,74,0,0,0,2,11,39.94
2026-08-10,iykldQ76W7Q,2026-03-01T01:10:37Z,177,0,0,0,11,17,57.32000000000001
2026-08-10,nlnvOR4QLow,2026-02-28T12:22:45Z,49,0,0,0,1,15,75.02
2026-08-10,2vORckqweJ8,2026-02-28T00:56:51Z,63,0,0,0,1,15,54.50000000000001
2026-08-10,UnNlXUaYBU4,2026-02-27T12:32:55Z,79,0,0,0,3,27,117.89
2026-08-10,pPXch1Fsu6Q,2026-02-27T01:03:37Z,48,0,0,0,1,17,60.56
2026-08-10,7jX6bNGmVsk,2026-02-26T16:25:07Z,30,0,0,0,0,11,69.81
2026-08-10,IzdKRyCenzc,2026-02-26T01:02:37Z,31,0,0,0,1,15,50.74999999999999
2026-08-10,96oYUXW1pBw,2026-02-25T12:38:01Z,34,0,0,0,2,16,62.17
2026-08-10,3Pp3MUfmhNE,2026-02-25T01:08:19Z,0,0,0,0,0,0,0
2026-08-10,Hb78GB9PtEY,2026-02-24T12:37:32Z,33,1,0,0,0,7,40.07
2026-08-10,Jbq-Eap63y8,2026-02-24T01:03:00Z,79,0,0,0,2,15,68.75
2026-08-10,TNz0IN0G0xo,2026-02-23T12:36:36Z,0,0,0,0,0,0,0
2026-08-10,B01SjrM0O2Q,2026-02-23T01:03:48Z,58,0,0,0,1,17,97.81
2026-08-10,rX6MPpz51FE,2026-02-22T12:24:18Z,33,0,0,0,0,5,26.32
2026-08-10,6Mr6AlNDiT8,2026-02-22T01:05:02Z,0,0,0,0,0,0,0
2026-08-10,EU_EZFH_g2o,2026-02-21T12:24:14Z,5,0,0,0,0,0,0
2026-08-10,wFXehYoCg9E,2026-02-21T01:00:07Z,50,0,0,0,1,12,61.46
2026-08-10,SXe6AH6SFSk,2026-02-20T12:33:18Z,28,0,0,0,0,23,95.2
2026-08-10,9uOhp9bPWmM,2026-02-20T01:01:38Z,9,0,0,0,0,6,29.520000000000003
2026-08-10,aQUnfLgpEq0,2026-02-19T12:36:05Z,8,0,0,0,0,0,0
2026-08-10,vRLOsY8jCf0,2026-02-19T03:42:50Z,76,0,1,0,2,11,53.400000000000006
2026-08-10,OCBFsNL9PNU,2026-02-17T01:04:42Z,110,0,0,0,4,17,63
2026-08-10,PXWcYPr7Omo,2026-02-16T12:34:48Z,130,0,0,0,4,15,87.07
2026-08-10,X55oBmu1ezo,2026-02-16T01:04:58Z,42,0,0,0,0,4,22.5
2026-08-10,3mUEEsOzNqU,2026-02-15T12:25:24Z,41,0,0,0,1,10,41.87
2026-08-10,qzsX1iUsMnM,2026-02-15T01:07:42Z,64,0,0,0,3,27,99.34
2026-08-10,89JtSG4iVsA,2026-02-14T12:23:30Z,41,0,0,0,1,11,51.46999999999999
2026-08-10,PcOD2_1othA,2026-02-14T01:02:42Z,60,0,0,0,2,10,38.61
2026-08-10,lBorBD-wejA,2026-02-13T12:33:39Z,125,0,0,0,3,13,43.9
2026-08-10,klumNyrvIQg,2026-02-13T01:09:16Z,131,0,0,0,5,13,45.88
2026-08-10,tJ0B_ZSe4-0,2026-02-12T12:37:06Z,154,1,0,0,7,12,69.81
2026-08-10,xwxQmh3BrH4,2026-02-12T01:05:11Z,57,0,0,0,2,11,47.28
2026-08-10,KBtePfFvUws,2026-02-11T12:40:50Z,119,0,0,0,5,14,62.39
2026-08-10,uODHjXY2kqc,2026-02-11T01:12:56Z,50,0,0,0,2,13,51.89
2026-08-10,4Njh8cdvW5w,2026-02-10T12:44:28Z,34,0,0,0,0,6,40.65
2026-08-10,8pEemfuXl74,2026-02-10T01:15:16Z,55,0,0,0,1,30,101
2026-08-10,b4tny2EG7kM,2026-02-09T12:40:24Z,158,0,0,0,6,9,48.97
2026-08-10,QLzyNIxy-0k,2026-02-09T01:06:08Z,86,0,0,0,2,18,94.9
2026-08-10,k_bGGxcqkWQ,2026-02-08T12:24:47Z,43,0,0,0,1,12,60.56
2026-08-10,QUvyUEOIFcY,2026-02-08T01:20:22Z,92,0,0,0,4,17,70.06
2026-08-10,_yj8qFj_c_o,2026-02-07T12:24:22Z,127,0,0,0,7,11,44.66
2026-08-10,pdT4jk2KxU4,2026-02-07T00:59:32Z,48,0,0,0,1,8,46.19
2026-08-10,rbq64uH4irY,2026-02-06T12:33:39Z,69,0,0,0,1,11,36.05
2026-08-10,FRrzAOfIsh0,2026-02-06T01:00:14Z,153,0,0,0,5,11,51.53
2026-08-10,YFHRUTj8xeE,2026-02-05T12:35:00Z,59,0,0,0,2,14,56.43
2026-08-10,FZBy_yqhT5g,2026-02-05T01:02:53Z,133,0,0,0,6,9,45.93
2026-08-10,LN9z5FPHDmA,2026-02-04T12:33:27Z,125,1,0,0,5,9,43
2026-08-10,gNravpCcDCo,2026-02-04T01:00:45Z,0,0,0,0,0,0,0
2026-08-10,1VcsP7QNhxw,2026-02-03T12:33:18Z,90,0,0,0,4,17,70.66
2026-08-10,MUXCB4BxKbc,2026-02-03T01:04:27Z,45,0,0,0,1,11,53.56000000000001
2026-08-10,5l3UTqchtpg,2026-02-02T12:32:40Z,60,0,0,0,3,14,58.36
2026-08-10,SvIn_cEBJG0,2026-02-02T01:04:39Z,82,0,0,0,13,93,388.53
2026-08-10,SoyzMc1na_8,2026-02-01T12:24:24Z,42,0,0,0,1,10,44.12
2026-08-10,07Mfq1dhiJg,2026-02-01T01:11:17Z,63,0,0,0,2,19,70.07
2026-08-10,Ztqx3Myofwo,2026-01-31T12:24:07Z,56,0,0,0,1,9,27.43
2026-08-10,bsaD1cSmXkA,2026-01-31T00:58:35Z,43,0,0,0,0,14,54.02
2026-08-10,sWUfDxSRdp0,2026-01-30T12:28:50Z,136,0,0,0,4,10,74.3
2026-08-10,H2W6mhWfeMU,2026-01-30T01:00:51Z,89,0,0,0,6,15,60.35
2026-08-10,Gc53wfoTpu4,2026-01-29T16:02:58Z,38,0,0,0,1,12,48.93
2026-08-10,PgbAGpSsB1I,2026-01-28T00:54:02Z,109,0,0,0,3,13,45.05
2026-08-10,1yCT5-9hUmA,2026-01-27T12:24:29Z,37,0,0,0,0,0,0
2026-08-10,SUWQ8Allb_M,2026-01-26T12:24:55Z,163,0,0,0,7,12,53.55
2026-08-10,ViOQ5c1vM1I,2026-01-26T00:57:53Z,105,0,0,0,3,15,63.17
2026-08-10,ozxoy8JJgag,2026-01-25T00:58:33Z,37,0,0,0,0,9,42.17
2026-08-10,SjE0oaTOM2U,2026-01-24T12:21:37Z,210,0,0,0,7,22,65.76
2026-08-10,fUyA8HoBxm4,2026-01-24T00:50:34Z,102,0,0,0,4,11,49.77
2026-08-10,kUeBkvKtifE,2026-01-23T12:23:51Z,76,0,0,0,2,11,53.16
2026-08-10,1NjWzWWPYGk,2026-01-23T00:53:23Z,98,0,0,0,4,15,67.07
2026-08-10,1yw_y7DZILM,2026-01-22T12:25:46Z,130,0,0,0,7,11,47.97
2026-08-10,ieBibN_NFi4,2026-01-22T00:54:16Z,105,0,0,0,5,22,71.26
2026-08-10,Lzn8i_3QxyQ,2026-01-21T12:24:55Z,88,0,0,0,3,18,82.08
2026-08-10,b7-hRk00vBY,2026-01-21T02:03:34Z,309,1,0,0,16,13,52.35999999999999
2026-08-10,wzrCnh_cx38,2026-01-19T12:24:52Z,60,0,0,0,1,10,42.96
2026-08-10,nFiWF8pBOdE,2026-01-19T00:56:21Z,157,1,0,0,5,11,54.52
2026-08-10,ailU9L3hHCA,2026-01-18T12:19:45Z,208,0,0,0,5,9,72.35
2026-08-10,tEbQwwQB0UI,2026-01-18T00:57:50Z,82,0,0,0,1,12,47.4
2026-08-10,Y0Fj37HV_o4,2026-01-17T12:19:41Z,56,1,0,0,1,5,27.91
2026-08-10,pmg5-dykDZU,2026-01-17T00:49:25Z,110,0,0,0,4,13,65.72
2026-08-10,kaIHDp90cf4,2026-01-16T12:22:00Z,70,0,0,0,2,9,55.45
2026-08-10,KNtqlDQDY10,2026-01-16T00:52:38Z,224,1,0,0,8,12,65.42
2026-08-10,3vq3Zd6uxtU,2026-01-15T12:24:16Z,243,2,0,0,13,14,48.02
2026-08-10,ySxlAX5nhjU,2026-01-15T00:50:13Z,93,0,0,0,4,16,61.6
2026-08-10,njCG2PJKEpA,2026-01-14T12:24:19Z,103,0,0,0,4,10,37.06
2026-08-10,C1TOy6a0dxI,2026-01-14T00:53:28Z,173,2,0,0,6,9,58.17
2026-08-10,rN0DF7i_3wU,2026-01-13T12:25:10Z,36,0,0,0,0,5,18.23
2026-08-10,WRwrZDyTJ2o,2026-01-13T05:18:51Z,38,0,0,0,1,9,41.77
2026-08-10,5VDp8xr8PMw,2026-01-12T00:55:14Z,189,0,0,0,7,14,74.82
2026-08-10,-eFSzJLoCmk,2026-01-11T12:21:09Z,165,0,0,0,7,13,59.3
2026-08-10,k-rUw2TVYs8,2026-01-11T00:57:40Z,151,0,0,0,5,10,49.1
2026-08-10,Md2_HGkjEmQ,2026-01-10T12:19:57Z,166,0,0,0,5,11,52.96999999999999
2026-08-10,SUCUfIo6MH4,2026-01-10T00:50:48Z,82,0,0,0,3,13,56.87
2026-08-10,FFNwRRPqXLc,2026-01-09T12:22:37Z,50,0,0,0,1,8,47.93
2026-08-10,QSTdknWa4gQ,2026-01-08T12:24:04Z,40,0,0,0,1,7,31.96
2026-08-10,DazZAvrhRKI,2026-01-08T00:50:30Z,110,0,0,0,2,8,48.12
2026-08-10,cqhF9hro86M,2026-01-07T12:22:59Z,112,0,0,0,2,10,54.59
2026-08-10,Qjze3mrpiaE,2026-01-07T00:50:57Z,36,0,0,0,0,11,78.67
2026-08-10,SUI99n7yB_U,2026-01-06T00:51:02Z,102,0,0,0,3,9,51.03
2026-08-10,2nIDH-gIDhQ,2026-01-05T12:23:37Z,75,0,0,0,2,8,32.7
2026-08-10,wXEuAdlXM_M,2026-01-05T04:59:54Z,79,0,0,0,1,10,48.88
2026-08-10,xjP-OITrIT4,2025-12-31T00:52:35Z,48,0,0,0,1,8,27.02
2026-08-10,yh4jE0h28KA,2025-12-30T12:22:50Z,107,0,0,0,3,13,57.75
2026-08-10,_lBSpyvMgjw,2025-12-30T00:49:10Z,302,0,0,0,5,6,39.08
2026-08-10,9xKSMqEzQAM,2025-12-29T00:56:57Z,90,0,0,0,4,18,60.25
2026-08-10,OPdvBceQCCE,2025-12-28T12:19:38Z,63,0,0,0,1,8,50.44
2026-08-10,18FMuOikGQE,2025-12-28T00:57:32Z,41,0,0,0,0,17,80.45
2026-08-10,lAIIM4vuUSs,2025-12-27T12:20:12Z,92,0,0,0,2,10,50.43
2026-08-10,eaCy2RgCOe8,2025-12-27T00:48:31Z,127,1,0,0,6,15,71.01
2026-08-10,S4SHNb3-W3Q,2025-12-26T12:21:04Z,61,0,0,0,1,9,47.22
2026-08-10,1goDD83ipeQ,2025-12-26T00:50:19Z,95,0,0,0,4,17,71.45
2026-08-10,DmhxO5mlvxo,2025-12-25T12:22:02Z,115,0,0,0,4,12,51.24999999999999
2026-08-10,AKbv7xTvxnQ,2025-12-25T00:49:59Z,96,1,0,0,3,13,50.97999999999999
2026-08-10,0wI-gF3lGLM,2025-12-24T12:21:25Z,75,0,0,0,2,16,80.38
2026-08-10,9ieCGBvL-Bg,2025-12-24T03:45:47Z,51,0,0,0,1,8,40.12
2026-08-10,uGeiWkgtDP8,2025-12-22T00:53:16Z,130,1,0,0,5,13,65.78
2026-08-10,McHdknbY2cU,2025-12-21T12:19:35Z,44,1,0,0,1,15,71.9
2026-08-10,aN61kpao8HI,2025-12-21T00:54:41Z,187,0,0,0,5,11,49.01
2026-08-10,LP9DKhWavDA,2025-12-20T12:21:03Z,47,0,0,0,1,8,24.28
2026-08-10,fDS63LcxhNk,2025-12-20T00:47:34Z,151,0,0,0,4,13,46.68
2026-08-10,2HxaPdFdrAE,2025-12-19T12:21:23Z,305,0,0,0,13,12,60.06
2026-08-10,zP021DqgYA4,2025-12-19T00:49:03Z,146,0,0,0,3,10,53.26
2026-08-10,UMYm5lJHF6s,2025-12-18T12:21:22Z,89,0,1,0,3,13,82.36
2026-08-10,6j1gLZK5aJQ,2025-12-18T00:46:26Z,48,1,0,0,1,11,50.18
2026-08-10,a-0M7qv4ECM,2025-12-17T12:23:19Z,68,0,0,0,1,11,39.25
2026-08-10,lF9gvPG7YEY,2025-12-17T00:45:41Z,48,0,0,0,1,13,81.34
2026-08-10,or2vlbZ8PUo,2025-12-16T12:21:46Z,41,0,0,0,0,7,49.05
2026-08-10,w0u7iPVS4kg,2025-12-16T00:50:07Z,49,0,0,0,2,15,69.61
2026-08-10,ChBrBKj_FL0,2025-12-15T12:23:43Z,80,1,0,0,2,7,33.02
2026-08-10,pkVeQWwOH1M,2025-12-14T00:55:44Z,71,0,0,0,1,10,35.54
2026-08-10,tdK_vfJlYIU,2025-12-13T12:19:52Z,56,1,0,0,1,7,25.19
2026-08-10,rKfPskTw4uE,2025-12-13T00:46:03Z,55,0,0,0,1,10,62.43
2026-08-10,X253-VhbDHQ,2025-12-12T12:22:27Z,38,0,0,0,0,32,131.93
2026-08-10,kWgeQ8_3gf4,2025-12-12T00:49:39Z,107,0,0,0,3,9,42.79
2026-08-10,XAzSHS1CHFY,2025-12-11T12:22:27Z,73,0,0,0,1,9,64.15
2026-08-10,L6Wc8lnn4DU,2025-12-11T00:51:08Z,1657,0,0,0,42,14,50.83
2026-08-10,MtheX2OJMDQ,2025-12-10T12:22:34Z,55,0,0,0,0,5,23.83
2026-08-10,E1ibjYdkrbQ,2025-12-10T00:49:51Z,33,0,0,0,0,0,0
2026-08-10,U5_e3bmCbZY,2025-12-09T12:22:22Z,39,0,0,0,1,8,40.45
2026-08-10,t2DSE_ojmik,2025-12-06T00:47:45Z,77,0,0,0,3,25,75.8
2026-08-10,SRE8VHmGAqw,2025-12-05T12:22:14Z,61,0,0,0,2,12,56.50999999999999
2026-08-10,1avSfbfo6nQ,2025-12-05T00:49:35Z,91,1,0,0,2,19,64.34
2026-08-10,qL9y-Y4m8YY,2025-12-04T12:22:55Z,37,0,0,0,0,5,22.41
2026-08-10,XfbgEEaqypE,2025-12-04T00:49:06Z,54,0,0,0,1,6,21.96
2026-08-10,eFDnU8gaEJM,2025-12-03T00:47:59Z,48,0,0,0,0,4,22.28
2026-08-10,hxIwlu8ep-k,2025-12-02T12:23:15Z,55,0,0,0,1,13,52.87
2026-08-10,K3wSItDBg1k,2025-12-02T00:48:54Z,100,0,0,0,3,15,57.37
2026-08-10,hA9HyqaFyHM,2025-12-01T12:22:12Z,35,0,0,0,0,4,19.7
2026-08-10,tZQoZXF9Ud4,2025-12-01T00:58:59Z,102,0,0,0,1,4,19.94
2026-08-10,f-c69bkm6io,2025-11-30T12:18:54Z,91,0,0,0,3,10,50.36999999999999
2026-08-10,MsaO1qV-Ln0,2025-11-30T00:56:14Z,78,0,0,0,1,6,29.07
2026-08-10,BFEdIXRH-Fo,2025-11-29T00:47:12Z,58,0,0,0,1,17,53.03
2026-08-10,aFMkajr0L0o,2025-11-28T00:46:39Z,117,0,0,0,3,9,33.46
2026-08-10,HijWOdHKdH0,2025-11-27T12:22:09Z,116,0,0,0,5,21,85.38
2026-08-10,XVyf5d0eCE8,2025-11-27T00:46:29Z,54,0,0,0,1,10,52.31
2026-08-10,-KPak8LRUiA,2025-11-26T12:22:12Z,47,0,0,0,0,5,23.29
2026-08-10,FMgGUvkXlkI,2025-11-26T00:48:06Z,63,0,0,0,1,11,43.69
2026-08-10,DLiRMEwNnDc,2025-11-25T12:22:48Z,96,0,0,0,2,10,37.3
2026-08-10,bhWV305AZCg,2025-11-25T00:46:53Z,48,0,0,0,1,8,32.41
2026-08-10,NA7EumyAw4s,2025-11-24T12:21:38Z,38,0,0,0,0,4,15.770000000000001
2026-08-10,BQIHokBkLZM,2025-11-23T12:19:00Z,157,1,0,0,8,17,65.4
2026-08-10,7y-j8FAsFM8,2025-11-23T00:54:00Z,112,0,0,0,3,14,76.71
2026-08-10,DWwGPzpDyr8,2025-11-22T12:19:18Z,30,0,0,0,0,4,13.350000000000001
2026-08-10,UrD-Q-oBE-k,2025-11-22T00:45:23Z,123,0,0,0,2,14,61.42999999999999
2026-08-10,Q9VgwFN3UIg,2025-11-21T12:20:39Z,37,0,0,0,0,5,19.63
2026-08-10,oZ1KoF4YsaU,2025-11-21T00:47:44Z,42,0,0,0,1,12,46.25
2026-08-10,DEdYVTobd2c,2025-11-20T12:21:38Z,65,0,0,0,1,10,48.47
2026-08-10,Pvy_Sx_1IU8,2025-11-20T00:45:47Z,98,0,0,0,3,9,50.42
2026-08-10,W6nZEkKaMns,2025-11-19T12:21:58Z,60,0,0,0,2,18,72.17
2026-08-10,DCe_h8sqrhA,2025-11-19T00:49:16Z,36,0,0,0,0,8,28.859999999999996
2026-08-10,vMCVHEX6X-4,2025-11-18T12:22:09Z,22,1,0,0,0,9,36
2026-08-10,Qbqrzbs0TY8,2025-11-18T00:47:59Z,44,0,0,0,1,7,24.75
2026-08-10,lqXVwyhxzwQ,2025-11-17T12:21:08Z,54,0,0,0,2,12,62.69
2026-08-10,KzpeOdp-c1U,2025-11-17T00:49:32Z,28,0,0,0,1,14,47.49
2026-08-10,__BTJr7239g,2025-11-16T12:17:43Z,28,0,0,0,0,9,66.43
2026-08-10,tY5h-MOkj0k,2025-11-16T00:50:03Z,38,0,0,0,1,7,45.82
2026-08-10,7qvvyYK7pjM,2025-11-15T12:18:21Z,90,0,0,0,5,16,83.88
2026-08-10,bEBT1HmsU0w,2025-11-15T00:45:59Z,46,0,0,0,1,12,63.16
2026-08-10,EC3qu-J6O3o,2025-11-14T12:21:09Z,34,0,0,0,0,10,54.059999999999995
2026-08-10,Lu_GOCfqqsE,2025-11-14T00:47:41Z,99,0,0,0,3,10,44.19
2026-08-10,BmX41hUYTEo,2025-11-13T12:22:25Z,45,0,0,0,1,10,49.78
2026-08-10,bmt7t2cUv0g,2025-11-13T00:47:51Z,49,0,0,0,1,10,39.11
2026-08-10,maKQnP1Fbm0,2025-11-12T12:22:16Z,44,0,0,0,0,6,24.21
2026-08-10,dfi7G15BoPU,2025-11-12T00:48:22Z,146,0,0,0,5,14,53.90999999999999
2026-08-10,EaW6off6I-g,2025-11-11T12:21:15Z,25,0,0,0,0,5,22.01
2026-08-10,x4iAzzoynWo,2025-11-11T00:48:12Z,69,0,0,0,2,11,48.53
2026-08-10,uf8gxiLsKt4,2025-11-10T12:21:45Z,80,1,0,0,2,9,36.44
2026-08-10,IrFYVHvsGGI,2025-11-10T00:50:07Z,109,2,1,0,5,19,73.74
2026-08-10,nM5RQOj527Q,2025-11-09T20:46:27Z,67,0,0,0,1,7,48.87
2026-08-10,9X9J9HcnjRQ,2025-11-08T12:17:39Z,47,0,0,0,0,8,58.050000000000004
2026-08-10,tmyiz1EyOJ0,2025-11-08T00:44:46Z,28,0,0,0,0,4,23.9
2026-08-10,aiE5zJEb4LQ,2025-11-07T12:21:37Z,9,0,0,0,0,0,0
2026-08-10,RL-aV22hT3Q,2025-11-07T00:48:10Z,59,0,0,0,1,18,61.9
2026-08-10,iqjcjekQ4DA,2025-11-06T12:20:18Z,53,0,0,0,1,8,52.18000000000001
2026-08-10,0_Qr1FDSRUQ,2025-11-06T00:48:24Z,115,0,0,0,7,23,70.33
2026-08-10,VBWrqM7y_nY,2025-11-05T12:22:42Z,7,0,0,0,0,5,17.81
2026-08-10,7MDyZHXM6SQ,2025-11-05T00:48:17Z,189,0,0,0,5,11,64.9
2026-08-10,mFP_gIstEt8,2025-11-04T00:47:50Z,75,1,0,0,2,10,60.27
2026-08-10,5o0kd4B5OG8,2025-11-03T12:22:17Z,60,0,0,0,1,8,27.83
2026-08-10,6_QsBHeIods,2025-11-03T00:50:50Z,71,0,0,0,1,6,23.61
2026-08-10,ey4lxj-MxF8,2025-11-02T00:51:27Z,67,0,0,0,1,14,54.7
2026-08-10,d-oDeuxr9YY,2025-11-01T12:19:24Z,42,0,0,0,1,10,48.59
2026-08-10,qu68AwRcQUs,2025-11-01T00:49:48Z,44,0,0,0,1,9,34.72
2026-08-10,FpraVnRBn_g,2025-10-31T12:22:10Z,26,0,0,0,0,8,30.070000000000004
2026-08-10,YbyoErWHPrQ,2025-10-31T00:49:14Z,189,0,0,0,5,9,27.440000000000005
2026-08-10,r2GTq9pmDSw,2025-10-30T12:20:36Z,70,0,0,0,3,17,85.82
2026-08-10,DiOCz3pzEJQ,2025-10-30T00:47:38Z,105,0,0,0,3,13,60.49
2026-08-10,atBZitOWh8s,2025-10-29T15:48:23Z,11,0,0,0,1,18,78.78
2026-08-10,8iSmE8YXGKE,2025-10-29T00:49:21Z,41,0,0,0,1,8,41.28
2026-08-10,Cl-_JI9q_Vk,2025-10-28T12:21:06Z,86,0,0,0,3,13,54.18999999999999
2026-08-10,MzZ_20dPW-Y,2025-10-28T00:47:00Z,47,0,0,0,2,12,47.21
2026-08-10,0jhH6KZpmL8,2025-10-27T12:25:22Z,41,0,0,0,1,15,35.83
2026-08-10,FnNJckzMN4I,2025-10-27T00:50:00Z,62,0,0,0,11,75,345.36
2026-08-10,EHmOrNhP6eU,2025-10-26T12:20:55Z,35,0,0,0,1,19,64.42
2026-08-10,kaF2LpvGDE8,2025-10-26T00:48:33Z,67,0,0,0,2,9,44.47
2026-08-10,MrNfRJleZa4,2025-10-25T12:20:50Z,77,0,0,0,5,18,57.96
2026-08-10,cxkwv1-VWKM,2025-10-25T00:44:59Z,33,0,0,0,1,12,66.78
2026-08-10,CMt6N9OYHc4,2025-10-24T12:22:09Z,51,0,0,0,2,17,58.17
2026-08-10,fsKpdj-hOBc,2025-10-24T00:45:25Z,30,0,0,0,0,11,41.39
2026-08-10,g5WH6g6SXzo,2025-10-23T12:23:47Z,2,0,0,0,0,23,87.78
2026-08-10,whO3TbZRN2s,2025-10-23T00:46:43Z,123,1,0,0,5,16,47.28
2026-08-10,9udR2t3StDg,2025-10-22T12:21:57Z,147,1,0,0,8,12,54.25
2026-08-10,rPz60XxcTho,2025-10-22T01:47:39Z,26,0,0,0,0,11,42.26
2026-08-10,Z05lza3afe0,2025-10-20T12:21:15Z,71,0,0,0,4,19,69.88
2026-08-10,5b5VRHg-xnM,2025-10-20T00:50:25Z,62,0,0,0,2,20,102.51999999999998
2026-08-10,6ge3dzSKuAU,2025-10-19T12:19:54Z,47,0,0,0,2,15,55.94
2026-08-10,qjVcEZB3imM,2025-10-19T00:51:20Z,24,0,0,0,0,11,60.02000000000001
2026-08-10,qf7bSeDljc4,2025-10-18T12:19:43Z,3,0,0,0,0,20,87.87
2026-08-10,rbTkKE75_c0,2025-10-18T00:43:16Z,68,0,0,0,3,11,53.05
2026-08-10,ri2RZwr5J_4,2025-10-17T12:22:47Z,63,0,0,0,3,15,60.8
2026-08-10,v1zftajT1M0,2025-10-17T00:46:54Z,35,0,0,0,1,9,36.8
2026-08-10,pG8D3fHo7Kc,2025-10-16T12:21:59Z,109,1,0,0,27,97,444.34
2026-08-10,vQrRjChYLTc,2025-10-16T00:47:28Z,1,0,0,0,0,26,92.31
2026-08-10,xQVwOjXeNg0,2025-10-15T12:22:00Z,8,0,0,0,0,0,0
2026-08-10,iM0KR2-32f0,2025-10-15T00:47:34Z,4,0,0,0,0,14,52.57000000000001
2026-08-10,QkRtBzgp7LY,2025-10-14T12:23:44Z,14,0,0,0,0,20,87.39
2026-08-10,67qAhXRjlfA,2025-10-14T00:43:57Z,155,0,0,0,7,16,87.48
2026-08-10,SDLOOe8fi1M,2025-10-11T12:18:01Z,156,1,0,0,5,13,90.37
2026-08-10,b9tm03RKVpI,2025-10-11T00:42:33Z,19,0,0,0,0,7,44.05
2026-08-10,aDZm7fyKxZg,2025-10-10T12:22:18Z,53,0,0,0,2,18,88.29
2026-08-10,5gf43PikwPY,2025-10-10T00:44:00Z,251,0,0,0,23,32,163.81
2026-08-10,zgkkKMEvI4c,2025-10-09T12:22:48Z,67,0,0,0,2,10,39
2026-08-10,nsWYanXH4WQ,2025-10-09T00:45:59Z,22,0,0,0,0,28,92.61
2026-08-10,LQrAelHASPo,2025-10-08T12:22:30Z,19,0,0,0,1,16,82.67
2026-08-10,TovBq4xQFsc,2025-10-08T00:44:25Z,3,0,0,0,0,17,85.95
2026-08-10,Fl0RC5BJ3Pk,2025-10-07T12:22:14Z,75,0,0,0,3,16,82.9
2026-08-10,083VndBSBQA,2025-10-07T00:44:03Z,4,0,0,0,0,26,102.42
2026-08-10,9c2q7_r-q2Y,2025-10-06T12:22:15Z,4,0,0,0,1,35,116.06
2026-08-10,YGxrFAg3YOg,2025-10-05T12:19:04Z,70,0,0,0,3,17,82.2
2026-08-10,GcTz74gCsok,2025-10-05T00:49:33Z,55,0,0,0,3,26,118.53
2026-08-10,xvsX438rApQ,2025-10-04T19:15:22Z,38,0,0,0,1,17,92.17
2026-08-10,wsQMaYdr88Q,2025-09-20T12:18:35Z,146,1,0,0,7,12,51.22
2026-08-10,n4yje0t1LrQ,2025-09-20T00:43:59Z,44,0,0,0,1,19,49.76
2026-08-10,bvSYCI4URs8,2025-09-19T12:20:04Z,50,0,0,0,2,13,67.56
2026-08-10,SvIlF1anibo,2025-09-19T00:45:59Z,79,0,0,0,3,15,69
2026-08-10,G__3jx9sIcE,2025-09-18T12:21:43Z,135,0,0,0,8,15,63.019999999999996
2026-08-10,1rwy6xm5h8U,2025-09-18T00:43:45Z,49,0,0,0,2,14,67.42
2026-08-10,rSnz3nrgTFg,2025-09-17T12:21:43Z,38,0,0,0,1,7,30.59
2026-08-10,HTnmcw1VZsc,2025-09-17T00:44:19Z,178,0,0,0,6,13,46.08
2026-08-10,E7qHyD4bGJs,2025-09-16T12:21:39Z,46,0,0,0,1,7,28.110000000000003
2026-08-10,2clRmgMM1Us,2025-09-16T00:43:33Z,77,0,0,0,3,10,38.31
2026-08-10,YMnreQdpm5Y,2025-09-15T12:22:51Z,47,0,0,0,2,11,45.31
2026-08-10,n9WrhduYV3U,2025-09-15T00:53:32Z,66,0,0,0,3,12,60.35
2026-08-10,TjeZN7Gnx04,2025-09-14T12:18:57Z,46,0,0,0,2,15,65.95
2026-08-10,78zx-NQ3wVI,2025-09-14T00:48:31Z,2,0,0,0,0,16,65.13
2026-08-10,YxugVSFp3T0,2025-09-13T22:01:50Z,42,0,0,0,2,19,65.73
2026-08-10,kAI33hsvcUs,2025-08-22T12:20:10Z,75,0,0,0,3,12,43.67
2026-08-10,usvmmNihqZE,2025-08-22T00:45:55Z,49,0,0,0,2,11,49.84
2026-08-10,FJiDKJhqzMk,2025-08-21T12:21:38Z,64,0,0,0,3,11,44.99
2026-08-10,4KNrxnn4LYA,2025-08-21T00:44:57Z,25,0,0,0,0,24,92.3
2026-08-10,F7bl42wdwsk,2025-08-20T12:19:34Z,47,1,0,0,1,17,92.99
2026-08-10,2TQ1xDxSPko,2025-08-20T00:45:59Z,49,0,0,0,2,18,71.35
2026-08-10,2SEMOGewnt0,2025-08-19T12:20:22Z,47,0,0,0,4,18,91.17
2026-08-10,jl43kb2Mrl8,2025-08-19T00:46:39Z,37,0,0,0,0,8,56.11000000000001
2026-08-10,5ghuUk0uXKo,2025-08-18T12:22:15Z,5,0,0,0,1,37,129.19
2026-08-10,sZH-Vd6Q0Pg,2025-08-18T00:53:45Z,26,0,0,0,1,17,66.13
2026-08-10,n27QrIxIwBM,2025-08-17T12:19:46Z,21,0,0,0,1,13,43.56
2026-08-10,tj8faNubOXU,2025-08-17T00:54:38Z,40,0,0,0,1,16,54.55
2026-08-10,96EZNoOx5vk,2025-08-16T12:19:15Z,23,0,0,0,1,14,68.96
2026-08-10,KaojabYOzx0,2025-08-16T00:46:15Z,12,0,0,0,3,66,301.33
2026-08-10,THOj9YbvwsE,2025-08-15T15:23:30Z,6,0,0,0,0,27,82.97
2026-08-10,BZosJFoh2-E,2025-08-14T12:21:40Z,12,0,0,0,0,10,51.93
2026-08-10,TxfJxCoufW8,2025-08-14T00:48:45Z,47,0,0,0,1,18,74.15
2026-08-10,u4SLrBeU4P8,2025-08-13T12:21:24Z,83,0,0,0,5,15,60.91
2026-08-10,Lcr_-bsm-yU,2025-08-13T00:48:58Z,52,0,0,0,1,11,58.28
2026-08-10,loW9tXPftEI,2025-08-12T12:21:02Z,120,0,0,0,4,11,42.64
2026-08-10,mIZqOrlU3V4,2025-08-12T00:48:01Z,50,0,0,0,1,9,49.71
2026-08-10,Vu85YbKD2uA,2025-08-11T12:22:21Z,34,0,0,0,1,13,49.35
2026-08-10,2ihzs4ltkz4,2025-08-11T00:56:43Z,32,0,0,0,1,12,37.95
2026-08-10,cRrYtcVjQIM,2025-08-10T12:18:58Z,31,0,0,0,0,9,47.53
2026-08-10,oMMCSoJOPFY,2025-08-10T00:58:04Z,42,0,0,0,4,21,70.54
2026-08-10,71ERRmCB7uY,2025-08-09T12:20:09Z,37,0,0,0,1,13,52.09
2026-08-10,DOMkPDITAig,2025-08-09T00:47:31Z,71,0,0,0,3,13,49.92
2026-08-10,Z_8PUimecoU,2025-08-08T12:22:09Z,124,0,0,0,8,14,76.75
2026-08-10,798aPt3idGI,2025-08-08T00:55:22Z,32,0,0,0,1,15,49.46
2026-08-10,nJ_CeCMDjgo,2025-08-07T13:02:00Z,74,0,0,0,3,10,45.34
2026-08-10,F6bItVNWey4,2025-08-07T00:53:42Z,73,0,0,0,3,12,62.39
2026-08-10,EjwJ28Zg0Zs,2025-08-06T12:23:15Z,49,0,0,0,1,9,37.62
2026-08-10,NbSU5rDcqA8,2025-08-06T00:55:01Z,49,0,0,0,2,14,50.85999999999999
2026-08-10,OTdnZwnqZto,2025-08-05T12:22:59Z,57,0,0,0,2,13,56.92
2026-08-10,dP37FHj8nHg,2025-08-05T00:53:37Z,89,0,0,0,3,10,64.74
2026-08-10,jWk424bgg84,2025-08-04T12:23:46Z,59,1,0,0,2,21,96.11
2026-08-10,8-zs2bzAYok,2025-08-03T12:19:46Z,55,0,0,0,3,13,53.81
2026-08-10,XWpZCVCgX-A,2025-08-03T00:58:49Z,70,1,0,0,2,13,63.79
2026-08-10,AoN4FPURjpo,2025-08-02T12:20:33Z,50,0,0,0,2,11,48.38
2026-08-10,b1CT89GMN6o,2025-08-02T00:47:59Z,170,0,0,0,9,21,134.87
2026-08-10,ip4v0KcNBTg,2025-08-01T12:22:38Z,123,0,0,0,4,10,45.26
2026-08-10,b9uiF9O5AVk,2025-08-01T01:01:34Z,173,0,0,0,16,13,40.12
2026-08-10,v80VsDnL6vk,2025-07-31T12:21:40Z,40,0,0,0,1,9,39.46
2026-08-10,ukGL5TXbjDc,2025-07-31T02:11:20Z,39,0,0,0,1,9,42.58
2026-08-10,baIn3WnCR_s,2025-07-30T00:52:36Z,117,1,0,0,7,19,106.57
2026-08-10,dHLGC_aLh38,2025-07-29T12:22:49Z,44,0,0,0,1,10,44.03
2026-08-10,8T2wjykQY8M,2025-07-29T00:56:50Z,106,1,0,0,3,8,46.47
2026-08-10,2mlwNI9mKVc,2025-07-28T12:23:00Z,63,0,0,0,3,14,53.43
2026-08-10,ZI_z_4_Pdfg,2025-07-28T00:56:19Z,123,0,0,0,4,10,51.12
2026-08-10,Lm7_gHvmrWc,2025-07-27T12:20:02Z,49,0,0,0,2,14,78.63
2026-08-10,9c3PnUunMrI,2025-07-27T00:56:38Z,69,0,0,0,2,9,53.22
2026-08-10,eohklwMcu8s,2025-07-26T12:20:31Z,73,0,0,0,4,15,52.300000000000004
2026-08-10,JMfUVNqH-v8,2025-07-26T00:50:36Z,55,0,1,0,2,15,57.56
2026-08-10,kCiWEditH2c,2025-07-25T12:22:32Z,97,0,0,0,6,20,63.31
2026-08-10,VzRORbvYeU8,2025-07-25T00:53:02Z,62,0,0,0,3,13,31.15
2026-08-10,TaYTYLmXSpw,2025-07-24T12:23:07Z,61,0,0,0,3,17,68.87
2026-08-10,eojAkEGYKy8,2025-07-24T00:51:50Z,29,0,0,0,1,14,64.98
2026-08-10,jDNLDjwedSI,2025-07-23T12:22:35Z,66,0,0,0,5,21,92.96
2026-08-10,l-MK9FDyZGo,2025-07-23T01:53:38Z,39,0,0,0,1,14,52.93
2026-08-10,MTISyE2GK90,2025-07-22T00:51:23Z,272,1,0,0,20,20,103.61
2026-08-10,xaxoboKmsp8,2025-07-21T12:23:00Z,53,0,0,0,3,15,52.14
2026-08-10,YYQPFxAyXlA,2025-07-21T00:55:19Z,94,0,0,0,4,13,57.26
2026-08-10,C-pKshzaFI4,2025-07-20T12:19:56Z,860,1,0,0,57,14,70.46
2026-08-10,2cXstg2g1oo,2025-07-20T00:58:48Z,107,0,0,0,7,18,61.28
2026-08-10,UUVJFY1I6eQ,2025-07-19T12:19:13Z,181,1,0,0,9,11,57.49999999999999
2026-08-10,72GZYgKfNgY,2025-07-19T00:50:17Z,69,0,0,0,4,13,38.88
2026-08-10,hYqav0qcs-4,2025-07-18T12:21:48Z,117,0,0,0,7,14,61.78
2026-08-10,CA74oLX496k,2025-07-18T00:51:11Z,60,0,0,0,3,18,65.66
2026-08-10,pqSpEEBBZ5Y,2025-07-17T12:20:49Z,158,2,0,0,12,14,74.81
2026-08-10,vHOEW402B9s,2025-07-17T00:51:20Z,63,0,0,0,2,13,55.03
2026-08-10,Y_hYHH0oLzQ,2025-07-16T12:21:49Z,61,0,0,0,2,13,56.84
2026-08-10,sQ9TSjUyYHg,2025-07-16T00:50:53Z,210,0,0,0,18,14,82.97
2026-08-10,wZ_p3BEx0Hw,2025-07-15T12:22:37Z,60,0,0,0,3,13,66.62
2026-08-10,kxtbSj_b_IM,2025-07-15T03:01:40Z,36,0,0,0,1,8,44.73
2026-08-10,VCg1HIvDlmM,2025-07-11T12:21:10Z,25,0,0,0,0,15,58.879999999999995
2026-08-10,CnXoXMSAG78,2025-07-11T00:49:31Z,88,0,0,0,4,12,68.05
2026-08-10,wGfuxxpXlSA,2025-07-10T12:21:07Z,91,0,0,0,4,10,53.59
2026-08-10,I9Ms9geTeu0,2025-07-10T00:48:30Z,31,0,0,0,0,11,52.27
2026-08-10,N8xFDObGXSE,2025-07-09T12:21:31Z,77,0,0,0,3,11,53.16
2026-08-10,oM-LaSVYYnA,2025-07-09T00:49:58Z,66,0,0,0,2,10,51.62
2026-08-10,Yrg3cZU7eJw,2025-07-08T12:20:58Z,233,2,0,0,17,13,79.16
2026-08-10,e7dQ9yvJzZY,2025-07-08T00:48:19Z,89,1,0,0,3,11,49.76
2026-08-10,QGLkukuFr9E,2025-07-07T12:21:02Z,59,0,0,0,2,8,40.58
2026-08-10,ww9LNzzWEnw,2025-07-07T00:53:34Z,50,0,0,0,1,8,29.99
2026-08-10,42IXNsa6d9s,2025-07-06T12:19:21Z,21,0,0,0,1,15,63.56
2026-08-10,JXJySqBADHM,2025-07-06T00:54:22Z,170,0,0,0,5,11,49.86
2026-08-10,zYZkNuHz-yU,2025-07-05T12:18:26Z,27,0,0,0,0,6,27.97
2026-08-10,E0ZN8wJS83Q,2025-07-04T14:52:05Z,64,0,0,0,3,23,94.8
2026-08-10,L_EL5f08i14,2025-07-04T00:48:22Z,100,0,0,0,3,10,46.8
2026-08-10,P5jIY_NCDO8,2025-07-03T12:20:17Z,41,1,0,0,0,7,32.17
2026-08-10,qoOse_duoqg,2025-07-03T00:49:50Z,34,0,0,0,1,10,31.679999999999996
2026-08-10,gMgf71gWSns,2025-07-02T12:20:19Z,43,0,0,0,1,12,56.25
2026-08-10,y6wq_o7vRLQ,2025-07-02T00:47:48Z,58,0,0,0,2,14,62.25000000000001
2026-08-10,gFmJwB7Ae1U,2025-07-01T12:21:07Z,31,0,0,0,0,6,26.52
2026-08-10,iR0ftXc_P6U,2025-07-01T00:57:14Z,236,1,0,0,12,18,72.61
2026-08-10,KIFT3RS-1jo,2025-06-30T12:21:59Z,88,0,0,0,3,12,47.15
2026-08-10,NX6cYcB8-B8,2025-06-30T00:52:39Z,68,1,0,0,2,16,64.75
2026-08-10,qJGTEw8iezU,2025-06-29T12:18:28Z,0,0,0,0,0,0,0
2026-08-10,9j4PZqjGolc,2025-06-29T00:56:34Z,52,0,0,0,1,10,36.27
2026-08-10,l6qVlMe-Z0Q,2025-06-28T12:19:40Z,91,0,0,0,5,15,55.91
2026-08-10,xdzaCKsaYVc,2025-06-28T00:47:46Z,64,0,0,0,2,16,54.64
2026-08-10,2HDA7p1cXq4,2025-06-27T12:21:30Z,46,0,0,0,1,6,21.23
2026-08-10,qzBLxTShQfg,2025-06-27T00:49:17Z,56,0,0,0,2,10,37.29
2026-08-10,o-D6D8NGp1c,2025-06-26T12:20:39Z,178,0,0,1,8,13,72.29
2026-08-10,kCVxPz88TPM,2025-06-26T00:48:31Z,79,1,0,0,3,11,42.07
2026-08-10,PUX24gEV630,2025-06-25T12:20:55Z,46,0,0,0,1,13,65.63
2026-08-10,o-6Buts0ygQ,2025-06-25T00:49:43Z,100,0,0,0,5,22,82.92
2026-08-10,FeI7PXDWAmw,2025-06-24T12:21:56Z,1,0,0,0,0,0,0
2026-08-10,t9dFnLh-wyc,2025-06-24T00:49:31Z,9,0,0,0,0,11,47.89
2026-08-10,GWn867yxYzY,2025-06-23T12:23:46Z,65,0,0,0,2,9,25.72
2026-08-10,DhDhiMwW4DM,2025-06-23T00:53:12Z,54,0,0,0,1,8,31.069999999999997
2026-08-10,Ls4D1v80ALc,2025-06-22T12:18:30Z,67,1,0,0,3,13,47.58
2026-08-10,RrHNCA462xE,2025-06-22T00:53:39Z,83,0,0,0,4,15,81.09
2026-08-10,myCAcQ2_K2k,2025-06-21T12:19:28Z,105,0,0,0,4,14,56.32
2026-08-10,lx6VPZry0ZI,2025-06-21T00:47:14Z,110,1,0,0,3,12,44.1
2026-08-10,G8m1ZRzRIfU,2025-06-20T12:22:06Z,43,0,0,0,2,17,50.63999999999999
2026-08-10,nVYVBPt0Lcw,2025-06-20T00:48:16Z,38,0,0,0,1,9,37.38
2026-08-10,zOKKSAcOFK4,2025-06-19T12:21:02Z,63,0,0,0,3,14,67.43
2026-08-10,bTegbNmSRi4,2025-06-19T00:47:39Z,52,0,0,0,1,8,38.11
2026-08-10,9cv0AGU3f7Y,2025-06-18T12:19:49Z,208,0,0,0,7,11,66.78
2026-08-10,Hio5eRT3P2Y,2025-06-18T00:48:20Z,162,0,0,0,10,15,82.89
2026-08-10,A7yOEADsfLA,2025-06-17T12:20:38Z,87,1,0,0,4,12,70.3
2026-08-10,Q110khFMHL0,2025-06-17T00:47:59Z,71,0,0,0,3,15,79.17
2026-08-10,2h5-mJgktc0,2025-06-16T12:20:45Z,155,0,0,0,6,10,49.91
2026-08-10,qC6aiQLMTX0,2025-06-16T00:50:56Z,47,0,0,0,1,9,34.84
2026-08-10,bjNe7kxRpNk,2025-06-15T12:17:23Z,228,0,0,0,6,9,56.98
2026-08-10,mfh4EENwNF0,2025-06-15T00:55:56Z,176,0,0,0,9,13,47.49
2026-08-10,cvcwwkidXUs,2025-06-14T12:18:35Z,158,0,0,0,6,10,65.31
2026-08-10,WMoc4BUxR7Y,2025-06-14T00:46:37Z,160,1,0,0,8,15,58.540000000000006
2026-08-10,VcSN_Q6tN_w,2025-06-13T12:20:42Z,2,0,0,0,0,0,0
2026-08-10,M9CTXlrO6Hs,2025-06-13T03:51:00Z,135,0,0,0,6,13,60.35
2026-08-10,zK8iBDmYMKA,2025-06-12T12:19:47Z,58,0,0,0,1,7,36.72
2026-08-10,q4XHnjjH9dI,2025-06-12T00:46:46Z,125,0,0,0,4,9,49.65
2026-08-10,dO9QLnnbkW0,2025-06-11T12:20:34Z,76,1,0,0,2,17,74.47
2026-08-10,4JGOMKkIEKI,2025-06-11T00:48:33Z,335,0,0,0,13,13,54.40999999999999
2026-08-10,YTHY2PLYiLY,2025-06-10T12:21:46Z,164,0,1,0,11,20,71.27
2026-08-10,PIYhdRillDg,2025-06-10T00:47:33Z,128,0,0,0,6,16,87.51
2026-08-10,rg0_VgiF3b4,2025-06-09T12:21:30Z,82,0,0,0,3,9,30.130000000000003
2026-08-10,TBaj-KzYc1w,2025-06-09T00:52:08Z,105,0,0,0,5,14,56.3
2026-08-10,pPM8iPJTp_4,2025-06-08T12:22:47Z,4,0,0,0,0,11,42.67
2026-08-10,dEAFsKkgfus,2025-06-08T00:53:02Z,83,0,0,0,3,13,75.2
2026-08-10,bA2Rh8Oe2us,2025-06-07T12:18:17Z,72,0,0,0,2,9,45.5
2026-08-10,Xpk_pToAUSE,2025-06-07T00:47:32Z,52,0,0,0,1,10,49.23
2026-08-10,cqtb3jL81es,2025-06-06T12:20:44Z,70,0,0,0,2,11,46.02
2026-08-10,9LA1iCEEaEU,2025-06-06T00:48:12Z,294,0,0,0,12,11,45.09
2026-08-10,PCy9dpRZ0CA,2025-06-05T16:39:18Z,141,0,0,0,3,9,32.51
2026-08-10,9AZa6pvcq_g,2025-06-05T12:22:21Z,2,0,0,0,0,28,102.4
2026-08-10,HNa-g80gjCY,2025-06-05T00:47:13Z,309,0,0,0,11,10,62.24000000000001
2026-08-10,zaXzhb7zM7c,2025-06-04T12:20:18Z,126,0,0,0,6,15,66.18
2026-08-10,bsCmWKVvCCI,2025-06-04T00:48:29Z,59,0,0,0,2,18,63.190000000000005
2026-08-10,vzEQ52cEtGI,2025-06-03T12:20:25Z,78,0,0,0,4,14,55.92
2026-08-10,r_aMwKtTZS4,2025-06-03T00:48:20Z,42,0,0,0,1,10,41.6
2026-08-10,HGmiusWhzcM,2025-06-02T12:20:07Z,185,0,0,0,8,12,71.3
2026-08-10,jWw6qlFWawc,2025-06-02T00:49:38Z,334,0,0,0,12,13,64.46
2026-08-10,xfSLuWxTnWQ,2025-06-01T12:19:16Z,119,0,0,0,5,11,55.17999999999999
2026-08-10,UsQLO2UBPdI,2025-06-01T00:59:20Z,72,0,0,0,2,9,31.97
2026-08-10,t2V2iI_HdvY,2025-05-31T12:17:47Z,82,0,0,0,2,8,47.07
2026-08-10,Sx_pHwLn43g,2025-05-31T01:32:46Z,87,0,0,0,2,8,46.19
2026-08-10,Pp4fV1ZhBNs,2025-05-30T12:19:48Z,206,0,0,0,17,12,63.6
2026-08-10,c9gpgxcSUmw,2025-05-30T00:46:50Z,5,0,0,0,1,16,72.14
2026-08-10,RZeaNeLIj5c,2025-05-29T12:19:40Z,61,0,0,0,2,14,61.529999999999994
2026-08-10,u7KfW248d0U,2025-05-29T00:47:56Z,74,1,1,0,2,11,59.07
2026-08-10,MSXJYvEJxd4,2025-05-28T18:51:21Z,11,0,0,0,1,14,87.82
2026-08-10,4GOkf4Y8hLk,2025-05-28T12:20:24Z,44,0,0,0,1,11,46.39
2026-08-10,j6nPLmSAPhc,2025-05-28T00:47:43Z,50,0,0,0,2,17,85.08
2026-08-10,wAYHiCNZRas,2025-05-27T12:20:27Z,93,1,0,0,4,11,43.65
2026-08-10,H5d6AZyg010,2025-05-27T00:45:45Z,179,0,0,0,6,10,68.28
2026-08-10,CAaa6S7pGns,2025-05-26T12:20:12Z,118,0,0,0,4,12,48.51
2026-08-10,yOx0Zjc4MW8,2025-05-26T00:49:08Z,200,2,0,0,13,15,66.14
2026-08-10,wRcGYiRZ4Nk,2025-05-25T12:18:07Z,259,0,0,0,15,14,83.58
2026-08-10,qswT6Ib-wT0,2025-05-25T00:53:24Z,140,0,0,0,5,10,38.39
2026-08-10,TRkwxs18Mz0,2025-05-24T12:19:33Z,96,0,0,0,5,16,50.72
2026-08-10,It9_smZPUHQ,2025-05-24T00:45:36Z,127,0,0,0,5,11,51.35000000000001
2026-08-10,GN0grBkYcZM,2025-05-23T17:33:30Z,91,1,0,0,5,22,81.61
2026-08-10,mL15th4eX-Y,2025-05-23T00:46:14Z,66,0,0,0,2,12,58.72999999999999
2026-08-10,DYgVmkj41kI,2025-05-22T12:20:39Z,70,0,0,0,3,15,69.19
2026-08-10,jbeOx8GjweU,2025-05-22T00:46:51Z,29,0,0,0,0,8,43.17
2026-08-10,FrPl6vsB6eU,2025-05-21T12:19:21Z,240,0,0,0,11,12,65.75
2026-08-10,fusoLfprni4,2025-05-21T00:46:43Z,87,0,0,0,3,9,64.15
2026-08-10,ctfPWK63xTw,2025-05-20T12:21:54Z,63,0,0,0,3,16,66.71
2026-08-10,koXY8jim-jM,2025-05-20T00:47:19Z,91,0,0,0,4,12,51.99
2026-08-10,phs6XlqZhC0,2025-05-19T12:22:22Z,117,0,0,0,3,10,34.92
2026-08-10,IFyfqe1rlMk,2025-05-19T00:48:48Z,91,0,0,0,3,10,64.84
2026-08-10,dPWfCjrsoos,2025-05-18T12:19:04Z,125,1,0,0,5,10,45.11
2026-08-10,RMX1GoAmPKc,2025-05-18T00:50:22Z,88,0,0,0,4,11,60.53999999999999
2026-08-10,ZnBMPMXKo58,2025-05-17T12:19:06Z,57,0,0,0,3,19,74.53
2026-08-10,68TQHx52cCY,2025-05-17T00:44:39Z,0,0,0,0,0,0,0
2026-08-10,VvNeswdrLTI,2025-05-16T12:20:14Z,121,0,0,0,8,23,101.05999999999999
2026-08-10,Xxokvejej1E,2025-05-16T00:47:27Z,178,0,0,0,4,7,38.51
2026-08-10,2t2fxmJbGB0,2025-05-15T12:20:58Z,117,0,0,0,4,9,37.76
2026-08-10,UmC_v0_WE80,2025-05-15T00:44:49Z,53,0,0,0,2,15,78.3
2026-08-10,vlc3XNhFDPw,2025-05-14T12:20:22Z,41,0,0,0,0,15,46.97
2026-08-10,Ej7Dr-jsd-c,2025-05-14T00:46:55Z,46,0,0,0,4,20,81.46
2026-08-10,sRYLe_NG6DI,2025-05-13T12:20:11Z,65,0,0,0,3,23,113.98000000000002
2026-08-10,WkahoEceybs,2025-05-13T00:45:58Z,30,0,0,0,0,4,23.68
2026-08-10,ilM07_lXaBM,2025-05-12T12:24:14Z,94,0,0,0,4,12,78.4
2026-08-10,EecjxHYz0ps,2025-05-12T00:48:11Z,112,0,0,0,6,24,114.62
2026-08-10,7y3o1y5Tu6s,2025-05-11T12:18:04Z,264,1,0,0,11,11,65.62
2026-08-10,NjGtESoHmUc,2025-05-11T00:48:57Z,79,0,0,0,2,13,68.86
2026-08-10,zx5DM9ukBF4,2025-05-10T12:18:50Z,190,1,0,0,7,18,68.17
2026-08-10,XM-IhwOVvCI,2025-05-10T00:43:46Z,307,0,0,0,11,17,73.17
2026-08-10,8pTTszih3v4,2025-05-09T12:18:41Z,172,0,0,0,5,15,70.95
2026-08-10,eTDyTZ5JnEs,2025-05-09T00:45:59Z,37,0,0,0,0,5,27.11
2026-08-10,EuYCO8aNOPM,2025-05-08T12:19:56Z,53,0,0,0,1,9,34.96
2026-08-10,TSzeDjpjmpE,2025-05-08T00:46:54Z,67,0,1,0,3,18,66.21
2026-08-10,NcVWi1QmIKk,2025-05-07T12:25:32Z,68,0,0,0,1,12,55.33
2026-08-10,fnP_PnYebjc,2025-05-07T00:47:00Z,200,0,0,0,8,13,59.14
2026-08-10,t96sT3Qq-FU,2025-05-06T12:24:10Z,80,0,0,0,7,61,227.02
2026-08-10,nSNc4Hb3Zgc,2025-05-06T00:46:35Z,40,0,0,0,0,0,0
2026-08-10,espwjgXy838,2025-05-05T12:20:42Z,52,0,0,0,1,13,53.33
2026-08-10,LOCLJ2Sf3aA,2025-05-05T04:45:43Z,52,0,0,0,1,8,31.069999999999997
2026-08-10,hUkDHR8W8BI,2025-05-04T12:17:45Z,88,0,0,0,45,242,1349.02
2026-08-10,C1d2SYSeaG4,2025-05-04T00:51:37Z,77,1,0,0,2,7,30.44
2026-08-10,235BKRdgpFk,2025-05-03T12:19:16Z,40,0,0,0,1,14,52.89
2026-08-10,-bC8O8QlJgA,2025-05-03T00:43:53Z,225,0,0,0,7,9,43.19
2026-08-10,MDp6r2HuNI8,2025-05-02T12:18:04Z,61,0,0,0,1,19,138.57
2026-08-10,xye9xWprlN8,2025-05-02T00:45:07Z,146,0,0,0,4,9,46.77
2026-08-10,EBBJl9x16o4,2025-05-01T12:18:05Z,85,0,0,0,2,7,43.26
2026-08-10,88yWwTHRxuM,2025-05-01T00:52:04Z,64,0,0,0,2,15,45.47
2026-08-10,03pUihkjQSQ,2025-04-30T12:24:53Z,53,0,0,0,1,8,30.42
2026-08-10,gTvEHz8oUck,2025-04-30T00:44:56Z,62,1,0,0,2,12,69.42
2026-08-10,P8m2FRee-Hs,2025-04-29T12:21:40Z,44,0,0,0,3,17,64.1
2026-08-10,JfSbOr27Kk0,2025-04-29T00:45:24Z,39,0,0,0,0,5,19.24
2026-08-10,4Jr_2QZcyrw,2025-04-28T12:18:58Z,67,0,0,0,1,13,65.41
2026-08-10,Wjr65y4hM1I,2025-04-28T00:45:52Z,154,0,0,0,6,11,79.23
2026-08-10,lUFplL1LBm0,2025-04-27T14:49:02Z,36,0,0,0,0,12,54.29999999999999
2026-08-10,GgOzyu_INak,2025-04-27T00:47:33Z,53,0,0,0,3,40,201.66999999999996
2026-08-10,4MJnNsvo53w,2025-04-26T12:17:53Z,165,0,0,0,5,10,53.92
2026-08-10,4aNpi2uLm4w,2025-04-26T00:44:18Z,76,0,0,0,14,63,234.56
2026-08-10,1gKSlD9axkw,2025-04-25T12:19:43Z,78,0,0,0,3,12,39.19
2026-08-10,5g2ZJyQ--Dc,2025-04-25T00:46:17Z,68,0,0,0,2,9,36.62
2026-08-10,dUZwxBwl_mo,2025-04-24T12:20:22Z,69,0,0,0,2,12,40.26
2026-08-10,xvqqvyp6XYw,2025-04-24T00:44:52Z,71,0,0,0,2,14,54.92
2026-08-10,ofnLcJI_STU,2025-04-23T12:19:57Z,55,0,0,0,2,31,112.42000000000002
2026-08-10,0_hnbylTTBg,2025-04-23T00:45:24Z,153,1,0,0,7,10,65.23
2026-08-10,sr2V6XXheAs,2025-04-22T12:18:44Z,56,0,0,0,3,19,86.4
2026-08-10,GjDII9Fkrqk,2025-04-22T00:44:56Z,74,0,0,0,5,26,105.76
2026-08-10,FYOfw1Zz_Yw,2025-04-21T12:20:31Z,88,1,0,0,4,22,74.7
2026-08-10,ZVHhWsZAEUM,2025-04-21T00:48:25Z,71,0,0,0,3,22,92.88
2026-08-10,epOHwc8AkZw,2025-04-20T12:18:28Z,103,2,0,0,5,16,64.02
2026-08-10,LbiHcD1PyjM,2025-04-20T06:27:20Z,77,0,0,0,2,13,59.75
2026-08-10,KyiYdze_V-g,2025-04-20T00:47:33Z,69,1,0,0,1,7,36.86
2026-08-10,iP1DR_4yBDU,2025-04-19T12:17:41Z,44,0,0,0,0,8,38.67
2026-08-10,oCmJ_bk3BvM,2025-04-19T00:44:37Z,90,0,0,0,4,15,36.31
2026-08-10,dqnzyOGZ3aI,2025-04-18T12:18:52Z,89,0,0,0,5,20,67.86
2026-08-10,DzUDd9GV8v8,2025-04-18T00:44:31Z,102,0,0,0,2,7,23.8
2026-08-10,6Tbs7lNSTQU,2025-04-17T12:19:31Z,52,1,0,0,3,18,75.55
2026-08-10,0XQnsZrXjn4,2025-04-17T00:42:48Z,36,0,1,0,1,13,105.49
2026-08-10,-P85g9OoT74,2025-04-16T12:19:16Z,189,0,0,0,8,16,61.3
2026-08-10,Yt1uSAQaXz8,2025-04-16T00:45:27Z,47,0,0,0,1,7,29.43
2026-08-10,AUabED30hEw,2025-04-15T15:12:51Z,95,0,0,0,4,12,37.17
2026-08-10,c2_M9MunhjI,2025-04-15T00:47:34Z,79,0,0,0,4,16,35.79
2026-08-10,shu7C6IkoWE,2025-04-14T12:18:22Z,115,0,0,0,5,14,80.84
2026-08-10,1dvZOni6DHo,2025-04-14T00:47:55Z,53,0,0,0,3,16,70.62
2026-08-10,FD5O6wmAudE,2025-04-13T12:18:51Z,83,0,0,0,3,15,47.48
2026-08-10,DPqoAO4lVsw,2025-04-13T02:11:46Z,131,0,0,0,7,14,53.010000000000005
2026-08-10,W8WYIm7c8sE,2025-04-12T12:15:49Z,79,0,0,0,4,15,84.77
2026-08-10,whyud5rF_Xk,2025-04-12T00:44:17Z,137,0,0,0,8,17,53.49
2026-08-10,upeH7p3lYTw,2025-04-11T12:18:52Z,144,0,0,0,7,20,90.99
2026-08-10,zBSSuDCgEg4,2025-04-11T00:45:44Z,60,0,0,0,4,21,72.99
2026-08-10,Jg2B9SPLvTI,2025-04-10T12:20:39Z,45,0,0,0,1,8,21.13
2026-08-10,laUk3okt-Nk,2025-04-10T00:44:23Z,70,0,0,0,3,26,84.14
2026-08-10,_7TFxr97JVQ,2025-04-09T12:19:29Z,45,0,0,0,5,24,83.52
2026-08-10,iR2C0mR60zs,2025-04-09T00:43:22Z,3,0,0,0,0,12,54.56999999999999
2026-08-10,XVyWWogVGdU,2025-04-08T12:18:39Z,61,0,0,0,2,11,55.50000000000001
2026-08-10,YjVpTGo3Q00,2025-04-08T01:17:43Z,72,0,0,0,4,13,46.06
2026-08-10,aVVeiPPLQdE,2025-04-07T12:19:05Z,40,0,0,0,0,5,23.69
2026-08-10,jvEdORakdUc,2025-04-07T00:46:41Z,93,0,0,0,4,12,46.05
2026-08-10,HyV_GfBmgmE,2025-04-06T16:39:59Z,0,0,0,0,0,0,0
2026-08-10,RJmlh-AheTQ,2025-04-06T12:16:35Z,47,0,0,0,8,94,448.36
2026-08-10,tU3rSMeXUuw,2025-04-06T00:47:58Z,51,0,0,0,2,18,54.14
2026-08-10,0sUXYOFYnUg,2025-04-05T16:50:37Z,50,0,0,0,2,11,49.97
2026-08-10,aFvQ5cF82JE,2025-04-05T00:42:56Z,40,1,0,0,1,11,41.35
2026-08-10,A4eccA916zo,2025-04-04T12:19:08Z,55,0,0,0,2,9,30.25
2026-08-10,l3_-NCoPohk,2025-04-04T00:44:25Z,51,0,0,0,1,12,46.25
2026-08-10,3u9WuhDUNtU,2025-04-03T12:19:19Z,37,0,0,0,0,5,18.52
2026-08-10,PqY6Q-C59bQ,2025-04-03T00:42:36Z,136,0,0,0,7,14,79.14
2026-08-10,aEIVU5PDM_Y,2025-04-02T12:19:24Z,72,0,0,0,2,9,35.62
2026-08-10,O9Dvzofzg4A,2025-04-02T00:45:42Z,177,1,0,0,5,11,30.79
2026-08-10,5fRSI_n5JIw,2025-04-01T12:20:46Z,0,0,0,0,0,0,0
2026-08-10,es5FZakBJhA,2025-04-01T00:50:23Z,77,0,0,0,2,8,29.65
2026-08-10,SHgrwzAXJ18,2025-03-31T14:37:48Z,190,0,0,0,9,11,48.85
2026-08-10,wWFiiMJS3aU,2025-03-31T00:45:30Z,33,1,0,0,6,12,75.88
2026-08-10,obRxtdwnJ4E,2025-03-30T12:18:17Z,39,1,0,0,3,9,37.6
2026-08-10,YNErPIYQaiQ,2025-03-30T00:47:15Z,34,0,0,0,4,10,44.34
2026-08-10,W3TZDvxUtd4,2025-03-29T12:17:47Z,12,0,0,0,3,18,52.57000000000001
2026-08-10,Zvspd5LwwKM,2025-03-29T00:43:48Z,7,0,0,0,1,13,37.83
2026-08-10,c1a4TlA0NLg,2025-03-28T12:17:12Z,5,0,0,0,0,8,61.84
2026-08-10,l34VAYFZkZI,2025-03-28T00:42:03Z,19,1,0,0,14,48,300.99
2026-08-10,N3Xhdj3gjF8,2025-03-27T12:21:00Z,19,1,0,0,3,12,56.779999999999994
2026-08-10,EDJVbBzyH88,2025-03-27T00:44:23Z,9,0,0,0,1,13,36.43
2026-08-10,mPXaXEg1RNI,2025-03-26T12:19:23Z,18,0,0,0,2,12,38.96
2026-08-10,O8SgQs2gb5s,2025-03-26T00:43:10Z,18,0,0,0,4,20,87.14
2026-08-10,D9XjF9gEgxw,2025-03-25T12:17:49Z,18,1,0,0,3,12,74.99
2026-08-10,QdKqBGyFeoI,2025-03-25T00:44:34Z,41,0,0,0,9,17,65.26
2026-08-10,Q1Mik5ASShA,2025-03-24T12:19:28Z,5,0,0,0,1,13,54.89000000000001
2026-08-10,tYB89tYADjM,2025-03-24T02:13:38Z,20,0,0,0,2,8,32.69
2026-08-10,pHF0EHiEsNg,2025-03-24T02:05:55Z,0,0,0,0,0,0,0
2026-08-10,eRClnS1LCCs,2025-03-23T01:56:16Z,14,0,0,0,2,15,71.72
2026-08-10,Ae6nHDU2LJw,2025-03-22T01:47:52Z,18,0,0,0,2,9,38.59
2026-08-10,wtfz55vyKnM,2025-03-21T01:53:13Z,5,0,0,0,1,16,50.55
2026-08-10,o6BlyEGFy3g,2025-03-20T01:49:15Z,2,0,0,0,0,21,84.44
2026-08-10,QjyB8oU6W28,2025-03-19T01:49:08Z,26,0,0,0,27,65,437
2026-08-10,ELm9sCQzEqY,2025-03-18T01:49:29Z,85,5,0,0,23,17,92.63
2026-08-10,vA_wqVo8ybM,2025-03-17T01:53:20Z,20,0,0,0,5,16,58.07
2026-08-10,kpP9o40QSCE,2025-03-16T15:06:00Z,21,2,0,0,4,13,45.09
2026-08-10,xuI7r8KmQC4,2025-03-15T01:46:33Z,11,0,0,0,1,9,46.8
2026-08-10,tJhCCUKC0b0,2025-03-14T01:47:07Z,11,2,0,0,1,9,45.99
2026-08-10,qBEWNVNlghs,2025-03-13T01:51:02Z,14,0,0,0,3,15,44.32
2026-08-10,4SVv53Ae1KE,2025-03-12T01:48:34Z,8,0,0,0,2,17,56.36
2026-08-10,e0cu6XoXXfY,2025-03-11T01:48:35Z,13,0,0,0,1,9,43.37
2026-08-10,WKwqH0_m7Zo,2025-03-10T17:25:22Z,16,0,0,0,2,13,44.15
2026-08-10,xf9viwThsqg,2025-03-10T01:26:07Z,1,0,0,0,0,0,0
2026-08-10,YbFbt3l-xJc,2025-03-09T01:28:22Z,0,0,0,0,0,0,0
2026-08-10,FxkfLtwKcNE,2025-03-08T20:05:09Z,3,2,0,0,0,24,202.03000000000003
2026-08-10,nLl8OoD-iCM,2025-03-08T19:58:02Z,0,0,0,0,0,0,0
2026-08-10,R0QpJvYe3ws,2025-03-08T19:35:07Z,2,1,0,0,0,18,156.44
2026-08-10,QVX-jvxkoLk,2025-03-08T19:19:02Z,0,0,0,0,0,0,0
2026-08-10,4bCG6ewJmNM,2025-03-08T17:07:15Z,2,1,0,0,0,23,65.72
2026-08-10,HJrfyL_-TXg,2025-03-08T16:51:39Z,1,0,0,0,1,76,218.67999999999998
2026-08-10,h3dcmdIDRM4,2025-03-08T01:21:07Z,0,0,0,0,0,0,0
2026-08-10,fZUa99cHfg0,2025-03-07T18:57:40Z,3,0,0,0,0,7,29.39
2026-08-10,ZV_88UU4x5o,2025-03-06T01:46:56Z,0,0,0,0,0,0,0
2026-08-10,AfhxAw2OO7Q,2025-03-05T01:48:35Z,3,0,0,0,0,8,26.85
2026-08-10,gxpql54tZ1E,2025-03-04T01:48:48Z,0,0,0,0,0,0,0
2026-08-10,QefM0oQMg3I,2025-03-03T01:49:53Z,3,0,0,0,0,12,47.04
2026-08-10,xtMA94JSxz0,2025-03-02T01:51:49Z,0,0,0,0,0,0,0
2026-08-10,yl-gQb5ghw0,2025-03-01T01:54:05Z,3,0,0,0,0,38,98.46
2026-08-10,XG0sXawBMFg,2025-02-28T01:47:51Z,1,0,0,0,0,0,0
2026-08-10,quGd2PQgO5Q,2025-02-27T16:56:20Z,0,0,0,0,0,0,0
2026-08-10,Z-xAjlSj9e4,2025-02-26T01:45:58Z,2,1,0,0,0,29,115.35
2026-08-10,sPxxvTx-T2A,2025-02-25T01:47:16Z,1,1,0,0,0,32,105.15999999999998
2026-08-10,8Ll9pxYdKcs,2025-02-24T01:48:07Z,2,0,0,0,0,11,44.07
2026-08-10,sFi-7B8vS-0,2025-02-23T01:50:09Z,3,0,0,0,0,0,0
2026-08-10,xN95DMjGp0U,2025-02-22T01:41:15Z,2,0,0,0,0,39,162.6
2026-08-10,ZK9LzMSYw-Q,2025-02-21T01:44:57Z,4,0,0,0,0,19,71.48
2026-08-10,zogEMDmfX3c,2025-02-20T01:45:19Z,0,0,0,0,0,0,0
2026-08-10,7_1OlSt7XpU,2025-02-19T03:06:18Z,1,1,0,0,0,27,104.97000000000001
2026-08-10,X6EakGRwYn8,2025-02-18T01:42:59Z,1,0,0,0,0,2,13.18
2026-08-10,rzpvm64KO8o,2025-02-17T01:46:34Z,2,0,0,0,0,0,0
2026-08-10,kNabXfqCMDs,2025-02-16T01:50:44Z,2,0,0,0,0,23,78.33
2026-08-10,V6RSbR44l84,2025-02-15T01:41:33Z,0,0,0,0,0,0,0
2026-08-10,8qctDdJ2VkY,2025-02-14T01:44:57Z,4,0,0,0,0,0,0
2026-08-10,21PzViV1IWM,2025-02-13T01:44:49Z,1,0,0,0,0,34,107.61
2026-08-10,eevzllGqXfg,2025-02-12T01:43:02Z,3,1,0,0,0,22,102.63
2026-08-10,T6VpJaGx-A0,2025-02-11T05:51:11Z,5,0,0,0,1,35,127.38000000000001
2026-08-10,ovy8uhzNckE,2025-02-10T01:45:11Z,0,0,0,0,0,0,0
2026-08-10,YwhqUzLuRMQ,2025-02-09T01:48:20Z,2,0,0,0,0,23,77.82
2026-08-10,CEJDCWfXUZI,2025-02-08T01:39:39Z,5,1,0,0,0,8,42.2
2026-08-10,-bMBiVm0myo,2025-02-07T20:23:53Z,1,0,0,0,0,18,96.64
2026-08-10,WsgDaaSrk3U,2025-02-07T01:44:07Z,1,1,0,0,0,34,111.48
2026-08-10,KCMfOKwANH4,2025-02-06T01:44:49Z,18,6,0,1,4,15,60.27
2026-08-10,Lat74n78zMs,2025-02-05T01:43:04Z,0,0,0,0,0,0,0
2026-08-10,XuCNkec8SX4,2025-02-04T16:34:05Z,19,0,0,0,3,15,81.07
2026-08-10,xQ6CrXPJM5k,2025-02-03T23:26:48Z,2,0,0,0,0,13,51.06
2026-08-10,CdEcz1EAAOg,2025-02-03T23:18:09Z,1,0,0,0,0,22,92.58
2026-08-10,mRiHLfwksz4,2025-02-02T01:46:41Z,2,1,0,0,0,35,99.99
2026-08-10,2qfxXpvdrfk,2025-02-01T01:45:34Z,13,1,0,0,1,16,86.26
2026-08-10,LoWEWRS8uGQ,2025-01-31T01:41:37Z,2,1,0,0,0,24,106.61
2026-08-10,PaaDR3GUNxs,2025-01-30T01:39:17Z,3,1,0,0,0,17,101.64999999999999
2026-08-10,V5c-0tFaJXQ,2025-01-29T01:41:39Z,15,1,0,0,2,15,56.43
2026-08-10,ArOTPV66jAs,2025-01-28T01:40:23Z,2,1,0,0,0,18,95.74
2026-08-10,W6lSWIUXEvk,2025-01-27T01:45:14Z,2,1,0,0,1,71,205.42
2026-08-10,X3voezK8ckw,2025-01-26T23:28:59Z,0,0,0,0,0,0,0
2026-08-10,eRXthPAIScE,2025-01-26T23:19:24Z,1,0,0,0,0,9,70.92
2026-08-10,P8lXctHCMgw,2025-01-25T01:30:54Z,1,0,0,0,0,5,23.58
2026-08-10,Ss39SHWOyfI,2025-01-24T19:08:25Z,0,0,0,0,0,0,0
2026-08-10,mmUNb228ljY,2025-01-22T01:44:25Z,5,0,0,0,1,22,68.39
2026-08-10,zM98d8n98hQ,2025-01-21T01:42:10Z,7,0,0,0,2,23,71.92
2026-08-10,WgdXHLit4_E,2025-01-20T01:44:16Z,2,0,0,0,0,24,68.72
2026-08-10,mcLeYiPBWWE,2025-01-19T01:47:13Z,0,0,0,0,0,0,0
2026-08-10,KghSUgPGjzU,2025-01-18T20:13:50Z,9,2,0,0,2,16,63.2
2026-08-10,hihRQIoVgiI,2025-01-18T20:04:27Z,0,0,0,0,0,0,0
2026-08-10,cZIPJo_zzTs,2025-01-18T18:17:46Z,3,0,0,0,0,10,40.05
2026-08-10,VvjWCkEjBLY,2025-01-18T18:04:26Z,1,0,0,0,0,27,107.07
2026-08-17,fqMnacfREx0,2026-08-17T01:59:30Z,0,0,0,0,0,0,0
2026-08-17,Zk4YLU2mjzs,2026-08-16T13:06:31Z,0,0,0,0,0,0,0
2026-08-17,xWI2gRakS1w,2026-08-16T02:03:08Z,0,0,0,0,0,0,0
2026-08-17,RuxqEuMRGf4,2026-08-15T13:04:28Z,0,0,0,0,0,0,0
2026-08-17,v15uIuWOhvI,2026-08-15T01:56:49Z,121,2,1,0,23,22,69.78
2026-08-17,18DG2whKv3c,2026-08-14T13:50:13Z,599,8,0,0,55,9,61.78
2026-08-17,g445vjUskQo,2026-08-14T03:05:11Z,235,2,0,0,32,17,68.13
2026-08-17,0IvZDdrOZV4,2026-08-13T13:56:01Z,97,2,0,0,9,14,52.93
2026-08-17,htwHq6cbTMk,2026-08-13T03:05:36Z,394,5,1,0,30,10,50.12
2026-08-17,R_fvKDdL6ts,2026-08-12T13:54:01Z,65,0,0,0,3,7,45.03
2026-08-17,ahmkqgE4bd8,2026-08-12T02:51:51Z,391,1,1,0,28,9,46.81
2026-08-17,qEctJSDifEs,2026-08-11T13:49:02Z,279,3,0,0,19,9,75.43
2026-08-17,sz0PdT4Quyw,2026-08-11T02:34:47Z,141,0,0,0,18,15,56.89999999999999
2026-08-17,KbxSVcnPpZ8,2026-08-10T13:51:31Z,88,0,0,0,5,8,43.76
2026-08-17,HZ5Z3fnC9Tw,2026-08-10T02:40:11Z,257,0,0,0,22,10,59.93999999999999
2026-08-17,zPcnc3Nbgjo,2026-08-09T13:21:50Z,72,0,0,0,5,9,42.97
2026-08-17,_h7eMMcq124,2026-08-09T02:34:52Z,259,2,0,0,14,9,49.19
2026-08-17,P9GVYWCuXpo,2026-08-08T13:17:40Z,751,6,0,0,211,40,225.99
2026-08-17,rB64aQ89uIc,2026-08-08T02:27:30Z,329,0,0,0,24,11,52.42
2026-08-17,Y98POqLRLso,2026-08-07T13:45:23Z,113,0,0,0,5,8,40.81
2026-08-17,usksACi3kI0,2026-08-07T03:22:16Z,198,0,0,0,8,6,37.75
2026-08-17,JebpqOV1pIs,2026-08-06T14:42:14Z,101,0,0,0,7,10,40.82
2026-08-17,hrXWJiUtirI,2026-08-06T03:47:48Z,1,0,0,0,0,1,5.21
2026-08-17,3upFaT_RGb0,2026-08-05T14:40:22Z,166,0,1,0,8,7,46.67
2026-08-17,bDugWnzTrJc,2026-08-05T03:41:28Z,191,0,0,0,10,9,53.900000000000006
2026-08-17,8ov7-R0BlrU,2026-08-04T14:46:14Z,708,11,7,1,125,19,99.95
2026-08-17,VIciovZtCdc,2026-08-04T03:46:20Z,37,0,0,0,3,18,72.07
2026-08-17,C-KDoVxcC6E,2026-08-03T15:23:33Z,64,0,0,0,3,9,50.14999999999999
2026-08-17,xkm_3gOgLYY,2026-08-03T04:03:47Z,266,0,0,0,16,9,36.3
2026-08-17,TPW1hWGeuCA,2026-08-02T14:03:57Z,296,0,0,0,14,8,46.73
2026-08-17,oPLnn3gb4Oc,2026-08-02T04:00:02Z,836,5,0,0,57,8,63.7
2026-08-17,mQEqp9Dxa5g,2026-08-01T14:03:30Z,167,0,0,0,9,8,26.36
2026-08-17,u3BYM-0RABA,2026-08-01T03:57:27Z,197,0,0,0,11,9,49.01
2026-08-17,em41mGEv0Qg,2026-07-31T14:43:42Z,51,0,0,0,2,7,34.85
2026-08-17,I5GBaaCvUiw,2026-07-31T03:57:38Z,64,0,0,0,2,7,29.330000000000002
2026-08-17,2ncWfRH3Emc,2026-07-30T14:38:38Z,15,0,0,0,0,8,59.13
2026-08-17,vkhtlya4qXM,2026-07-30T03:37:33Z,231,5,0,0,11,10,42.71
2026-08-17,-fYxSUwVrgk,2026-07-29T14:36:34Z,64,0,0,0,2,4,35.61
2026-08-17,u4wHuIOz7Qc,2026-07-29T03:47:14Z,32,0,0,0,2,12,74.88
2026-08-17,fHajxNlHty8,2026-07-28T14:46:27Z,125,0,0,0,8,9,46.44
2026-08-17,X3LMPfyttE4,2026-07-28T03:43:57Z,415,0,0,0,34,7,43.98
2026-08-17,TNSZ-pGlZa8,2026-07-27T15:20:25Z,132,0,0,0,8,9,59.32999999999999
2026-08-17,VDH3pSafyE0,2026-07-27T04:10:19Z,0,0,0,0,0,0,0
2026-08-17,LdJdsu09-rI,2026-07-26T14:04:59Z,57,1,0,0,3,10,38.58
2026-08-17,Gc7kRCXGyRI,2026-07-26T04:03:23Z,267,1,0,1,21,11,47.97
2026-08-17,fwFDh05XuFg,2026-07-25T14:09:22Z,160,3,0,0,9,9,39.07
2026-08-17,MVY7DpO8COU,2026-07-24T13:13:08Z,211,2,0,0,17,9,61.14000000000001
2026-08-17,jNo2UcuZHFY,2026-07-24T01:21:57Z,70,2,0,0,5,11,74.57
2026-08-17,oo1YCKBqTQ4,2026-07-23T13:19:34Z,28,0,0,0,2,10,66.7
2026-08-17,FmVS87wYWu8,2026-07-23T01:25:47Z,45,0,0,0,3,7,42.47
2026-08-17,21k3HatOeII,2026-07-22T13:16:25Z,71,0,0,0,2,8,55.27000000000001
2026-08-17,Tti7RzkcUoA,2026-07-22T01:18:14Z,318,2,0,0,24,9,61.8
2026-08-17,8YZVI-fcKDU,2026-07-21T13:11:45Z,42,0,0,0,3,9,36.31
2026-08-17,_JNq0AyEnIY,2026-07-21T01:19:41Z,324,3,0,0,21,8,45.53
2026-08-17,rgiHxOEvqoU,2026-07-20T13:46:52Z,671,9,3,0,70,11,54.09
2026-08-17,rDEBC9ESVAQ,2026-07-20T04:07:41Z,57,1,0,0,3,8,36.66
2026-08-17,zUDgKKXJBgM,2026-07-20T01:23:48Z,52,1,0,0,6,14,65.07
2026-08-17,ayziXl17m0c,2026-07-19T12:47:15Z,94,0,0,0,12,16,66.51
2026-08-17,ZBzGoyJUCx0,2026-07-19T01:20:36Z,923,6,0,0,79,11,57.10999999999999
2026-08-17,n6qM8iR6ims,2026-07-18T21:13:57Z,210,1,0,0,17,10,54.05
2026-08-17,jDnK5ylnhjQ,2026-07-18T21:09:06Z,0,0,0,0,0,0,0
2026-08-17,WWb1AoRuH7g,2026-07-18T18:16:22Z,43,0,0,0,1,8,45.08
2026-08-17,2cZjkK3o1IA,2026-07-16T13:14:47Z,15,0,0,0,0,5,18.9
2026-08-17,eEEdtpL4cyw,2026-07-16T01:20:26Z,35,0,0,0,1,8,31.91
2026-08-17,qvNzVCzWebk,2026-07-15T13:06:06Z,0,0,0,0,0,0,0
2026-08-17,ZBqPVauue_g,2026-07-15T01:11:22Z,1,0,0,0,0,0,0
2026-08-17,5_21Ne0q-Fs,2026-07-14T13:02:31Z,3,0,0,0,0,0,0
2026-08-17,mObNAez-IlQ,2026-07-14T01:13:27Z,0,0,0,0,0,0,0
2026-08-17,QkgCWIwxD3E,2026-07-13T13:56:47Z,0,0,0,0,0,0,0
2026-08-17,Rydumn0lE94,2026-07-13T01:24:34Z,1,0,0,0,0,0,0
2026-08-17,l9AqGu1uTUQ,2026-07-12T12:49:18Z,0,0,0,0,0,0,0
2026-08-17,DDcvqQy8RnE,2026-07-12T01:22:24Z,20,0,0,0,0,6,32.38
2026-08-17,UsOMmaGyYss,2026-07-11T12:47:47Z,0,0,0,0,0,0,0
2026-08-17,TmbiTORWNpI,2026-07-11T01:20:34Z,4,0,0,0,0,15,83.59
2026-08-17,Wh1uSphGS-g,2026-07-10T13:53:03Z,2,0,0,0,0,0,0
2026-08-17,a1O87cs5n1E,2026-07-10T01:26:39Z,24,0,0,0,2,28,204.97
2026-08-17,1ypGKtEuTV0,2026-07-09T14:27:26Z,42,0,0,0,2,12,36.59
2026-08-17,4TSVJGnrMOU,2026-07-09T01:31:13Z,28,0,0,0,1,9,30.130000000000003
2026-08-17,5w14vR6XgGY,2026-07-08T13:24:59Z,31,0,0,0,1,9,40.91
2026-08-17,o7altf6Nuu0,2026-07-08T01:22:41Z,46,0,0,0,1,8,33.25
2026-08-17,aQfDx8zU8lg,2026-07-07T14:03:13Z,36,0,0,0,1,13,64.78
2026-08-17,K0jUxVx52eA,2026-07-07T01:50:04Z,61,0,0,0,3,14,52.77
2026-08-17,uyAcGze4n-8,2026-07-06T14:52:48Z,36,0,0,0,1,8,42.72
2026-08-17,PiM5eyfzzN4,2026-07-06T01:53:42Z,51,0,0,0,1,15,53.56000000000001
2026-08-17,ZKm3JhPECqY,2026-07-05T13:02:55Z,53,0,0,0,1,5,45.76
2026-08-17,lmTMeDUGDcA,2026-07-05T01:46:55Z,31,0,0,0,0,0,1.92
2026-08-17,PyVjO_ly0X4,2026-07-04T12:56:17Z,75,1,0,0,2,9,41.9
2026-08-17,q8qmHdsO2tE,2026-07-04T01:30:33Z,40,0,0,0,1,14,43.8
2026-08-17,2e7Kv0ygByk,2026-07-03T13:30:36Z,58,0,0,0,2,11,55.95
2026-08-17,m7B-a0gAE-w,2026-07-03T01:31:20Z,84,0,0,0,4,16,64.59
2026-08-17,Ew0DhFnRphc,2026-07-02T13:27:43Z,76,0,0,0,1,7,26.5
2026-08-17,COv968CDkps,2026-07-02T02:00:41Z,28,0,0,0,0,9,41.35
2026-08-17,XN8m2g_KtSU,2026-07-01T14:03:24Z,9,0,0,0,0,0,0
2026-08-17,VLtrJCd8z2U,2026-07-01T02:07:26Z,27,0,0,0,0,18,80.87
2026-08-17,y10BJK79lS0,2026-06-30T13:52:00Z,47,0,0,0,2,50,219.92
2026-08-17,t0RB-eM8FE0,2026-06-30T02:02:00Z,74,0,0,0,5,53,215
2026-08-17,Uy6Am6bGpHo,2026-06-29T15:26:01Z,75,0,0,0,1,11,58.68
2026-08-17,aLBldXz93uI,2026-06-29T02:07:15Z,36,0,0,0,0,0,0
2026-08-17,7tyZTlgVMSE,2026-06-28T13:11:17Z,54,1,0,0,1,12,47.88
2026-08-17,WPGLuU5qiZ4,2026-06-28T02:06:54Z,44,0,0,0,1,31,130.83
2026-08-17,Ow2ZB_F-Mhs,2026-06-27T13:05:26Z,26,0,0,0,0,0,0
2026-08-17,KUsMC7ES9V4,2026-06-27T01:56:51Z,47,0,0,0,1,12,44.14
2026-08-17,UzDEeT_P2BM,2026-06-26T13:57:43Z,30,0,0,0,0,11,42.16
2026-08-17,PHwXbGtrJ9w,2026-06-26T02:03:33Z,115,0,0,0,5,15,55.2
2026-08-17,TfSGBtZyZtw,2026-06-25T13:59:36Z,1,0,0,0,0,0,0
2026-08-17,uLwi4BDdcOY,2026-06-25T02:01:41Z,17,0,0,0,1,15,60.13
2026-08-17,k-oVHVz0yLQ,2026-06-24T14:01:26Z,22,0,0,0,1,10,57.02
2026-08-17,2-VYQaD0K5w,2026-06-24T01:57:02Z,0,0,0,0,0,0,0
2026-08-17,b3fM56tOEZ8,2026-06-23T14:16:14Z,5,0,0,0,0,0,0
2026-08-17,TnIK09MnzMk,2026-06-23T01:58:15Z,26,0,0,0,1,11,58.709999999999994
2026-08-17,7wOS6HW3iJ0,2026-06-22T16:23:58Z,51,0,0,0,1,10,65.99
2026-08-17,THoUiYynamI,2026-06-22T02:51:05Z,40,0,0,0,1,16,76.83
2026-08-17,-1CXUMdWWWc,2026-06-20T13:22:38Z,38,1,0,0,1,10,48.71
2026-08-17,9IYU_ID1nvc,2026-06-20T02:04:39Z,48,0,0,0,1,11,61.04999999999999
2026-08-17,6rQrwPWhAZk,2026-06-19T14:37:42Z,15,0,0,0,1,21,127.69
2026-08-17,AwS-N3wGtIY,2026-06-19T02:43:46Z,45,0,0,0,1,12,39.12
2026-08-17,aep0ZaK_uuE,2026-06-18T14:42:11Z,41,0,0,0,2,15,59.20000000000001
2026-08-17,1XviKdnqqxQ,2026-06-18T02:15:40Z,25,0,0,0,1,10,37.72
2026-08-17,RKpXQF2Cvac,2026-06-17T14:48:19Z,17,0,0,0,1,10,37.74
2026-08-17,PoBImeODvcM,2026-06-17T02:17:14Z,21,0,0,0,0,18,80.5
2026-08-17,58Ln6cOHzWQ,2026-06-16T16:21:13Z,17,0,0,0,0,10,34.64
2026-08-17,IRfpl8J1tyg,2026-06-16T02:32:11Z,0,0,0,0,0,0,0
2026-08-17,OSAxctK1YeQ,2026-06-15T16:51:19Z,16,0,0,0,0,28,143
2026-08-17,WMtdvIuqN78,2026-06-15T02:19:02Z,4,0,0,0,0,26,96.7
2026-08-17,Z_hZZdpQsCU,2026-06-14T13:25:32Z,16,0,0,0,0,7,37.3
2026-08-17,hvtBrQnNDTc,2026-06-14T02:14:04Z,3,0,0,0,0,0,0
2026-08-17,QEvCOl6UYB4,2026-06-13T13:20:43Z,23,0,0,0,1,11,49.24
2026-08-17,TNWEvgtxnws,2026-06-13T02:04:01Z,42,0,0,0,1,13,57.09000000000001
2026-08-17,O3nuyJrtDbI,2026-06-12T14:33:48Z,15,0,0,0,1,16,54.25
2026-08-17,FamOoF1b858,2026-06-12T02:10:07Z,54,0,0,0,2,11,62.46000000000001
2026-08-17,9HUpoJQxuTQ,2026-06-11T15:30:02Z,103,1,1,0,12,24,87.58
2026-08-17,Pa5-pkP2oLo,2026-06-11T02:15:02Z,2,0,0,0,0,22,95.87
2026-08-17,2vuAyeMlSZc,2026-06-10T14:48:29Z,17,0,0,0,0,15,56.86
2026-08-17,EfSnigy5qWs,2026-06-10T02:03:57Z,15,0,0,0,0,6,24.56
2026-08-17,CA54_6wBYU4,2026-06-09T14:17:03Z,8,0,0,0,0,4,18.68
2026-08-17,4F9n4ASSoyo,2026-06-09T01:54:09Z,8,0,0,0,0,37,113.64000000000001
2026-08-17,-nvuU_y_8_E,2026-06-08T15:50:06Z,16,0,0,0,1,15,48.89
2026-08-17,cQ-oMf-_1QQ,2026-06-04T14:29:35Z,2,0,0,0,0,24,104.68000000000002
2026-08-17,rr6nzN5oJ2c,2026-06-04T02:29:58Z,17,0,0,0,0,10,40.06
2026-08-17,QRM6UUMHLmI,2026-06-03T16:12:16Z,50,1,0,0,2,15,69.05
2026-08-17,dJxm8EmuEWA,2026-06-03T02:31:24Z,34,0,0,0,0,10,60.64000000000001
2026-08-17,_3Tyz7MMKfs,2026-06-02T15:54:12Z,1,0,0,0,0,0,0
2026-08-17,cdBTZtGTRLc,2026-06-02T02:14:16Z,79,0,0,0,3,15,62.96000000000001
2026-08-17,aB8JK_oSzsg,2026-06-01T17:12:39Z,20,0,0,0,0,4,18.33
2026-08-17,_CQ21b00USk,2026-06-01T02:13:33Z,37,0,0,0,1,11,49.46
2026-08-17,z0RgE3ICznk,2026-05-31T13:10:15Z,102,0,0,0,1,4,18.85
2026-08-17,zScHM9PLz8I,2026-05-31T02:06:20Z,36,0,0,0,0,8,26.82
2026-08-17,k5zn4acPpUI,2026-05-30T12:59:58Z,30,0,0,0,1,16,73.23
2026-08-17,_-68Vupc72E,2026-05-30T01:53:35Z,38,0,0,0,1,12,45.54
2026-08-17,IEzcuLqB4Hk,2026-05-29T14:35:28Z,38,0,0,0,0,6,27.82
2026-08-17,nE-fK666H-k,2026-05-29T02:09:20Z,32,0,0,0,1,21,73.89
2026-08-17,SQWL2XXURlQ,2026-05-27T14:50:57Z,35,0,0,0,0,8,34.17
2026-08-17,NECLIdtBb8Y,2026-05-27T02:04:03Z,9,0,0,0,0,16,75.76
2026-08-17,Jx5vFFIw3aQ,2026-05-26T14:32:39Z,29,0,0,0,0,13,68.51
2026-08-17,N1Kx1hncTtk,2026-05-26T01:55:43Z,36,0,0,0,2,16,82.01
2026-08-17,O7nWBuiKCMA,2026-05-25T14:30:01Z,46,0,0,0,1,11,51.61
2026-08-17,YOXFrbyZE18,2026-05-25T02:06:02Z,60,0,0,0,2,12,34.88
2026-08-17,5bTXHxmRRrI,2026-05-24T12:56:25Z,38,0,0,0,1,6,32.98
2026-08-17,R5rNaCViup0,2026-05-24T01:58:12Z,11,0,0,0,0,15,60.38
2026-08-17,5hbmKcjQBKo,2026-05-23T12:55:21Z,39,0,0,0,1,8,48.15
2026-08-17,d7lMOez3lo0,2026-05-23T01:51:29Z,43,0,0,0,2,13,56.58
2026-08-17,rDP66Dc87y0,2026-05-22T14:11:36Z,48,0,0,0,1,8,42.23
2026-08-17,eNtTaxr27X4,2026-05-22T02:01:52Z,2,0,0,0,0,0,0
2026-08-17,6oJofI4mv7Y,2026-05-21T14:38:00Z,39,0,0,0,1,14,71.73
2026-08-17,Divf9JOY8NI,2026-05-21T01:59:19Z,9,0,0,0,0,5,18.67
2026-08-17,NuMUIm_H2yE,2026-05-20T02:00:21Z,7,0,0,0,0,4,17.5
2026-08-17,aqtLfLz69JQ,2026-05-19T14:31:09Z,12,0,0,0,1,13,44.91
2026-08-17,zl2E9fzMFIM,2026-05-19T01:59:36Z,37,0,0,0,1,11,59.01
2026-08-17,9zytdpS8BGY,2026-05-18T14:51:14Z,38,0,0,0,2,14,67.55
2026-08-17,xxmD4auX9u8,2026-05-18T01:59:58Z,29,0,0,0,0,10,43.17
2026-08-17,pEOupFWnI18,2026-05-17T12:50:45Z,22,0,0,0,1,13,59.67
2026-08-17,zZgNLXkpCzk,2026-05-17T01:52:36Z,43,0,0,0,0,8,24.36
2026-08-17,_F2w2zepTzY,2026-05-16T12:55:42Z,35,0,0,0,4,21,74.08
2026-08-17,p8TVoKVG2Hg,2026-05-16T01:34:56Z,38,0,0,0,1,10,34.09
2026-08-17,vjf6FlxFNPU,2026-05-15T13:23:55Z,30,0,0,0,0,13,83.34
2026-08-17,vClAbUxtC9k,2026-05-15T01:55:20Z,52,0,0,0,2,11,37.89
2026-08-17,IfcStfSD-xE,2026-05-14T13:25:35Z,5,0,0,0,0,12,63.16
2026-08-17,kC771l-ZIMs,2026-05-14T01:56:23Z,45,0,0,0,2,24,96.23
2026-08-17,JAj8Z0JF9bw,2026-05-13T01:53:55Z,35,0,0,0,1,19,68.1
2026-08-17,QNAMVsSV9fU,2026-05-12T13:33:14Z,20,0,0,0,0,8,52.019999999999996
2026-08-17,CujpPVcgKf8,2026-05-12T01:47:48Z,42,0,0,0,1,11,53.36
2026-08-17,n8PhjWs1VC4,2026-05-11T14:19:53Z,38,0,0,0,0,6,24.33
2026-08-17,U2N9JcGK0tw,2026-05-11T01:51:46Z,13,0,0,0,0,9,67.64
2026-08-17,kkq2lla3Ijk,2026-05-10T12:48:46Z,80,0,0,0,2,8,50.61
2026-08-17,hG-FHHrwj8k,2026-05-10T01:45:58Z,48,0,0,0,0,7,32.04
2026-08-17,rkZQY4ctBzs,2026-05-09T12:48:40Z,35,0,0,0,0,6,33.75
2026-08-17,cWvDojw7QAw,2026-05-09T01:32:30Z,6,0,0,0,0,0,0
2026-08-17,cb00sZJAhfY,2026-05-08T13:05:32Z,0,0,0,0,0,0,0
2026-08-17,ineAlKZZgT8,2026-05-08T01:49:27Z,9,0,0,0,0,0,0
2026-08-17,vLqETKLW6OM,2026-05-07T13:26:03Z,39,0,0,0,1,9,39.73
2026-08-17,Yi9VlhJH_CY,2026-05-07T01:33:00Z,25,0,0,0,0,9,35.33
2026-08-17,WoXydzDKD1s,2026-05-06T13:26:40Z,39,0,0,0,0,5,23.52
2026-08-17,cLCvISVXvCA,2026-05-06T02:37:34Z,0,0,0,0,0,0,0
2026-08-17,oMlnEP5n5xw,2026-05-05T01:30:04Z,20,0,0,0,0,14,50.63999999999999
2026-08-17,atW-HBIAlxQ,2026-05-04T13:19:03Z,24,0,0,0,0,9,52.54
2026-08-17,Mf8NfWdVVds,2026-05-04T01:29:13Z,354,0,0,0,7,11,62.24000000000001
2026-08-17,O-6GZJkof9Q,2026-05-03T12:42:39Z,45,0,0,0,1,9,36.55
2026-08-17,vzE-eDX_rBc,2026-05-03T01:30:33Z,36,0,0,0,0,11,45.72
2026-08-17,Q0DFFs6cgTA,2026-05-02T12:43:32Z,32,0,0,0,1,14,55.81
2026-08-17,bAXO4HlnAA4,2026-05-02T01:26:27Z,31,0,0,0,0,15,85.5
2026-08-17,bR-d2N5QaNs,2026-05-01T12:51:37Z,65,0,0,0,1,9,44.21
2026-08-17,E0MprQIfkkA,2026-05-01T01:49:52Z,178,0,0,0,4,9,35.38
2026-08-17,TtKVgo-PB9Q,2026-04-30T13:18:02Z,59,0,0,0,1,10,40.19
2026-08-17,7LuNcXo11nU,2026-04-30T01:34:45Z,40,0,0,0,1,11,37.57
2026-08-17,t5Qmur-4n3M,2026-04-29T13:19:22Z,35,0,0,0,1,20,77.36
2026-08-17,eM7d4r-pfW8,2026-04-29T01:49:26Z,78,0,0,0,2,9,28.63
2026-08-17,4EaCBpZRPMo,2026-04-28T13:27:12Z,23,0,0,0,0,12,58.489999999999995
2026-08-17,ql5yIIiP79M,2026-04-28T04:50:56Z,47,0,0,0,1,15,68.48
2026-08-17,mSifBN2lxHw,2026-04-26T12:38:05Z,45,0,0,0,1,7,42.99
2026-08-17,IJMaVrHNfyc,2026-04-26T01:24:19Z,48,0,0,0,1,9,42.91
2026-08-17,oYJhnmW0AaI,2026-04-25T12:37:39Z,29,0,0,0,0,0,0
2026-08-17,Tu6dvaFUK70,2026-04-25T01:16:39Z,39,0,0,0,0,16,56.39999999999999
2026-08-17,gZSr5qx8oeg,2026-04-24T12:55:48Z,28,0,0,0,0,7,32.61
2026-08-17,i0iIsb9n9VM,2026-04-24T01:22:16Z,28,0,0,0,0,17,85.34
2026-08-17,pdpS-_jLTVE,2026-04-23T12:57:27Z,38,0,0,0,1,23,95.02
2026-08-17,JksOCivT2Bc,2026-04-23T01:23:23Z,36,0,0,0,0,10,38.6
2026-08-17,YDbmBfmYgN0,2026-04-22T12:57:53Z,102,0,0,0,2,10,39.25
2026-08-17,bSqSTFuAvf8,2026-04-22T01:17:16Z,106,0,0,0,2,8,41.46
2026-08-17,3QLoo5Qs8VE,2026-04-21T12:57:21Z,50,0,0,0,1,9,37.25
2026-08-17,zBcr6A0X_mk,2026-04-21T01:19:14Z,70,0,0,0,2,16,61.71
2026-08-17,ZIqroAx4CZE,2026-04-20T13:02:58Z,35,0,0,0,0,13,53.73
2026-08-17,DNgq_qW1fA0,2026-04-20T01:21:35Z,62,0,0,0,1,6,27.73
2026-08-17,zqaDMDkpZDo,2026-04-20T00:32:54Z,50,0,0,0,1,20,91.95
2026-08-17,GI6Aqq2E6vE,2026-04-18T12:35:57Z,94,1,0,0,2,7,33.1
2026-08-17,S8WCu3_OkLQ,2026-04-18T01:13:14Z,77,1,0,0,1,14,54.79999999999999
2026-08-17,T0DREMCs_tM,2026-04-17T12:54:43Z,21,0,0,0,0,17,51.13999999999999
2026-08-17,HCHvfX-xRlc,2026-04-17T01:18:54Z,31,0,0,0,0,14,85.92
2026-08-17,6fQe1YosVJw,2026-04-16T13:03:38Z,1,0,0,0,0,0,0
2026-08-17,om2Y9-WmjuE,2026-04-16T01:22:06Z,4,0,0,0,0,0,0
2026-08-17,XVvAky0zLB8,2026-04-15T12:57:13Z,39,0,0,0,1,15,55.25
2026-08-17,hKwwTsuCZJk,2026-04-15T01:16:59Z,68,0,0,0,2,11,50.629999999999995
2026-08-17,fJpzcD4bFNA,2026-04-14T12:57:49Z,46,0,0,0,0,5,22.43
2026-08-17,-AS2aH34UOg,2026-04-14T01:19:35Z,0,0,0,0,0,0,0
2026-08-17,12F1wsmOYOY,2026-04-13T01:20:52Z,57,0,0,0,1,11,41.55
2026-08-17,9wid0pEfNso,2026-04-12T12:37:53Z,6,0,0,0,0,0,0
2026-08-17,BYzdCmSths0,2026-04-12T01:19:31Z,51,0,0,0,1,13,49.96
2026-08-17,SIA9YHj7IzE,2026-04-11T17:59:14Z,94,0,0,0,3,17,66.14
2026-08-17,KHax2aPAOLM,2026-04-08T01:14:48Z,63,1,0,0,2,14,56.11999999999999
2026-08-17,x48Y5AiqNL4,2026-04-07T12:55:32Z,66,0,0,0,2,12,34.87
2026-08-17,Dm-N0t4-3L4,2026-04-07T01:12:45Z,37,0,0,0,0,12,60.35
2026-08-17,O7hMpgD9I_w,2026-04-06T12:43:44Z,49,1,0,0,1,11,63.62
2026-08-17,XA5MI3B6y3s,2026-04-06T01:14:24Z,155,0,0,0,7,9,48.1
2026-08-17,syLtpZe97p0,2026-04-05T12:32:18Z,74,1,0,0,1,10,35.03
2026-08-17,tDEdhE0wjIs,2026-04-04T12:30:34Z,126,0,0,0,6,16,53.83
2026-08-17,-Fme6XarNok,2026-04-04T01:05:49Z,63,0,0,0,1,9,44.73
2026-08-17,qWE6WMKLZQ4,2026-04-03T12:37:56Z,77,0,0,0,2,16,60.74
2026-08-17,6aUEBmQLjO0,2026-04-03T01:13:04Z,64,0,0,0,2,12,42.37
2026-08-17,f0gyZCEFFhQ,2026-04-02T12:45:50Z,35,0,0,0,0,4,16.71
2026-08-17,UA2UmThZEKE,2026-04-02T01:09:22Z,105,0,0,0,3,11,44.19
2026-08-17,gpaghTLJEzQ,2026-04-01T12:50:55Z,63,0,1,0,2,15,58.11999999999999
2026-08-17,zrZ-lr-lvgU,2026-04-01T02:38:18Z,63,0,0,0,1,6,38.86
2026-08-17,n0FOvZvGh5Y,2026-03-31T01:12:37Z,34,0,0,0,2,11,47.99
2026-08-17,b7ksr31Qkf0,2026-03-30T12:49:48Z,0,0,0,0,0,0,0
2026-08-17,fYBNO_nCOD4,2026-03-30T01:15:12Z,67,0,0,0,1,14,56.84
2026-08-17,z9rFY8GLOOY,2026-03-29T12:29:50Z,67,0,0,0,1,10,50.16
2026-08-17,WO8uAQLhGIE,2026-03-29T01:13:54Z,63,0,0,0,1,11,51.33
2026-08-17,5wUh_6vu2Go,2026-03-28T12:29:44Z,7,0,0,0,0,19,92.38
2026-08-17,JdpsABS7pKw,2026-03-28T01:06:42Z,38,0,0,0,0,13,45.12
2026-08-17,C_L3cdiUtoc,2026-03-27T12:38:06Z,29,0,0,0,1,9,33.43
2026-08-17,r8F0QXGNJbM,2026-03-27T01:10:49Z,32,0,0,0,1,11,55.74
2026-08-17,2Dd0b5yRvwo,2026-03-26T12:46:11Z,35,0,0,0,1,9,47.92
2026-08-17,LmctWQZyEvA,2026-03-26T01:11:07Z,1,0,0,0,0,0,0
2026-08-17,vHhsy6xkkSY,2026-03-25T12:39:16Z,0,0,0,0,0,0,0
2026-08-17,2BYS3ku1_Qs,2026-03-25T01:07:56Z,4,0,0,0,0,0,0
2026-08-17,hjkriefSr1w,2026-03-24T12:43:37Z,56,0,0,0,1,14,52.7
2026-08-17,XdFwGAuSE7U,2026-03-24T05:02:03Z,61,0,0,0,1,8,47.11
2026-08-17,-JFTX50ZtQk,2026-03-21T12:24:49Z,212,0,0,0,5,18,81.89
2026-08-17,Zq2m1kRL6q0,2026-03-21T01:00:27Z,119,1,0,0,4,11,38.02
2026-08-17,AKLcTliJFL8,2026-03-20T12:33:26Z,37,0,0,0,0,8,29.4
2026-08-17,fhhV1egGhNI,2026-03-20T01:03:37Z,53,0,0,0,1,7,37.97
2026-08-17,j-bjsPsftRo,2026-03-19T12:37:00Z,47,0,0,0,1,14,51.790000000000006
2026-08-17,-4NwUpvi8ng,2026-03-19T01:07:12Z,103,0,0,0,3,14,68.37
2026-08-17,W0c6udxdcHY,2026-03-18T12:43:23Z,40,0,0,0,0,5,18.7
2026-08-17,4nItZBXbg1E,2026-03-18T01:08:15Z,33,0,0,0,0,4,18.64
2026-08-17,ep1qq76H6ks,2026-03-17T12:43:33Z,72,0,0,0,2,15,56.69
2026-08-17,UNuHYP9-wqo,2026-03-17T01:04:36Z,74,0,0,0,1,10,45.69
2026-08-17,b_6YnowMPpM,2026-03-16T12:44:40Z,81,1,0,0,3,11,39.95
2026-08-17,V40i1wyTyC8,2026-03-16T01:11:58Z,61,0,0,0,1,7,34.06
2026-08-17,YKR_FyTNu3M,2026-03-15T12:27:36Z,54,0,0,0,2,16,65.69
2026-08-17,eFJKq7ChQVE,2026-03-15T01:11:23Z,61,0,0,0,1,6,36.17
2026-08-17,sqh-tKCq2UA,2026-03-14T12:25:56Z,62,0,0,0,1,10,40.39
2026-08-17,OaGDrxJs5jE,2026-03-14T01:01:50Z,89,0,0,0,2,8,28.499999999999996
2026-08-17,xOKf3tbA7to,2026-03-13T12:33:53Z,90,1,0,0,3,14,44
2026-08-17,NaHEZrAUApQ,2026-03-13T01:02:51Z,60,0,0,0,1,8,30.409999999999997
2026-08-17,u8j6UgwcAWE,2026-03-12T12:33:58Z,184,0,0,0,4,12,40.31
2026-08-17,4143nMw1ySw,2026-03-12T00:56:59Z,48,0,0,0,0,0,0
2026-08-17,-DQSkoMoQZw,2026-03-11T12:34:00Z,63,0,0,0,2,13,54.04
2026-08-17,BveJhXXeWew,2026-03-11T01:00:33Z,63,0,0,0,2,15,51.080000000000005
2026-08-17,b87wxLO0_f4,2026-03-10T12:34:31Z,89,1,0,0,2,7,26.05
2026-08-17,qBqjHbqsBEM,2026-03-10T00:59:16Z,64,0,0,0,1,20,74.93
2026-08-17,pDMzcV3D7Hc,2026-03-09T12:45:57Z,72,0,0,0,1,10,45.5
2026-08-17,DehiGK5t_uQ,2026-03-09T01:04:03Z,47,0,0,0,1,9,41.24
2026-08-17,5LLvE-nWsac,2026-03-08T12:26:54Z,183,1,0,0,8,14,47.03
2026-08-17,ytglD92ZCKY,2026-03-08T01:03:40Z,77,0,0,0,2,9,42.51
2026-08-17,D43fOoEvRiU,2026-03-07T18:20:23Z,42,0,0,0,0,7,24.38
2026-08-17,PQekC8_mq9U,2026-03-05T12:34:57Z,47,0,0,0,1,22,95.56
2026-08-17,2EqR9wS2Q8I,2026-03-05T01:04:18Z,99,0,0,0,3,10,43.69
2026-08-17,Ycci77WFitE,2026-03-04T12:31:37Z,128,0,0,0,6,15,65.49
2026-08-17,h_1EvAZD-8s,2026-03-04T01:01:20Z,105,0,0,0,2,9,41.17
2026-08-17,n-0NrVBgWGA,2026-03-03T12:33:14Z,72,0,0,0,2,11,40.51
2026-08-17,ixoTePG8L7k,2026-03-03T01:04:39Z,45,0,0,0,1,6,38.75
2026-08-17,dkcprpuQVwU,2026-03-02T12:32:20Z,40,0,0,0,1,13,54.31
2026-08-17,A53opaIG3a0,2026-03-02T01:02:30Z,94,0,0,0,3,7,46.23
2026-08-17,DfcBrzVHQ90,2026-03-01T12:25:26Z,74,0,0,0,2,11,39.94
2026-08-17,iykldQ76W7Q,2026-03-01T01:10:37Z,177,0,0,0,11,17,57.32000000000001
2026-08-17,nlnvOR4QLow,2026-02-28T12:22:45Z,49,0,0,0,1,15,75.02
2026-08-17,2vORckqweJ8,2026-02-28T00:56:51Z,63,0,0,0,1,15,54.50000000000001
2026-08-17,UnNlXUaYBU4,2026-02-27T12:32:55Z,79,0,0,0,3,27,117.89
2026-08-17,pPXch1Fsu6Q,2026-02-27T01:03:37Z,48,0,0,0,1,17,60.56
2026-08-17,7jX6bNGmVsk,2026-02-26T16:25:07Z,30,0,0,0,0,11,69.81
2026-08-17,IzdKRyCenzc,2026-02-26T01:02:37Z,31,0,0,0,1,15,50.74999999999999
2026-08-17,96oYUXW1pBw,2026-02-25T12:38:01Z,34,0,0,0,2,16,62.17
2026-08-17,3Pp3MUfmhNE,2026-02-25T01:08:19Z,0,0,0,0,0,0,0
2026-08-17,Hb78GB9PtEY,2026-02-24T12:37:32Z,33,1,0,0,0,7,40.07
2026-08-17,Jbq-Eap63y8,2026-02-24T01:03:00Z,79,0,0,0,2,15,68.75
2026-08-17,TNz0IN0G0xo,2026-02-23T12:36:36Z,0,0,0,0,0,0,0
2026-08-17,B01SjrM0O2Q,2026-02-23T01:03:48Z,58,0,0,0,1,17,97.81
2026-08-17,rX6MPpz51FE,2026-02-22T12:24:18Z,33,0,0,0,0,5,26.32
2026-08-17,6Mr6AlNDiT8,2026-02-22T01:05:02Z,0,0,0,0,0,0,0
2026-08-17,EU_EZFH_g2o,2026-02-21T12:24:14Z,5,0,0,0,0,0,0
2026-08-17,wFXehYoCg9E,2026-02-21T01:00:07Z,50,0,0,0,1,12,61.46
2026-08-17,SXe6AH6SFSk,2026-02-20T12:33:18Z,28,0,0,0,0,23,95.2
2026-08-17,9uOhp9bPWmM,2026-02-20T01:01:38Z,9,0,0,0,0,6,29.520000000000003
2026-08-17,aQUnfLgpEq0,2026-02-19T12:36:05Z,8,0,0,0,0,0,0
2026-08-17,vRLOsY8jCf0,2026-02-19T03:42:50Z,76,0,1,0,2,11,53.400000000000006
2026-08-17,OCBFsNL9PNU,2026-02-17T01:04:42Z,110,0,0,0,4,17,63
2026-08-17,PXWcYPr7Omo,2026-02-16T12:34:48Z,130,0,0,0,4,15,87.07
2026-08-17,X55oBmu1ezo,2026-02-16T01:04:58Z,42,0,0,0,0,4,22.5
2026-08-17,3mUEEsOzNqU,2026-02-15T12:25:24Z,41,0,0,0,1,10,41.87
2026-08-17,qzsX1iUsMnM,2026-02-15T01:07:42Z,64,0,0,0,3,27,99.34
2026-08-17,89JtSG4iVsA,2026-02-14T12:23:30Z,41,0,0,0,1,11,51.46999999999999
2026-08-17,PcOD2_1othA,2026-02-14T01:02:42Z,60,0,0,0,2,10,38.61
2026-08-17,lBorBD-wejA,2026-02-13T12:33:39Z,125,0,0,0,3,13,43.9
2026-08-17,klumNyrvIQg,2026-02-13T01:09:16Z,131,0,0,0,5,13,45.88
2026-08-17,tJ0B_ZSe4-0,2026-02-12T12:37:06Z,154,1,0,0,7,12,69.81
2026-08-17,xwxQmh3BrH4,2026-02-12T01:05:11Z,57,0,0,0,2,11,47.28
2026-08-17,KBtePfFvUws,2026-02-11T12:40:50Z,119,0,0,0,5,14,62.39
2026-08-17,uODHjXY2kqc,2026-02-11T01:12:56Z,50,0,0,0,2,13,51.89
2026-08-17,4Njh8cdvW5w,2026-02-10T12:44:28Z,34,0,0,0,0,6,40.65
2026-08-17,8pEemfuXl74,2026-02-10T01:15:16Z,55,0,0,0,1,30,101
2026-08-17,b4tny2EG7kM,2026-02-09T12:40:24Z,158,0,0,0,6,9,48.97
2026-08-17,QLzyNIxy-0k,2026-02-09T01:06:08Z,86,0,0,0,2,18,94.9
2026-08-17,k_bGGxcqkWQ,2026-02-08T12:24:47Z,43,0,0,0,1,12,60.56
2026-08-17,QUvyUEOIFcY,2026-02-08T01:20:22Z,92,0,0,0,4,17,70.06
2026-08-17,_yj8qFj_c_o,2026-02-07T12:24:22Z,127,0,0,0,7,11,44.66
2026-08-17,pdT4jk2KxU4,2026-02-07T00:59:32Z,48,0,0,0,1,8,46.19
2026-08-17,rbq64uH4irY,2026-02-06T12:33:39Z,69,0,0,0,1,11,36.05
2026-08-17,FRrzAOfIsh0,2026-02-06T01:00:14Z,153,0,0,0,5,11,51.53
2026-08-17,YFHRUTj8xeE,2026-02-05T12:35:00Z,59,0,0,0,2,14,56.43
2026-08-17,FZBy_yqhT5g,2026-02-05T01:02:53Z,133,0,0,0,6,9,45.93
2026-08-17,LN9z5FPHDmA,2026-02-04T12:33:27Z,125,1,0,0,5,9,43
2026-08-17,gNravpCcDCo,2026-02-04T01:00:45Z,0,0,0,0,0,0,0
2026-08-17,1VcsP7QNhxw,2026-02-03T12:33:18Z,90,0,0,0,4,17,70.66
2026-08-17,MUXCB4BxKbc,2026-02-03T01:04:27Z,45,0,0,0,1,11,53.56000000000001
2026-08-17,5l3UTqchtpg,2026-02-02T12:32:40Z,60,0,0,0,3,14,58.36
2026-08-17,SvIn_cEBJG0,2026-02-02T01:04:39Z,82,0,0,0,13,93,388.53
2026-08-17,SoyzMc1na_8,2026-02-01T12:24:24Z,42,0,0,0,1,10,44.12
2026-08-17,07Mfq1dhiJg,2026-02-01T01:11:17Z,63,0,0,0,2,19,70.07
2026-08-17,Ztqx3Myofwo,2026-01-31T12:24:07Z,56,0,0,0,1,9,27.43
2026-08-17,bsaD1cSmXkA,2026-01-31T00:58:35Z,43,0,0,0,0,14,54.02
2026-08-17,sWUfDxSRdp0,2026-01-30T12:28:50Z,136,0,0,0,4,10,74.3
2026-08-17,H2W6mhWfeMU,2026-01-30T01:00:51Z,89,0,0,0,6,15,60.35
2026-08-17,Gc53wfoTpu4,2026-01-29T16:02:58Z,38,0,0,0,1,12,48.93
2026-08-17,PgbAGpSsB1I,2026-01-28T00:54:02Z,109,0,0,0,3,13,45.05
2026-08-17,1yCT5-9hUmA,2026-01-27T12:24:29Z,37,0,0,0,0,0,0
2026-08-17,SUWQ8Allb_M,2026-01-26T12:24:55Z,163,0,0,0,7,12,53.55
2026-08-17,ViOQ5c1vM1I,2026-01-26T00:57:53Z,105,0,0,0,3,15,63.17
2026-08-17,ozxoy8JJgag,2026-01-25T00:58:33Z,37,0,0,0,0,9,42.17
2026-08-17,SjE0oaTOM2U,2026-01-24T12:21:37Z,210,0,0,0,7,22,65.76
2026-08-17,fUyA8HoBxm4,2026-01-24T00:50:34Z,102,0,0,0,4,11,49.77
2026-08-17,kUeBkvKtifE,2026-01-23T12:23:51Z,76,0,0,0,2,11,53.16
2026-08-17,1NjWzWWPYGk,2026-01-23T00:53:23Z,98,0,0,0,4,15,67.07
2026-08-17,1yw_y7DZILM,2026-01-22T12:25:46Z,130,0,0,0,7,11,47.97
2026-08-17,ieBibN_NFi4,2026-01-22T00:54:16Z,105,0,0,0,5,22,71.26
2026-08-17,Lzn8i_3QxyQ,2026-01-21T12:24:55Z,88,0,0,0,3,18,82.08
2026-08-17,b7-hRk00vBY,2026-01-21T02:03:34Z,309,1,0,0,16,13,52.35999999999999
2026-08-17,wzrCnh_cx38,2026-01-19T12:24:52Z,60,0,0,0,1,10,42.96
2026-08-17,nFiWF8pBOdE,2026-01-19T00:56:21Z,157,1,0,0,5,11,54.52
2026-08-17,ailU9L3hHCA,2026-01-18T12:19:45Z,208,0,0,0,5,9,72.35
2026-08-17,tEbQwwQB0UI,2026-01-18T00:57:50Z,82,0,0,0,1,12,47.4
2026-08-17,Y0Fj37HV_o4,2026-01-17T12:19:41Z,56,1,0,0,1,5,27.91
2026-08-17,pmg5-dykDZU,2026-01-17T00:49:25Z,110,0,0,0,4,13,65.72
2026-08-17,kaIHDp90cf4,2026-01-16T12:22:00Z,70,0,0,0,2,9,55.45
2026-08-17,KNtqlDQDY10,2026-01-16T00:52:38Z,224,1,0,0,8,12,65.42
2026-08-17,3vq3Zd6uxtU,2026-01-15T12:24:16Z,243,2,0,0,13,14,48.02
2026-08-17,ySxlAX5nhjU,2026-01-15T00:50:13Z,93,0,0,0,4,16,61.6
2026-08-17,njCG2PJKEpA,2026-01-14T12:24:19Z,103,0,0,0,4,10,37.06
2026-08-17,C1TOy6a0dxI,2026-01-14T00:53:28Z,173,2,0,0,6,9,58.17
2026-08-17,rN0DF7i_3wU,2026-01-13T12:25:10Z,36,0,0,0,0,5,18.23
2026-08-17,WRwrZDyTJ2o,2026-01-13T05:18:51Z,38,0,0,0,1,9,41.77
2026-08-17,5VDp8xr8PMw,2026-01-12T00:55:14Z,189,0,0,0,7,14,74.82
2026-08-17,-eFSzJLoCmk,2026-01-11T12:21:09Z,165,0,0,0,7,13,59.3
2026-08-17,k-rUw2TVYs8,2026-01-11T00:57:40Z,151,0,0,0,5,10,49.1
2026-08-17,Md2_HGkjEmQ,2026-01-10T12:19:57Z,166,0,0,0,5,11,52.96999999999999
2026-08-17,SUCUfIo6MH4,2026-01-10T00:50:48Z,82,0,0,0,3,13,56.87
2026-08-17,FFNwRRPqXLc,2026-01-09T12:22:37Z,50,0,0,0,1,8,47.93
2026-08-17,QSTdknWa4gQ,2026-01-08T12:24:04Z,40,0,0,0,1,7,31.96
2026-08-17,DazZAvrhRKI,2026-01-08T00:50:30Z,110,0,0,0,2,8,48.12
2026-08-17,cqhF9hro86M,2026-01-07T12:22:59Z,112,0,0,0,2,10,54.59
2026-08-17,Qjze3mrpiaE,2026-01-07T00:50:57Z,36,0,0,0,0,11,78.67
2026-08-17,SUI99n7yB_U,2026-01-06T00:51:02Z,102,0,0,0,3,9,51.03
2026-08-17,2nIDH-gIDhQ,2026-01-05T12:23:37Z,75,0,0,0,2,8,32.7
2026-08-17,wXEuAdlXM_M,2026-01-05T04:59:54Z,79,0,0,0,1,10,48.88
2026-08-17,xjP-OITrIT4,2025-12-31T00:52:35Z,48,0,0,0,1,8,27.02
2026-08-17,yh4jE0h28KA,2025-12-30T12:22:50Z,107,0,0,0,3,13,57.75
2026-08-17,_lBSpyvMgjw,2025-12-30T00:49:10Z,302,0,0,0,5,6,39.08
2026-08-17,9xKSMqEzQAM,2025-12-29T00:56:57Z,90,0,0,0,4,18,60.25
2026-08-17,OPdvBceQCCE,2025-12-28T12:19:38Z,63,0,0,0,1,8,50.44
2026-08-17,18FMuOikGQE,2025-12-28T00:57:32Z,41,0,0,0,0,17,80.45
2026-08-17,lAIIM4vuUSs,2025-12-27T12:20:12Z,92,0,0,0,2,10,50.43
2026-08-17,eaCy2RgCOe8,2025-12-27T00:48:31Z,127,1,0,0,6,15,71.01
2026-08-17,S4SHNb3-W3Q,2025-12-26T12:21:04Z,61,0,0,0,1,9,47.22
2026-08-17,1goDD83ipeQ,2025-12-26T00:50:19Z,95,0,0,0,4,17,71.45
2026-08-17,DmhxO5mlvxo,2025-12-25T12:22:02Z,115,0,0,0,4,12,51.24999999999999
2026-08-17,AKbv7xTvxnQ,2025-12-25T00:49:59Z,96,1,0,0,3,13,50.97999999999999
2026-08-17,0wI-gF3lGLM,2025-12-24T12:21:25Z,75,0,0,0,2,16,80.38
2026-08-17,9ieCGBvL-Bg,2025-12-24T03:45:47Z,51,0,0,0,1,8,40.12
2026-08-17,uGeiWkgtDP8,2025-12-22T00:53:16Z,130,1,0,0,5,13,65.78
2026-08-17,McHdknbY2cU,2025-12-21T12:19:35Z,44,1,0,0,1,15,71.9
2026-08-17,aN61kpao8HI,2025-12-21T00:54:41Z,187,0,0,0,5,11,49.01
2026-08-17,LP9DKhWavDA,2025-12-20T12:21:03Z,47,0,0,0,1,8,24.28
2026-08-17,fDS63LcxhNk,2025-12-20T00:47:34Z,151,0,0,0,4,13,46.68
2026-08-17,2HxaPdFdrAE,2025-12-19T12:21:23Z,305,0,0,0,13,12,60.06
2026-08-17,zP021DqgYA4,2025-12-19T00:49:03Z,146,0,0,0,3,10,53.26
2026-08-17,UMYm5lJHF6s,2025-12-18T12:21:22Z,89,0,1,0,3,13,82.36
2026-08-17,6j1gLZK5aJQ,2025-12-18T00:46:26Z,48,1,0,0,1,11,50.18
2026-08-17,a-0M7qv4ECM,2025-12-17T12:23:19Z,68,0,0,0,1,11,39.25
2026-08-17,lF9gvPG7YEY,2025-12-17T00:45:41Z,48,0,0,0,1,13,81.34
2026-08-17,or2vlbZ8PUo,2025-12-16T12:21:46Z,41,0,0,0,0,7,49.05
2026-08-17,w0u7iPVS4kg,2025-12-16T00:50:07Z,49,0,0,0,2,15,69.61
2026-08-17,ChBrBKj_FL0,2025-12-15T12:23:43Z,80,1,0,0,2,7,33.02
2026-08-17,pkVeQWwOH1M,2025-12-14T00:55:44Z,71,0,0,0,1,10,35.54
2026-08-17,tdK_vfJlYIU,2025-12-13T12:19:52Z,56,1,0,0,1,7,25.19
2026-08-17,rKfPskTw4uE,2025-12-13T00:46:03Z,55,0,0,0,1,10,62.43
2026-08-17,X253-VhbDHQ,2025-12-12T12:22:27Z,38,0,0,0,0,32,131.93
2026-08-17,kWgeQ8_3gf4,2025-12-12T00:49:39Z,107,0,0,0,3,9,42.79
2026-08-17,XAzSHS1CHFY,2025-12-11T12:22:27Z,73,0,0,0,1,9,64.15
2026-08-17,L6Wc8lnn4DU,2025-12-11T00:51:08Z,1657,0,0,0,42,14,50.83
2026-08-17,MtheX2OJMDQ,2025-12-10T12:22:34Z,55,0,0,0,0,5,23.83
2026-08-17,E1ibjYdkrbQ,2025-12-10T00:49:51Z,33,0,0,0,0,0,0
2026-08-17,U5_e3bmCbZY,2025-12-09T12:22:22Z,39,0,0,0,1,8,40.45
2026-08-17,t2DSE_ojmik,2025-12-06T00:47:45Z,77,0,0,0,3,25,75.8
2026-08-17,SRE8VHmGAqw,2025-12-05T12:22:14Z,61,0,0,0,2,12,56.50999999999999
2026-08-17,1avSfbfo6nQ,2025-12-05T00:49:35Z,91,1,0,0,2,19,64.34
2026-08-17,qL9y-Y4m8YY,2025-12-04T12:22:55Z,37,0,0,0,0,5,22.41
2026-08-17,XfbgEEaqypE,2025-12-04T00:49:06Z,54,0,0,0,1,6,21.96
2026-08-17,eFDnU8gaEJM,2025-12-03T00:47:59Z,48,0,0,0,0,4,22.28
2026-08-17,hxIwlu8ep-k,2025-12-02T12:23:15Z,55,0,0,0,1,13,52.87
2026-08-17,K3wSItDBg1k,2025-12-02T00:48:54Z,100,0,0,0,3,15,57.37
2026-08-17,hA9HyqaFyHM,2025-12-01T12:22:12Z,35,0,0,0,0,4,19.7
2026-08-17,tZQoZXF9Ud4,2025-12-01T00:58:59Z,102,0,0,0,1,4,19.94
2026-08-17,f-c69bkm6io,2025-11-30T12:18:54Z,91,0,0,0,3,10,50.36999999999999
2026-08-17,MsaO1qV-Ln0,2025-11-30T00:56:14Z,78,0,0,0,1,6,29.07
2026-08-17,BFEdIXRH-Fo,2025-11-29T00:47:12Z,58,0,0,0,1,17,53.03
2026-08-17,aFMkajr0L0o,2025-11-28T00:46:39Z,117,0,0,0,3,9,33.46
2026-08-17,HijWOdHKdH0,2025-11-27T12:22:09Z,116,0,0,0,5,21,85.38
2026-08-17,XVyf5d0eCE8,2025-11-27T00:46:29Z,54,0,0,0,1,10,52.31
2026-08-17,-KPak8LRUiA,2025-11-26T12:22:12Z,47,0,0,0,0,5,23.29
2026-08-17,FMgGUvkXlkI,2025-11-26T00:48:06Z,64,0,0,0,1,11,43.69
2026-08-17,DLiRMEwNnDc,2025-11-25T12:22:48Z,96,0,0,0,2,10,37.3
2026-08-17,bhWV305AZCg,2025-11-25T00:46:53Z,48,0,0,0,1,8,32.41
2026-08-17,NA7EumyAw4s,2025-11-24T12:21:38Z,38,0,0,0,0,4,15.770000000000001
2026-08-17,BQIHokBkLZM,2025-11-23T12:19:00Z,157,1,0,0,8,17,65.4
2026-08-17,7y-j8FAsFM8,2025-11-23T00:54:00Z,112,0,0,0,3,14,76.71
2026-08-17,DWwGPzpDyr8,2025-11-22T12:19:18Z,30,0,0,0,0,4,13.350000000000001
2026-08-17,UrD-Q-oBE-k,2025-11-22T00:45:23Z,123,0,0,0,2,14,61.42999999999999
2026-08-17,Q9VgwFN3UIg,2025-11-21T12:20:39Z,37,0,0,0,0,5,19.63
2026-08-17,oZ1KoF4YsaU,2025-11-21T00:47:44Z,42,0,0,0,1,12,46.25
2026-08-17,DEdYVTobd2c,2025-11-20T12:21:38Z,65,0,0,0,1,10,48.47
2026-08-17,Pvy_Sx_1IU8,2025-11-20T00:45:47Z,98,0,0,0,3,9,50.42
2026-08-17,W6nZEkKaMns,2025-11-19T12:21:58Z,60,0,0,0,2,18,72.17
2026-08-17,DCe_h8sqrhA,2025-11-19T00:49:16Z,36,0,0,0,0,8,28.859999999999996
2026-08-17,vMCVHEX6X-4,2025-11-18T12:22:09Z,22,1,0,0,0,9,36
2026-08-17,Qbqrzbs0TY8,2025-11-18T00:47:59Z,44,0,0,0,1,7,24.75
2026-08-17,lqXVwyhxzwQ,2025-11-17T12:21:08Z,54,0,0,0,2,12,62.69
2026-08-17,KzpeOdp-c1U,2025-11-17T00:49:32Z,28,0,0,0,1,14,47.49
2026-08-17,__BTJr7239g,2025-11-16T12:17:43Z,28,0,0,0,0,9,66.43
2026-08-17,tY5h-MOkj0k,2025-11-16T00:50:03Z,38,0,0,0,1,7,45.82
2026-08-17,7qvvyYK7pjM,2025-11-15T12:18:21Z,90,0,0,0,5,16,83.88
2026-08-17,bEBT1HmsU0w,2025-11-15T00:45:59Z,46,0,0,0,1,12,63.16
2026-08-17,EC3qu-J6O3o,2025-11-14T12:21:09Z,34,0,0,0,0,10,54.059999999999995
2026-08-17,Lu_GOCfqqsE,2025-11-14T00:47:41Z,99,0,0,0,3,10,44.19
2026-08-17,BmX41hUYTEo,2025-11-13T12:22:25Z,45,0,0,0,1,10,49.78
2026-08-17,bmt7t2cUv0g,2025-11-13T00:47:51Z,49,0,0,0,1,10,39.11
2026-08-17,maKQnP1Fbm0,2025-11-12T12:22:16Z,44,0,0,0,0,6,24.21
2026-08-17,dfi7G15BoPU,2025-11-12T00:48:22Z,146,0,0,0,5,14,53.90999999999999
2026-08-17,EaW6off6I-g,2025-11-11T12:21:15Z,25,0,0,0,0,5,22.01
2026-08-17,x4iAzzoynWo,2025-11-11T00:48:12Z,69,0,0,0,2,11,48.53
2026-08-17,uf8gxiLsKt4,2025-11-10T12:21:45Z,80,1,0,0,2,9,36.44
2026-08-17,IrFYVHvsGGI,2025-11-10T00:50:07Z,109,2,1,0,5,19,73.74
2026-08-17,nM5RQOj527Q,2025-11-09T20:46:27Z,67,0,0,0,1,7,48.87
2026-08-17,9X9J9HcnjRQ,2025-11-08T12:17:39Z,47,0,0,0,0,8,58.050000000000004
2026-08-17,tmyiz1EyOJ0,2025-11-08T00:44:46Z,28,0,0,0,0,4,23.9
2026-08-17,aiE5zJEb4LQ,2025-11-07T12:21:37Z,9,0,0,0,0,0,0
2026-08-17,RL-aV22hT3Q,2025-11-07T00:48:10Z,59,0,0,0,1,18,61.9
2026-08-17,iqjcjekQ4DA,2025-11-06T12:20:18Z,53,0,0,0,1,8,52.18000000000001
2026-08-17,0_Qr1FDSRUQ,2025-11-06T00:48:24Z,115,0,0,0,7,23,70.33
2026-08-17,VBWrqM7y_nY,2025-11-05T12:22:42Z,7,0,0,0,0,5,17.81
2026-08-17,7MDyZHXM6SQ,2025-11-05T00:48:17Z,189,0,0,0,5,11,64.9
2026-08-17,mFP_gIstEt8,2025-11-04T00:47:50Z,75,1,0,0,2,10,60.27
2026-08-17,5o0kd4B5OG8,2025-11-03T12:22:17Z,60,0,0,0,1,8,27.83
2026-08-17,6_QsBHeIods,2025-11-03T00:50:50Z,71,0,0,0,1,6,23.61
2026-08-17,ey4lxj-MxF8,2025-11-02T00:51:27Z,67,0,0,0,1,14,54.7
2026-08-17,d-oDeuxr9YY,2025-11-01T12:19:24Z,42,0,0,0,1,10,48.59
2026-08-17,qu68AwRcQUs,2025-11-01T00:49:48Z,44,0,0,0,1,9,34.72
2026-08-17,FpraVnRBn_g,2025-10-31T12:22:10Z,26,0,0,0,0,8,30.070000000000004
2026-08-17,YbyoErWHPrQ,2025-10-31T00:49:14Z,189,0,0,0,5,9,27.440000000000005
2026-08-17,r2GTq9pmDSw,2025-10-30T12:20:36Z,70,0,0,0,3,17,85.82
2026-08-17,DiOCz3pzEJQ,2025-10-30T00:47:38Z,105,0,0,0,3,13,60.49
2026-08-17,atBZitOWh8s,2025-10-29T15:48:23Z,11,0,0,0,1,18,78.78
2026-08-17,8iSmE8YXGKE,2025-10-29T00:49:21Z,41,0,0,0,1,8,41.28
2026-08-17,Cl-_JI9q_Vk,2025-10-28T12:21:06Z,86,0,0,0,3,13,54.18999999999999
2026-08-17,MzZ_20dPW-Y,2025-10-28T00:47:00Z,50,0,0,0,2,13,50.2
2026-08-17,0jhH6KZpmL8,2025-10-27T12:25:22Z,41,0,0,0,1,15,35.83
2026-08-17,FnNJckzMN4I,2025-10-27T00:50:00Z,62,0,0,0,11,75,345.36
2026-08-17,EHmOrNhP6eU,2025-10-26T12:20:55Z,35,0,0,0,1,19,64.42
2026-08-17,kaF2LpvGDE8,2025-10-26T00:48:33Z,67,0,0,0,2,9,44.47
2026-08-17,MrNfRJleZa4,2025-10-25T12:20:50Z,77,0,0,0,5,18,57.96
2026-08-17,cxkwv1-VWKM,2025-10-25T00:44:59Z,33,0,0,0,1,12,66.78
2026-08-17,CMt6N9OYHc4,2025-10-24T12:22:09Z,51,0,0,0,2,17,58.17
2026-08-17,fsKpdj-hOBc,2025-10-24T00:45:25Z,30,0,0,0,0,11,41.39
2026-08-17,g5WH6g6SXzo,2025-10-23T12:23:47Z,2,0,0,0,0,23,87.78
2026-08-17,whO3TbZRN2s,2025-10-23T00:46:43Z,123,1,0,0,5,16,47.28
2026-08-17,9udR2t3StDg,2025-10-22T12:21:57Z,147,1,0,0,8,12,54.25
2026-08-17,rPz60XxcTho,2025-10-22T01:47:39Z,26,0,0,0,0,11,42.26
2026-08-17,Z05lza3afe0,2025-10-20T12:21:15Z,71,0,0,0,4,19,69.88
2026-08-17,5b5VRHg-xnM,2025-10-20T00:50:25Z,62,0,0,0,2,20,102.51999999999998
2026-08-17,6ge3dzSKuAU,2025-10-19T12:19:54Z,47,0,0,0,2,15,55.94
2026-08-17,qjVcEZB3imM,2025-10-19T00:51:20Z,24,0,0,0,0,11,60.02000000000001
2026-08-17,qf7bSeDljc4,2025-10-18T12:19:43Z,3,0,0,0,0,20,87.87
2026-08-17,rbTkKE75_c0,2025-10-18T00:43:16Z,68,0,0,0,3,11,53.05
2026-08-17,ri2RZwr5J_4,2025-10-17T12:22:47Z,63,0,0,0,3,15,60.8
2026-08-17,v1zftajT1M0,2025-10-17T00:46:54Z,35,0,0,0,1,9,36.8
2026-08-17,pG8D3fHo7Kc,2025-10-16T12:21:59Z,109,1,0,0,27,97,444.34
2026-08-17,vQrRjChYLTc,2025-10-16T00:47:28Z,1,0,0,0,0,26,92.31
2026-08-17,xQVwOjXeNg0,2025-10-15T12:22:00Z,8,0,0,0,0,0,0
2026-08-17,iM0KR2-32f0,2025-10-15T00:47:34Z,4,0,0,0,0,14,52.57000000000001
2026-08-17,QkRtBzgp7LY,2025-10-14T12:23:44Z,14,0,0,0,0,20,87.39
2026-08-17,67qAhXRjlfA,2025-10-14T00:43:57Z,156,0,0,0,7,16,87.48
2026-08-17,SDLOOe8fi1M,2025-10-11T12:18:01Z,156,1,0,0,5,13,90.37
2026-08-17,b9tm03RKVpI,2025-10-11T00:42:33Z,19,0,0,0,0,7,44.05
2026-08-17,aDZm7fyKxZg,2025-10-10T12:22:18Z,53,0,0,0,2,18,88.29
2026-08-17,5gf43PikwPY,2025-10-10T00:44:00Z,251,0,0,0,23,32,163.81
2026-08-17,zgkkKMEvI4c,2025-10-09T12:22:48Z,67,0,0,0,2,10,39
2026-08-17,nsWYanXH4WQ,2025-10-09T00:45:59Z,22,0,0,0,0,28,92.61
2026-08-17,LQrAelHASPo,2025-10-08T12:22:30Z,19,0,0,0,1,16,82.67
2026-08-17,TovBq4xQFsc,2025-10-08T00:44:25Z,3,0,0,0,0,17,85.95
2026-08-17,Fl0RC5BJ3Pk,2025-10-07T12:22:14Z,75,0,0,0,3,16,82.9
2026-08-17,083VndBSBQA,2025-10-07T00:44:03Z,4,0,0,0,0,26,102.42
2026-08-17,9c2q7_r-q2Y,2025-10-06T12:22:15Z,4,0,0,0,1,35,116.06
2026-08-17,YGxrFAg3YOg,2025-10-05T12:19:04Z,70,0,0,0,3,17,82.2
2026-08-17,GcTz74gCsok,2025-10-05T00:49:33Z,55,0,0,0,3,26,118.53
2026-08-17,xvsX438rApQ,2025-10-04T19:15:22Z,38,0,0,0,1,17,92.17
2026-08-17,wsQMaYdr88Q,2025-09-20T12:18:35Z,146,1,0,0,7,12,51.22
2026-08-17,n4yje0t1LrQ,2025-09-20T00:43:59Z,44,0,0,0,1,19,49.76
2026-08-17,bvSYCI4URs8,2025-09-19T12:20:04Z,50,0,0,0,2,13,67.56
2026-08-17,SvIlF1anibo,2025-09-19T00:45:59Z,79,0,0,0,3,15,69
2026-08-17,G__3jx9sIcE,2025-09-18T12:21:43Z,135,0,0,0,8,15,63.019999999999996
2026-08-17,1rwy6xm5h8U,2025-09-18T00:43:45Z,49,0,0,0,2,14,67.42
2026-08-17,rSnz3nrgTFg,2025-09-17T12:21:43Z,38,0,0,0,1,7,30.59
2026-08-17,HTnmcw1VZsc,2025-09-17T00:44:19Z,178,0,0,0,6,13,46.08
2026-08-17,E7qHyD4bGJs,2025-09-16T12:21:39Z,46,0,0,0,1,7,28.110000000000003
2026-08-17,2clRmgMM1Us,2025-09-16T00:43:33Z,77,0,0,0,3,10,38.31
2026-08-17,YMnreQdpm5Y,2025-09-15T12:22:51Z,47,0,0,0,2,11,45.31
2026-08-17,n9WrhduYV3U,2025-09-15T00:53:32Z,66,0,0,0,3,12,60.35
2026-08-17,TjeZN7Gnx04,2025-09-14T12:18:57Z,46,0,0,0,2,15,65.95
2026-08-17,78zx-NQ3wVI,2025-09-14T00:48:31Z,2,0,0,0,0,16,65.13
2026-08-17,YxugVSFp3T0,2025-09-13T22:01:50Z,42,0,0,0,2,19,65.73
2026-08-17,kAI33hsvcUs,2025-08-22T12:20:10Z,75,0,0,0,3,12,43.67
2026-08-17,usvmmNihqZE,2025-08-22T00:45:55Z,49,0,0,0,2,11,49.84
2026-08-17,FJiDKJhqzMk,2025-08-21T12:21:38Z,64,0,0,0,3,11,44.99
2026-08-17,4KNrxnn4LYA,2025-08-21T00:44:57Z,25,0,0,0,0,24,92.3
2026-08-17,F7bl42wdwsk,2025-08-20T12:19:34Z,47,1,0,0,1,17,92.99
2026-08-17,2TQ1xDxSPko,2025-08-20T00:45:59Z,49,0,0,0,2,18,71.35
2026-08-17,2SEMOGewnt0,2025-08-19T12:20:22Z,47,0,0,0,4,18,91.17
2026-08-17,jl43kb2Mrl8,2025-08-19T00:46:39Z,37,0,0,0,0,8,56.11000000000001
2026-08-17,5ghuUk0uXKo,2025-08-18T12:22:15Z,5,0,0,0,1,37,129.19
2026-08-17,sZH-Vd6Q0Pg,2025-08-18T00:53:45Z,26,0,0,0,1,17,66.13
2026-08-17,n27QrIxIwBM,2025-08-17T12:19:46Z,21,0,0,0,1,13,43.56
2026-08-17,tj8faNubOXU,2025-08-17T00:54:38Z,40,0,0,0,1,16,54.55
2026-08-17,96EZNoOx5vk,2025-08-16T12:19:15Z,23,0,0,0,1,14,68.96
2026-08-17,KaojabYOzx0,2025-08-16T00:46:15Z,12,0,0,0,3,66,301.33
2026-08-17,THOj9YbvwsE,2025-08-15T15:23:30Z,6,0,0,0,0,27,82.97
2026-08-17,BZosJFoh2-E,2025-08-14T12:21:40Z,12,0,0,0,0,10,51.93
2026-08-17,TxfJxCoufW8,2025-08-14T00:48:45Z,47,0,0,0,1,18,74.15
2026-08-17,u4SLrBeU4P8,2025-08-13T12:21:24Z,83,0,0,0,5,15,60.91
2026-08-17,Lcr_-bsm-yU,2025-08-13T00:48:58Z,52,0,0,0,1,11,58.28
2026-08-17,loW9tXPftEI,2025-08-12T12:21:02Z,120,0,0,0,4,11,42.64
2026-08-17,mIZqOrlU3V4,2025-08-12T00:48:01Z,50,0,0,0,1,9,49.71
2026-08-17,Vu85YbKD2uA,2025-08-11T12:22:21Z,34,0,0,0,1,13,49.35
2026-08-17,2ihzs4ltkz4,2025-08-11T00:56:43Z,32,0,0,0,1,12,37.95
2026-08-17,cRrYtcVjQIM,2025-08-10T12:18:58Z,31,0,0,0,0,9,47.53
2026-08-17,oMMCSoJOPFY,2025-08-10T00:58:04Z,42,0,0,0,4,21,70.54
2026-08-17,71ERRmCB7uY,2025-08-09T12:20:09Z,37,0,0,0,1,13,52.09
2026-08-17,DOMkPDITAig,2025-08-09T00:47:31Z,71,0,0,0,3,13,49.92
2026-08-17,Z_8PUimecoU,2025-08-08T12:22:09Z,124,0,0,0,8,14,76.75
2026-08-17,798aPt3idGI,2025-08-08T00:55:22Z,32,0,0,0,1,15,49.46
2026-08-17,nJ_CeCMDjgo,2025-08-07T13:02:00Z,74,0,0,0,3,10,45.34
2026-08-17,F6bItVNWey4,2025-08-07T00:53:42Z,73,0,0,0,3,12,62.39
2026-08-17,EjwJ28Zg0Zs,2025-08-06T12:23:15Z,49,0,0,0,1,9,37.62
2026-08-17,NbSU5rDcqA8,2025-08-06T00:55:01Z,49,0,0,0,2,14,50.85999999999999
2026-08-17,OTdnZwnqZto,2025-08-05T12:22:59Z,57,0,0,0,2,13,56.92
2026-08-17,dP37FHj8nHg,2025-08-05T00:53:37Z,89,0,0,0,3,10,64.74
2026-08-17,jWk424bgg84,2025-08-04T12:23:46Z,59,1,0,0,2,21,96.11
2026-08-17,8-zs2bzAYok,2025-08-03T12:19:46Z,55,0,0,0,3,13,53.81
2026-08-17,XWpZCVCgX-A,2025-08-03T00:58:49Z,70,1,0,0,2,13,63.79
2026-08-17,AoN4FPURjpo,2025-08-02T12:20:33Z,50,0,0,0,2,11,48.38
2026-08-17,b1CT89GMN6o,2025-08-02T00:47:59Z,170,0,0,0,9,21,134.87
2026-08-17,ip4v0KcNBTg,2025-08-01T12:22:38Z,123,0,0,0,4,10,45.26
2026-08-17,b9uiF9O5AVk,2025-08-01T01:01:34Z,173,0,0,0,16,13,40.12
2026-08-17,v80VsDnL6vk,2025-07-31T12:21:40Z,40,0,0,0,1,9,39.46
2026-08-17,ukGL5TXbjDc,2025-07-31T02:11:20Z,39,0,0,0,1,9,42.58
2026-08-17,baIn3WnCR_s,2025-07-30T00:52:36Z,117,1,0,0,7,19,106.57
2026-08-17,dHLGC_aLh38,2025-07-29T12:22:49Z,44,0,0,0,1,10,44.03
2026-08-17,8T2wjykQY8M,2025-07-29T00:56:50Z,106,1,0,0,3,8,46.47
2026-08-17,2mlwNI9mKVc,2025-07-28T12:23:00Z,64,0,0,0,3,14,53.43
2026-08-17,ZI_z_4_Pdfg,2025-07-28T00:56:19Z,123,0,0,0,4,10,51.12
2026-08-17,Lm7_gHvmrWc,2025-07-27T12:20:02Z,49,0,0,0,2,14,78.63
2026-08-17,9c3PnUunMrI,2025-07-27T00:56:38Z,69,0,0,0,2,9,53.22
2026-08-17,eohklwMcu8s,2025-07-26T12:20:31Z,75,0,0,0,4,15,52.300000000000004
2026-08-17,JMfUVNqH-v8,2025-07-26T00:50:36Z,56,0,1,0,2,15,57.56
2026-08-17,kCiWEditH2c,2025-07-25T12:22:32Z,97,0,0,0,6,20,63.31
2026-08-17,VzRORbvYeU8,2025-07-25T00:53:02Z,62,0,0,0,3,13,31.15
2026-08-17,TaYTYLmXSpw,2025-07-24T12:23:07Z,61,0,0,0,3,17,68.87
2026-08-17,eojAkEGYKy8,2025-07-24T00:51:50Z,29,0,0,0,1,14,64.98
2026-08-17,jDNLDjwedSI,2025-07-23T12:22:35Z,66,0,0,0,5,21,92.96
2026-08-17,l-MK9FDyZGo,2025-07-23T01:53:38Z,39,0,0,0,1,14,52.93
2026-08-17,MTISyE2GK90,2025-07-22T00:51:23Z,272,1,0,0,20,20,103.61
2026-08-17,xaxoboKmsp8,2025-07-21T12:23:00Z,53,0,0,0,3,15,52.14
2026-08-17,YYQPFxAyXlA,2025-07-21T00:55:19Z,94,0,0,0,4,13,57.26
2026-08-17,C-pKshzaFI4,2025-07-20T12:19:56Z,860,1,0,0,57,14,70.46
2026-08-17,2cXstg2g1oo,2025-07-20T00:58:48Z,107,0,0,0,7,18,61.28
2026-08-17,UUVJFY1I6eQ,2025-07-19T12:19:13Z,181,1,0,0,9,11,57.49999999999999
2026-08-17,72GZYgKfNgY,2025-07-19T00:50:17Z,69,0,0,0,4,13,38.88
2026-08-17,hYqav0qcs-4,2025-07-18T12:21:48Z,117,0,0,0,7,14,61.78
2026-08-17,CA74oLX496k,2025-07-18T00:51:11Z,60,0,0,0,3,18,65.66
2026-08-17,pqSpEEBBZ5Y,2025-07-17T12:20:49Z,158,2,0,0,12,14,74.81
2026-08-17,vHOEW402B9s,2025-07-17T00:51:20Z,63,0,0,0,2,13,55.03
2026-08-17,Y_hYHH0oLzQ,2025-07-16T12:21:49Z,61,0,0,0,2,13,56.84
2026-08-17,sQ9TSjUyYHg,2025-07-16T00:50:53Z,213,0,0,0,18,14,80.93
2026-08-17,wZ_p3BEx0Hw,2025-07-15T12:22:37Z,60,0,0,0,3,13,66.62
2026-08-17,kxtbSj_b_IM,2025-07-15T03:01:40Z,36,0,0,0,1,8,44.73
2026-08-17,VCg1HIvDlmM,2025-07-11T12:21:10Z,25,0,0,0,0,15,58.879999999999995
2026-08-17,CnXoXMSAG78,2025-07-11T00:49:31Z,88,0,0,0,4,12,68.05
2026-08-17,wGfuxxpXlSA,2025-07-10T12:21:07Z,91,0,0,0,4,10,53.59
2026-08-17,I9Ms9geTeu0,2025-07-10T00:48:30Z,31,0,0,0,0,11,52.27
2026-08-17,N8xFDObGXSE,2025-07-09T12:21:31Z,77,0,0,0,3,11,53.16
2026-08-17,oM-LaSVYYnA,2025-07-09T00:49:58Z,66,0,0,0,2,10,51.62
2026-08-17,Yrg3cZU7eJw,2025-07-08T12:20:58Z,233,2,0,0,17,13,79.16
2026-08-17,e7dQ9yvJzZY,2025-07-08T00:48:19Z,89,1,0,0,3,11,49.76
2026-08-17,QGLkukuFr9E,2025-07-07T12:21:02Z,59,0,0,0,2,8,40.58
2026-08-17,ww9LNzzWEnw,2025-07-07T00:53:34Z,52,0,0,0,1,8,29.99
2026-08-17,42IXNsa6d9s,2025-07-06T12:19:21Z,21,0,0,0,1,15,63.56
2026-08-17,JXJySqBADHM,2025-07-06T00:54:22Z,170,0,0,0,5,11,49.86
2026-08-17,zYZkNuHz-yU,2025-07-05T12:18:26Z,27,0,0,0,0,6,27.97
2026-08-17,E0ZN8wJS83Q,2025-07-04T14:52:05Z,64,0,0,0,3,23,94.8
2026-08-17,L_EL5f08i14,2025-07-04T00:48:22Z,100,0,0,0,3,10,46.8
2026-08-17,P5jIY_NCDO8,2025-07-03T12:20:17Z,41,1,0,0,0,7,32.17
2026-08-17,qoOse_duoqg,2025-07-03T00:49:50Z,34,0,0,0,1,10,31.679999999999996
2026-08-17,gMgf71gWSns,2025-07-02T12:20:19Z,43,0,0,0,1,12,56.25
2026-08-17,y6wq_o7vRLQ,2025-07-02T00:47:48Z,58,0,0,0,2,14,62.25000000000001
2026-08-17,gFmJwB7Ae1U,2025-07-01T12:21:07Z,31,0,0,0,0,6,26.52
2026-08-17,iR0ftXc_P6U,2025-07-01T00:57:14Z,236,1,0,0,12,18,72.61
2026-08-17,KIFT3RS-1jo,2025-06-30T12:21:59Z,88,0,0,0,3,12,47.15
2026-08-17,NX6cYcB8-B8,2025-06-30T00:52:39Z,68,1,0,0,2,16,64.75
2026-08-17,qJGTEw8iezU,2025-06-29T12:18:28Z,0,0,0,0,0,0,0
2026-08-17,9j4PZqjGolc,2025-06-29T00:56:34Z,52,0,0,0,1,10,36.27
2026-08-17,l6qVlMe-Z0Q,2025-06-28T12:19:40Z,91,0,0,0,5,15,55.91
2026-08-17,xdzaCKsaYVc,2025-06-28T00:47:46Z,64,0,0,0,2,16,54.64
2026-08-17,2HDA7p1cXq4,2025-06-27T12:21:30Z,46,0,0,0,1,6,21.23
2026-08-17,qzBLxTShQfg,2025-06-27T00:49:17Z,56,0,0,0,2,10,37.29
2026-08-17,o-D6D8NGp1c,2025-06-26T12:20:39Z,178,0,0,1,8,13,72.29
2026-08-17,kCVxPz88TPM,2025-06-26T00:48:31Z,79,1,0,0,3,11,42.07
2026-08-17,PUX24gEV630,2025-06-25T12:20:55Z,46,0,0,0,1,13,65.63
2026-08-17,o-6Buts0ygQ,2025-06-25T00:49:43Z,101,0,0,0,5,21,78.28
2026-08-17,FeI7PXDWAmw,2025-06-24T12:21:56Z,1,0,0,0,0,0,0
2026-08-17,t9dFnLh-wyc,2025-06-24T00:49:31Z,9,0,0,0,0,11,47.89
2026-08-17,GWn867yxYzY,2025-06-23T12:23:46Z,65,0,0,0,2,9,25.72
2026-08-17,DhDhiMwW4DM,2025-06-23T00:53:12Z,54,0,0,0,1,8,31.069999999999997
2026-08-17,Ls4D1v80ALc,2025-06-22T12:18:30Z,67,1,0,0,3,13,47.58
2026-08-17,RrHNCA462xE,2025-06-22T00:53:39Z,83,0,0,0,4,15,81.09
2026-08-17,myCAcQ2_K2k,2025-06-21T12:19:28Z,105,0,0,0,4,14,56.32
2026-08-17,lx6VPZry0ZI,2025-06-21T00:47:14Z,110,1,0,0,3,12,44.1
2026-08-17,G8m1ZRzRIfU,2025-06-20T12:22:06Z,43,0,0,0,2,17,50.63999999999999
2026-08-17,nVYVBPt0Lcw,2025-06-20T00:48:16Z,38,0,0,0,1,9,37.38
2026-08-17,zOKKSAcOFK4,2025-06-19T12:21:02Z,63,0,0,0,3,14,67.43
2026-08-17,bTegbNmSRi4,2025-06-19T00:47:39Z,52,0,0,0,1,8,38.11
2026-08-17,9cv0AGU3f7Y,2025-06-18T12:19:49Z,208,0,0,0,7,11,66.78
2026-08-17,Hio5eRT3P2Y,2025-06-18T00:48:20Z,162,0,0,0,10,15,82.89
2026-08-17,A7yOEADsfLA,2025-06-17T12:20:38Z,87,1,0,0,4,12,70.3
2026-08-17,Q110khFMHL0,2025-06-17T00:47:59Z,71,0,0,0,3,15,79.17
2026-08-17,2h5-mJgktc0,2025-06-16T12:20:45Z,156,0,0,0,7,11,50.01
2026-08-17,qC6aiQLMTX0,2025-06-16T00:50:56Z,47,0,0,0,1,9,34.84
2026-08-17,bjNe7kxRpNk,2025-06-15T12:17:23Z,228,0,0,0,6,9,56.98
2026-08-17,mfh4EENwNF0,2025-06-15T00:55:56Z,176,0,0,0,9,13,47.49
2026-08-17,cvcwwkidXUs,2025-06-14T12:18:35Z,158,0,0,0,6,10,65.31
2026-08-17,WMoc4BUxR7Y,2025-06-14T00:46:37Z,160,1,0,0,8,15,58.540000000000006
2026-08-17,VcSN_Q6tN_w,2025-06-13T12:20:42Z,2,0,0,0,0,0,0
2026-08-17,M9CTXlrO6Hs,2025-06-13T03:51:00Z,135,0,0,0,6,13,60.35
2026-08-17,zK8iBDmYMKA,2025-06-12T12:19:47Z,58,0,0,0,1,7,36.72
2026-08-17,q4XHnjjH9dI,2025-06-12T00:46:46Z,125,0,0,0,4,9,49.65
2026-08-17,dO9QLnnbkW0,2025-06-11T12:20:34Z,76,1,0,0,2,17,74.47
2026-08-17,4JGOMKkIEKI,2025-06-11T00:48:33Z,335,0,0,0,13,13,54.40999999999999
2026-08-17,YTHY2PLYiLY,2025-06-10T12:21:46Z,164,0,1,0,11,20,71.27
2026-08-17,PIYhdRillDg,2025-06-10T00:47:33Z,128,0,0,0,6,16,87.51
2026-08-17,rg0_VgiF3b4,2025-06-09T12:21:30Z,82,0,0,0,3,9,30.130000000000003
2026-08-17,TBaj-KzYc1w,2025-06-09T00:52:08Z,105,0,0,0,5,14,56.3
2026-08-17,pPM8iPJTp_4,2025-06-08T12:22:47Z,4,0,0,0,0,11,42.67
2026-08-17,dEAFsKkgfus,2025-06-08T00:53:02Z,83,0,0,0,3,13,75.2
2026-08-17,bA2Rh8Oe2us,2025-06-07T12:18:17Z,72,0,0,0,2,9,45.5
2026-08-17,Xpk_pToAUSE,2025-06-07T00:47:32Z,52,0,0,0,1,10,49.23
2026-08-17,cqtb3jL81es,2025-06-06T12:20:44Z,71,0,0,0,2,11,46.02
2026-08-17,9LA1iCEEaEU,2025-06-06T00:48:12Z,294,0,0,0,12,11,45.09
2026-08-17,PCy9dpRZ0CA,2025-06-05T16:39:18Z,141,0,0,0,3,9,32.51
2026-08-17,9AZa6pvcq_g,2025-06-05T12:22:21Z,2,0,0,0,0,28,102.4
2026-08-17,HNa-g80gjCY,2025-06-05T00:47:13Z,309,0,0,0,11,10,62.24000000000001
2026-08-17,zaXzhb7zM7c,2025-06-04T12:20:18Z,126,0,0,0,6,15,66.18
2026-08-17,bsCmWKVvCCI,2025-06-04T00:48:29Z,59,0,0,0,2,18,63.190000000000005
2026-08-17,vzEQ52cEtGI,2025-06-03T12:20:25Z,78,0,0,0,4,14,55.92
2026-08-17,r_aMwKtTZS4,2025-06-03T00:48:20Z,42,0,0,0,1,10,41.6
2026-08-17,HGmiusWhzcM,2025-06-02T12:20:07Z,185,0,0,0,8,12,71.3
2026-08-17,jWw6qlFWawc,2025-06-02T00:49:38Z,334,0,0,0,12,13,64.46
2026-08-17,xfSLuWxTnWQ,2025-06-01T12:19:16Z,119,0,0,0,5,11,55.17999999999999
2026-08-17,UsQLO2UBPdI,2025-06-01T00:59:20Z,72,0,0,0,2,9,31.97
2026-08-17,t2V2iI_HdvY,2025-05-31T12:17:47Z,82,0,0,0,2,8,47.07
2026-08-17,Sx_pHwLn43g,2025-05-31T01:32:46Z,87,0,0,0,2,8,46.19
2026-08-17,Pp4fV1ZhBNs,2025-05-30T12:19:48Z,206,0,0,0,17,12,63.6
2026-08-17,c9gpgxcSUmw,2025-05-30T00:46:50Z,6,0,0,0,1,16,72.14
2026-08-17,RZeaNeLIj5c,2025-05-29T12:19:40Z,61,0,0,0,2,14,61.529999999999994
2026-08-17,u7KfW248d0U,2025-05-29T00:47:56Z,74,1,1,0,2,11,59.07
2026-08-17,MSXJYvEJxd4,2025-05-28T18:51:21Z,11,0,0,0,1,14,87.82
2026-08-17,4GOkf4Y8hLk,2025-05-28T12:20:24Z,44,0,0,0,1,11,46.39
2026-08-17,j6nPLmSAPhc,2025-05-28T00:47:43Z,50,0,0,0,2,17,85.08
2026-08-17,wAYHiCNZRas,2025-05-27T12:20:27Z,93,1,0,0,4,11,43.65
2026-08-17,H5d6AZyg010,2025-05-27T00:45:45Z,179,0,0,0,6,10,68.28
2026-08-17,CAaa6S7pGns,2025-05-26T12:20:12Z,118,0,0,0,4,12,48.51
2026-08-17,yOx0Zjc4MW8,2025-05-26T00:49:08Z,200,2,0,0,13,15,66.14
2026-08-17,wRcGYiRZ4Nk,2025-05-25T12:18:07Z,259,0,0,0,15,14,83.58
2026-08-17,qswT6Ib-wT0,2025-05-25T00:53:24Z,140,0,0,0,5,10,38.39
2026-08-17,TRkwxs18Mz0,2025-05-24T12:19:33Z,96,0,0,0,5,16,50.72
2026-08-17,It9_smZPUHQ,2025-05-24T00:45:36Z,129,0,0,0,5,11,51.35000000000001
2026-08-17,GN0grBkYcZM,2025-05-23T17:33:30Z,91,1,0,0,5,22,81.61
2026-08-17,mL15th4eX-Y,2025-05-23T00:46:14Z,66,0,0,0,2,12,58.72999999999999
2026-08-17,DYgVmkj41kI,2025-05-22T12:20:39Z,70,0,0,0,3,15,69.19
2026-08-17,jbeOx8GjweU,2025-05-22T00:46:51Z,29,0,0,0,0,8,43.17
2026-08-17,FrPl6vsB6eU,2025-05-21T12:19:21Z,240,0,0,0,11,12,65.75
2026-08-17,fusoLfprni4,2025-05-21T00:46:43Z,87,0,0,0,3,9,64.15
2026-08-17,ctfPWK63xTw,2025-05-20T12:21:54Z,63,0,0,0,3,16,66.71
2026-08-17,koXY8jim-jM,2025-05-20T00:47:19Z,91,0,0,0,4,12,51.99
2026-08-17,phs6XlqZhC0,2025-05-19T12:22:22Z,117,0,0,0,3,10,34.92
2026-08-17,IFyfqe1rlMk,2025-05-19T00:48:48Z,91,0,0,0,3,10,64.84
2026-08-17,dPWfCjrsoos,2025-05-18T12:19:04Z,125,1,0,0,5,10,45.11
2026-08-17,RMX1GoAmPKc,2025-05-18T00:50:22Z,88,0,0,0,4,11,60.53999999999999
2026-08-17,ZnBMPMXKo58,2025-05-17T12:19:06Z,57,0,0,0,3,19,74.53
2026-08-17,68TQHx52cCY,2025-05-17T00:44:39Z,0,0,0,0,0,0,0
2026-08-17,VvNeswdrLTI,2025-05-16T12:20:14Z,121,0,0,0,8,23,101.05999999999999
2026-08-17,Xxokvejej1E,2025-05-16T00:47:27Z,178,0,0,0,4,7,38.51
2026-08-17,2t2fxmJbGB0,2025-05-15T12:20:58Z,117,0,0,0,4,9,37.76
2026-08-17,UmC_v0_WE80,2025-05-15T00:44:49Z,53,0,0,0,2,15,78.3
2026-08-17,vlc3XNhFDPw,2025-05-14T12:20:22Z,41,0,0,0,0,15,46.97
2026-08-17,Ej7Dr-jsd-c,2025-05-14T00:46:55Z,46,0,0,0,4,20,81.46
2026-08-17,sRYLe_NG6DI,2025-05-13T12:20:11Z,65,0,0,0,3,23,113.98000000000002
2026-08-17,WkahoEceybs,2025-05-13T00:45:58Z,30,0,0,0,0,4,23.68
2026-08-17,ilM07_lXaBM,2025-05-12T12:24:14Z,94,0,0,0,4,12,78.4
2026-08-17,EecjxHYz0ps,2025-05-12T00:48:11Z,112,0,0,0,6,24,114.62
2026-08-17,7y3o1y5Tu6s,2025-05-11T12:18:04Z,264,1,0,0,11,11,65.62
2026-08-17,NjGtESoHmUc,2025-05-11T00:48:57Z,79,0,0,0,2,13,68.86
2026-08-17,zx5DM9ukBF4,2025-05-10T12:18:50Z,190,1,0,0,7,18,68.17
2026-08-17,XM-IhwOVvCI,2025-05-10T00:43:46Z,307,0,0,0,11,17,73.17
2026-08-17,8pTTszih3v4,2025-05-09T12:18:41Z,172,0,0,0,5,15,70.95
2026-08-17,eTDyTZ5JnEs,2025-05-09T00:45:59Z,37,0,0,0,0,5,27.11
2026-08-17,EuYCO8aNOPM,2025-05-08T12:19:56Z,53,0,0,0,1,9,34.96
2026-08-17,TSzeDjpjmpE,2025-05-08T00:46:54Z,67,0,1,0,3,18,66.21
2026-08-17,NcVWi1QmIKk,2025-05-07T12:25:32Z,68,0,0,0,1,12,55.33
2026-08-17,fnP_PnYebjc,2025-05-07T00:47:00Z,200,0,0,0,8,13,59.14
2026-08-17,t96sT3Qq-FU,2025-05-06T12:24:10Z,80,0,0,0,7,61,227.02
2026-08-17,nSNc4Hb3Zgc,2025-05-06T00:46:35Z,40,0,0,0,0,0,0
2026-08-17,espwjgXy838,2025-05-05T12:20:42Z,52,0,0,0,1,13,53.33
2026-08-17,LOCLJ2Sf3aA,2025-05-05T04:45:43Z,52,0,0,0,1,8,31.069999999999997
2026-08-17,hUkDHR8W8BI,2025-05-04T12:17:45Z,88,0,0,0,45,242,1349.02
2026-08-17,C1d2SYSeaG4,2025-05-04T00:51:37Z,77,1,0,0,2,7,30.44
2026-08-17,235BKRdgpFk,2025-05-03T12:19:16Z,40,0,0,0,1,14,52.89
2026-08-17,-bC8O8QlJgA,2025-05-03T00:43:53Z,225,0,0,0,7,9,43.19
2026-08-17,MDp6r2HuNI8,2025-05-02T12:18:04Z,61,0,0,0,1,19,138.57
2026-08-17,xye9xWprlN8,2025-05-02T00:45:07Z,146,0,0,0,4,9,46.77
2026-08-17,EBBJl9x16o4,2025-05-01T12:18:05Z,85,0,0,0,2,7,43.26
2026-08-17,88yWwTHRxuM,2025-05-01T00:52:04Z,64,0,0,0,2,15,45.47
2026-08-17,03pUihkjQSQ,2025-04-30T12:24:53Z,53,0,0,0,1,8,30.42
2026-08-17,gTvEHz8oUck,2025-04-30T00:44:56Z,62,1,0,0,2,12,69.42
2026-08-17,P8m2FRee-Hs,2025-04-29T12:21:40Z,44,0,0,0,3,17,64.1
2026-08-17,JfSbOr27Kk0,2025-04-29T00:45:24Z,39,0,0,0,0,5,19.24
2026-08-17,4Jr_2QZcyrw,2025-04-28T12:18:58Z,67,0,0,0,1,13,65.41
2026-08-17,Wjr65y4hM1I,2025-04-28T00:45:52Z,154,0,0,0,6,11,79.23
2026-08-17,lUFplL1LBm0,2025-04-27T14:49:02Z,36,0,0,0,0,12,54.29999999999999
2026-08-17,GgOzyu_INak,2025-04-27T00:47:33Z,53,0,0,0,3,40,201.66999999999996
2026-08-17,4MJnNsvo53w,2025-04-26T12:17:53Z,165,0,0,0,5,10,53.92
2026-08-17,4aNpi2uLm4w,2025-04-26T00:44:18Z,76,0,0,0,14,63,234.56
2026-08-17,1gKSlD9axkw,2025-04-25T12:19:43Z,78,0,0,0,3,12,39.19
2026-08-17,5g2ZJyQ--Dc,2025-04-25T00:46:17Z,68,0,0,0,2,9,36.62
2026-08-17,dUZwxBwl_mo,2025-04-24T12:20:22Z,69,0,0,0,2,12,40.26
2026-08-17,xvqqvyp6XYw,2025-04-24T00:44:52Z,71,0,0,0,2,14,54.92
2026-08-17,ofnLcJI_STU,2025-04-23T12:19:57Z,55,0,0,0,2,31,112.42000000000002
2026-08-17,0_hnbylTTBg,2025-04-23T00:45:24Z,153,1,0,0,7,10,65.23
2026-08-17,sr2V6XXheAs,2025-04-22T12:18:44Z,56,0,0,0,3,19,86.4
2026-08-17,GjDII9Fkrqk,2025-04-22T00:44:56Z,74,0,0,0,5,26,105.76
2026-08-17,FYOfw1Zz_Yw,2025-04-21T12:20:31Z,89,1,0,0,4,22,73.58
2026-08-17,ZVHhWsZAEUM,2025-04-21T00:48:25Z,71,0,0,0,3,22,92.88
2026-08-17,epOHwc8AkZw,2025-04-20T12:18:28Z,103,2,0,0,5,16,64.02
2026-08-17,LbiHcD1PyjM,2025-04-20T06:27:20Z,77,0,0,0,2,13,59.75
2026-08-17,KyiYdze_V-g,2025-04-20T00:47:33Z,69,1,0,0,1,7,36.86
2026-08-17,iP1DR_4yBDU,2025-04-19T12:17:41Z,44,0,0,0,0,8,38.67
2026-08-17,oCmJ_bk3BvM,2025-04-19T00:44:37Z,90,0,0,0,4,15,36.31
2026-08-17,dqnzyOGZ3aI,2025-04-18T12:18:52Z,89,0,0,0,5,20,67.86
2026-08-17,DzUDd9GV8v8,2025-04-18T00:44:31Z,102,0,0,0,2,7,23.8
2026-08-17,6Tbs7lNSTQU,2025-04-17T12:19:31Z,52,1,0,0,3,18,75.55
2026-08-17,0XQnsZrXjn4,2025-04-17T00:42:48Z,36,0,1,0,1,13,105.49
2026-08-17,-P85g9OoT74,2025-04-16T12:19:16Z,189,0,0,0,8,16,61.3
2026-08-17,Yt1uSAQaXz8,2025-04-16T00:45:27Z,47,0,0,0,1,7,29.43
2026-08-17,AUabED30hEw,2025-04-15T15:12:51Z,95,0,0,0,4,12,37.17
2026-08-17,c2_M9MunhjI,2025-04-15T00:47:34Z,79,0,0,0,4,16,35.79
2026-08-17,shu7C6IkoWE,2025-04-14T12:18:22Z,115,0,0,0,5,14,80.84
2026-08-17,1dvZOni6DHo,2025-04-14T00:47:55Z,53,0,0,0,3,16,70.62
2026-08-17,FD5O6wmAudE,2025-04-13T12:18:51Z,83,0,0,0,3,15,47.48
2026-08-17,DPqoAO4lVsw,2025-04-13T02:11:46Z,131,0,0,0,7,14,53.010000000000005
2026-08-17,W8WYIm7c8sE,2025-04-12T12:15:49Z,79,0,0,0,4,15,84.77
2026-08-17,whyud5rF_Xk,2025-04-12T00:44:17Z,137,0,0,0,8,17,53.49
2026-08-17,upeH7p3lYTw,2025-04-11T12:18:52Z,144,0,0,0,7,20,90.99
2026-08-17,zBSSuDCgEg4,2025-04-11T00:45:44Z,60,0,0,0,4,21,72.99
2026-08-17,Jg2B9SPLvTI,2025-04-10T12:20:39Z,45,0,0,0,1,8,21.13
2026-08-17,laUk3okt-Nk,2025-04-10T00:44:23Z,70,0,0,0,3,26,84.14
2026-08-17,_7TFxr97JVQ,2025-04-09T12:19:29Z,45,0,0,0,5,24,83.52
2026-08-17,iR2C0mR60zs,2025-04-09T00:43:22Z,3,0,0,0,0,12,54.56999999999999
2026-08-17,XVyWWogVGdU,2025-04-08T12:18:39Z,61,0,0,0,2,11,55.50000000000001
2026-08-17,YjVpTGo3Q00,2025-04-08T01:17:43Z,72,0,0,0,4,13,46.06
2026-08-17,aVVeiPPLQdE,2025-04-07T12:19:05Z,40,0,0,0,0,5,23.69
2026-08-17,jvEdORakdUc,2025-04-07T00:46:41Z,93,0,0,0,4,12,46.05
2026-08-17,HyV_GfBmgmE,2025-04-06T16:39:59Z,0,0,0,0,0,0,0
2026-08-17,RJmlh-AheTQ,2025-04-06T12:16:35Z,47,0,0,0,8,94,448.36
2026-08-17,tU3rSMeXUuw,2025-04-06T00:47:58Z,51,0,0,0,2,18,54.14
2026-08-17,0sUXYOFYnUg,2025-04-05T16:50:37Z,50,0,0,0,2,11,49.97
2026-08-17,aFvQ5cF82JE,2025-04-05T00:42:56Z,40,1,0,0,1,11,41.35
2026-08-17,A4eccA916zo,2025-04-04T12:19:08Z,55,0,0,0,2,9,30.25
2026-08-17,l3_-NCoPohk,2025-04-04T00:44:25Z,51,0,0,0,1,12,46.25
2026-08-17,3u9WuhDUNtU,2025-04-03T12:19:19Z,37,0,0,0,0,5,18.52
2026-08-17,PqY6Q-C59bQ,2025-04-03T00:42:36Z,136,0,0,0,7,14,79.14
2026-08-17,aEIVU5PDM_Y,2025-04-02T12:19:24Z,72,0,0,0,2,9,35.62
2026-08-17,O9Dvzofzg4A,2025-04-02T00:45:42Z,177,1,0,0,5,11,30.79
2026-08-17,5fRSI_n5JIw,2025-04-01T12:20:46Z,0,0,0,0,0,0,0
2026-08-17,es5FZakBJhA,2025-04-01T00:50:23Z,77,0,0,0,2,8,29.65
2026-08-17,SHgrwzAXJ18,2025-03-31T14:37:48Z,190,0,0,0,9,11,48.85
2026-08-17,wWFiiMJS3aU,2025-03-31T00:45:30Z,33,1,0,0,6,12,75.88
2026-08-17,obRxtdwnJ4E,2025-03-30T12:18:17Z,39,1,0,0,3,9,37.6
2026-08-17,YNErPIYQaiQ,2025-03-30T00:47:15Z,34,0,0,0,4,10,44.34
2026-08-17,W3TZDvxUtd4,2025-03-29T12:17:47Z,12,0,0,0,3,18,52.57000000000001
2026-08-17,Zvspd5LwwKM,2025-03-29T00:43:48Z,7,0,0,0,1,13,37.83
2026-08-17,c1a4TlA0NLg,2025-03-28T12:17:12Z,5,0,0,0,0,8,61.84
2026-08-17,l34VAYFZkZI,2025-03-28T00:42:03Z,19,1,0,0,14,48,300.99
2026-08-17,N3Xhdj3gjF8,2025-03-27T12:21:00Z,19,1,0,0,3,12,56.779999999999994
2026-08-17,EDJVbBzyH88,2025-03-27T00:44:23Z,9,0,0,0,1,13,36.43
2026-08-17,mPXaXEg1RNI,2025-03-26T12:19:23Z,18,0,0,0,2,12,38.96
2026-08-17,O8SgQs2gb5s,2025-03-26T00:43:10Z,18,0,0,0,4,20,87.14
2026-08-17,D9XjF9gEgxw,2025-03-25T12:17:49Z,18,1,0,0,3,12,74.99
2026-08-17,QdKqBGyFeoI,2025-03-25T00:44:34Z,41,0,0,0,9,17,65.26
2026-08-17,Q1Mik5ASShA,2025-03-24T12:19:28Z,5,0,0,0,1,13,54.89000000000001
2026-08-17,tYB89tYADjM,2025-03-24T02:13:38Z,20,0,0,0,2,8,32.69
2026-08-17,pHF0EHiEsNg,2025-03-24T02:05:55Z,0,0,0,0,0,0,0
2026-08-17,eRClnS1LCCs,2025-03-23T01:56:16Z,15,0,0,0,2,15,71.72
2026-08-17,Ae6nHDU2LJw,2025-03-22T01:47:52Z,18,0,0,0,2,9,38.59
2026-08-17,wtfz55vyKnM,2025-03-21T01:53:13Z,5,0,0,0,1,16,50.55
2026-08-17,o6BlyEGFy3g,2025-03-20T01:49:15Z,2,0,0,0,0,21,84.44
2026-08-17,QjyB8oU6W28,2025-03-19T01:49:08Z,26,0,0,0,27,65,437
2026-08-17,ELm9sCQzEqY,2025-03-18T01:49:29Z,85,5,0,0,23,17,92.63
2026-08-17,vA_wqVo8ybM,2025-03-17T01:53:20Z,20,0,0,0,5,16,58.07
2026-08-17,kpP9o40QSCE,2025-03-16T15:06:00Z,21,2,0,0,4,13,45.09
2026-08-17,xuI7r8KmQC4,2025-03-15T01:46:33Z,11,0,0,0,1,9,46.8
2026-08-17,tJhCCUKC0b0,2025-03-14T01:47:07Z,11,2,0,0,1,9,45.99
2026-08-17,qBEWNVNlghs,2025-03-13T01:51:02Z,14,0,0,0,3,15,44.32
2026-08-17,4SVv53Ae1KE,2025-03-12T01:48:34Z,8,0,0,0,2,17,56.36
2026-08-17,e0cu6XoXXfY,2025-03-11T01:48:35Z,13,0,0,0,1,9,43.37
2026-08-17,WKwqH0_m7Zo,2025-03-10T17:25:22Z,16,0,0,0,2,13,44.15
2026-08-17,xf9viwThsqg,2025-03-10T01:26:07Z,1,0,0,0,0,0,0
2026-08-17,YbFbt3l-xJc,2025-03-09T01:28:22Z,0,0,0,0,0,0,0
2026-08-17,FxkfLtwKcNE,2025-03-08T20:05:09Z,3,2,0,0,0,24,202.03000000000003
2026-08-17,nLl8OoD-iCM,2025-03-08T19:58:02Z,0,0,0,0,0,0,0
2026-08-17,R0QpJvYe3ws,2025-03-08T19:35:07Z,2,1,0,0,0,18,156.44
2026-08-17,QVX-jvxkoLk,2025-03-08T19:19:02Z,0,0,0,0,0,0,0
2026-08-17,4bCG6ewJmNM,2025-03-08T17:07:15Z,2,1,0,0,0,23,65.72
2026-08-17,HJrfyL_-TXg,2025-03-08T16:51:39Z,1,0,0,0,1,76,218.67999999999998
2026-08-17,h3dcmdIDRM4,2025-03-08T01:21:07Z,0,0,0,0,0,0,0
2026-08-17,fZUa99cHfg0,2025-03-07T18:57:40Z,3,0,0,0,0,7,29.39
2026-08-17,ZV_88UU4x5o,2025-03-06T01:46:56Z,0,0,0,0,0,0,0
2026-08-17,AfhxAw2OO7Q,2025-03-05T01:48:35Z,4,0,0,0,0,8,26.85
2026-08-17,gxpql54tZ1E,2025-03-04T01:48:48Z,0,0,0,0,0,0,0
2026-08-17,QefM0oQMg3I,2025-03-03T01:49:53Z,3,0,0,0,0,12,47.04
2026-08-17,xtMA94JSxz0,2025-03-02T01:51:49Z,0,0,0,0,0,0,0
2026-08-17,yl-gQb5ghw0,2025-03-01T01:54:05Z,3,0,0,0,0,38,98.46
2026-08-17,XG0sXawBMFg,2025-02-28T01:47:51Z,1,0,0,0,0,0,0
2026-08-17,quGd2PQgO5Q,2025-02-27T16:56:20Z,0,0,0,0,0,0,0
2026-08-17,Z-xAjlSj9e4,2025-02-26T01:45:58Z,2,1,0,0,0,29,115.35
2026-08-17,sPxxvTx-T2A,2025-02-25T01:47:16Z,1,1,0,0,0,32,105.15999999999998
2026-08-17,8Ll9pxYdKcs,2025-02-24T01:48:07Z,2,0,0,0,0,11,44.07
2026-08-17,sFi-7B8vS-0,2025-02-23T01:50:09Z,3,0,0,0,0,0,0
2026-08-17,xN95DMjGp0U,2025-02-22T01:41:15Z,2,0,0,0,0,39,162.6
2026-08-17,ZK9LzMSYw-Q,2025-02-21T01:44:57Z,4,0,0,0,0,19,71.48
2026-08-17,zogEMDmfX3c,2025-02-20T01:45:19Z,0,0,0,0,0,0,0
2026-08-17,7_1OlSt7XpU,2025-02-19T03:06:18Z,1,1,0,0,0,27,104.97000000000001
2026-08-17,X6EakGRwYn8,2025-02-18T01:42:59Z,1,0,0,0,0,2,13.18
2026-08-17,rzpvm64KO8o,2025-02-17T01:46:34Z,2,0,0,0,0,0,0
2026-08-17,kNabXfqCMDs,2025-02-16T01:50:44Z,2,0,0,0,0,23,78.33
2026-08-17,V6RSbR44l84,2025-02-15T01:41:33Z,0,0,0,0,0,0,0
2026-08-17,8qctDdJ2VkY,2025-02-14T01:44:57Z,4,0,0,0,0,0,0
2026-08-17,21PzViV1IWM,2025-02-13T01:44:49Z,1,0,0,0,0,34,107.61
2026-08-17,eevzllGqXfg,2025-02-12T01:43:02Z,3,1,0,0,0,22,102.63
2026-08-17,T6VpJaGx-A0,2025-02-11T05:51:11Z,5,0,0,0,1,35,127.38000000000001
2026-08-17,ovy8uhzNckE,2025-02-10T01:45:11Z,0,0,0,0,0,0,0
2026-08-17,YwhqUzLuRMQ,2025-02-09T01:48:20Z,2,0,0,0,0,23,77.82
2026-08-17,CEJDCWfXUZI,2025-02-08T01:39:39Z,5,1,0,0,0,8,42.2
2026-08-17,-bMBiVm0myo,2025-02-07T20:23:53Z,1,0,0,0,0,18,96.64
2026-08-17,WsgDaaSrk3U,2025-02-07T01:44:07Z,1,1,0,0,0,34,111.48
2026-08-17,KCMfOKwANH4,2025-02-06T01:44:49Z,18,6,0,1,4,15,60.27
2026-08-17,Lat74n78zMs,2025-02-05T01:43:04Z,0,0,0,0,0,0,0
2026-08-17,XuCNkec8SX4,2025-02-04T16:34:05Z,19,0,0,0,3,15,81.07
2026-08-17,xQ6CrXPJM5k,2025-02-03T23:26:48Z,2,0,0,0,0,13,51.06
2026-08-17,CdEcz1EAAOg,2025-02-03T23:18:09Z,1,0,0,0,0,22,92.58
2026-08-17,mRiHLfwksz4,2025-02-02T01:46:41Z,2,1,0,0,0,35,99.99
2026-08-17,2qfxXpvdrfk,2025-02-01T01:45:34Z,13,1,0,0,1,16,86.26
2026-08-17,LoWEWRS8uGQ,2025-01-31T01:41:37Z,2,1,0,0,0,24,106.61
2026-08-17,PaaDR3GUNxs,2025-01-30T01:39:17Z,3,1,0,0,0,17,101.64999999999999
2026-08-17,V5c-0tFaJXQ,2025-01-29T01:41:39Z,15,1,0,0,2,15,56.43
2026-08-17,ArOTPV66jAs,2025-01-28T01:40:23Z,2,1,0,0,0,18,95.74
2026-08-17,W6lSWIUXEvk,2025-01-27T01:45:14Z,2,1,0,0,1,71,205.42
2026-08-17,X3voezK8ckw,2025-01-26T23:28:59Z,0,0,0,0,0,0,0
2026-08-17,eRXthPAIScE,2025-01-26T23:19:24Z,1,0,0,0,0,9,70.92
2026-08-17,P8lXctHCMgw,2025-01-25T01:30:54Z,1,0,0,0,0,5,23.58
2026-08-17,Ss39SHWOyfI,2025-01-24T19:08:25Z,0,0,0,0,0,0,0
2026-08-17,mmUNb228ljY,2025-01-22T01:44:25Z,5,0,0,0,1,22,68.39
2026-08-17,zM98d8n98hQ,2025-01-21T01:42:10Z,7,0,0,0,2,23,71.92
2026-08-17,WgdXHLit4_E,2025-01-20T01:44:16Z,2,0,0,0,0,24,68.72
2026-08-17,mcLeYiPBWWE,2025-01-19T01:47:13Z,0,0,0,0,0,0,0
2026-08-17,KghSUgPGjzU,2025-01-18T20:13:50Z,9,2,0,0,2,16,63.2
2026-08-17,hihRQIoVgiI,2025-01-18T20:04:27Z,0,0,0,0,0,0,0
2026-08-17,cZIPJo_zzTs,2025-01-18T18:17:46Z,3,0,0,0,0,10,40.05
2026-08-17,VvjWCkEjBLY,2025-01-18T18:04:26Z,1,0,0,0,0,27,107.07
2026-08-24,NITxRuctHdc,2026-08-24T02:02:44Z,0,0,0,0,0,0,0
2026-08-24,xz2_GagRfuU,2026-08-23T13:08:40Z,0,0,0,0,0,0,0
2026-08-24,JPikEohsgJc,2026-08-23T02:05:52Z,0,0,0,0,0,0,0
2026-08-24,u_sXUWh77AU,2026-08-22T13:07:00Z,0,0,0,0,0,0,0
2026-08-24,DjX5ksoWae4,2026-08-22T01:56:15Z,44,1,0,0,1,7,34.97
2026-08-24,_0MNAf8AzNg,2026-08-21T13:18:01Z,0,0,0,0,0,0,0
2026-08-24,3Det8ws7um8,2026-08-21T02:03:16Z,73,3,0,0,5,11,62.19
2026-08-24,pHCp__GzIdQ,2026-08-20T13:18:43Z,58,1,0,0,7,16,52.03
2026-08-24,L_eRG-pnSPc,2026-08-20T01:57:31Z,65,0,0,0,4,11,47.95
2026-08-24,RkdkNbUyih8,2026-08-19T13:15:57Z,259,25,1,0,27,11,59.95
2026-08-24,vwvQ2GWchLI,2026-08-19T01:58:21Z,142,0,0,0,17,17,126.71999999999998
2026-08-24,zrPdde7PA3g,2026-08-18T13:14:48Z,526,4,0,0,39,11,59.699999999999996
2026-08-24,obv00pIto5s,2026-08-18T01:56:35Z,1006,10,2,0,144,15,65.58
2026-08-24,99b3FGVJ_6U,2026-08-17T13:12:06Z,113,1,0,0,5,10,66.84
2026-08-24,fqMnacfREx0,2026-08-17T01:59:30Z,127,4,0,0,7,11,69.47
2026-08-24,Zk4YLU2mjzs,2026-08-16T13:06:31Z,103,3,0,0,5,8,44.96
2026-08-24,xWI2gRakS1w,2026-08-16T02:03:08Z,132,1,0,0,11,16,69.89
2026-08-24,RuxqEuMRGf4,2026-08-15T13:04:28Z,624,10,0,0,74,13,65.06
2026-08-24,v15uIuWOhvI,2026-08-15T01:56:49Z,368,2,1,0,42,14,46.07
2026-08-24,18DG2whKv3c,2026-08-14T13:50:13Z,603,8,0,0,56,9,61.75999999999999
2026-08-24,g445vjUskQo,2026-08-14T03:05:11Z,510,8,0,0,62,16,64.94
2026-08-24,0IvZDdrOZV4,2026-08-13T13:56:01Z,136,4,0,0,13,15,55.2
2026-08-24,htwHq6cbTMk,2026-08-13T03:05:36Z,395,5,1,0,30,10,50.01
2026-08-24,R_fvKDdL6ts,2026-08-12T13:54:01Z,66,0,0,0,3,7,45.03
2026-08-24,ahmkqgE4bd8,2026-08-12T02:51:51Z,391,1,1,0,28,9,46.84
2026-08-24,qEctJSDifEs,2026-08-11T13:49:02Z,279,3,0,0,19,9,75.14
2026-08-24,sz0PdT4Quyw,2026-08-11T02:34:47Z,141,0,0,0,18,15,57.28
2026-08-24,KbxSVcnPpZ8,2026-08-10T13:51:31Z,88,0,0,0,5,8,44.22
2026-08-24,HZ5Z3fnC9Tw,2026-08-10T02:40:11Z,257,0,0,0,22,10,59.73
2026-08-24,zPcnc3Nbgjo,2026-08-09T13:21:50Z,72,0,0,0,5,9,42.97
2026-08-24,_h7eMMcq124,2026-08-09T02:34:52Z,255,2,0,0,14,9,49.19
2026-08-24,P9GVYWCuXpo,2026-08-08T13:17:40Z,749,6,0,0,211,40,227.18000000000004
2026-08-24,rB64aQ89uIc,2026-08-08T02:27:30Z,329,0,0,0,24,11,52.42
2026-08-24,Y98POqLRLso,2026-08-07T13:45:23Z,112,0,0,0,5,8,40.81
2026-08-24,usksACi3kI0,2026-08-07T03:22:16Z,198,0,0,0,8,6,37.75
2026-08-24,JebpqOV1pIs,2026-08-06T14:42:14Z,101,0,0,0,7,10,40.82
2026-08-24,hrXWJiUtirI,2026-08-06T03:47:48Z,1,0,0,0,0,1,5.21
2026-08-24,3upFaT_RGb0,2026-08-05T14:40:22Z,166,0,1,0,8,7,46.67
2026-08-24,bDugWnzTrJc,2026-08-05T03:41:28Z,191,0,0,0,10,9,53.900000000000006
2026-08-24,8ov7-R0BlrU,2026-08-04T14:46:14Z,708,11,7,1,125,19,99.95
2026-08-24,VIciovZtCdc,2026-08-04T03:46:20Z,37,0,0,0,3,18,72.07
2026-08-24,C-KDoVxcC6E,2026-08-03T15:23:33Z,64,0,0,0,3,9,50.14999999999999
2026-08-24,xkm_3gOgLYY,2026-08-03T04:03:47Z,266,0,0,0,16,9,36.3
2026-08-24,TPW1hWGeuCA,2026-08-02T14:03:57Z,296,0,0,0,14,8,46.73
2026-08-24,oPLnn3gb4Oc,2026-08-02T04:00:02Z,836,5,0,0,57,8,63.7
2026-08-24,mQEqp9Dxa5g,2026-08-01T14:03:30Z,168,0,0,0,9,8,27.800000000000004
2026-08-24,u3BYM-0RABA,2026-08-01T03:57:27Z,197,0,0,0,11,9,49.01
2026-08-24,em41mGEv0Qg,2026-07-31T14:43:42Z,51,0,0,0,2,7,34.85
2026-08-24,I5GBaaCvUiw,2026-07-31T03:57:38Z,64,0,0,0,2,7,29.330000000000002
2026-08-24,2ncWfRH3Emc,2026-07-30T14:38:38Z,15,0,0,0,0,8,59.13
2026-08-24,vkhtlya4qXM,2026-07-30T03:37:33Z,231,5,0,0,11,10,42.71
2026-08-24,-fYxSUwVrgk,2026-07-29T14:36:34Z,64,0,0,0,2,4,35.61
2026-08-24,u4wHuIOz7Qc,2026-07-29T03:47:14Z,32,0,0,0,2,12,74.88
2026-08-24,fHajxNlHty8,2026-07-28T14:46:27Z,125,0,0,0,8,9,46.44
2026-08-24,X3LMPfyttE4,2026-07-28T03:43:57Z,415,0,0,0,34,7,43.98
2026-08-24,TNSZ-pGlZa8,2026-07-27T15:20:25Z,132,0,0,0,8,9,59.32999999999999
2026-08-24,VDH3pSafyE0,2026-07-27T04:10:19Z,0,0,0,0,0,0,0
2026-08-24,LdJdsu09-rI,2026-07-26T14:04:59Z,57,1,0,0,3,10,38.58
2026-08-24,Gc7kRCXGyRI,2026-07-26T04:03:23Z,267,1,0,1,21,11,47.97
2026-08-24,fwFDh05XuFg,2026-07-25T14:09:22Z,160,3,0,0,9,9,39.07
2026-08-24,MVY7DpO8COU,2026-07-24T13:13:08Z,211,2,0,0,17,9,61.14000000000001
2026-08-24,jNo2UcuZHFY,2026-07-24T01:21:57Z,70,2,0,0,5,11,74.57
2026-08-24,oo1YCKBqTQ4,2026-07-23T13:19:34Z,29,0,0,0,2,9,61.58
2026-08-24,FmVS87wYWu8,2026-07-23T01:25:47Z,45,0,0,0,3,7,42.47
2026-08-24,21k3HatOeII,2026-07-22T13:16:25Z,71,0,0,0,2,8,55.27000000000001
2026-08-24,Tti7RzkcUoA,2026-07-22T01:18:14Z,318,2,0,0,24,9,61.8
2026-08-24,8YZVI-fcKDU,2026-07-21T13:11:45Z,42,0,0,0,3,9,36.31
2026-08-24,_JNq0AyEnIY,2026-07-21T01:19:41Z,324,3,0,0,21,8,45.53
2026-08-24,rgiHxOEvqoU,2026-07-20T13:46:52Z,671,9,3,0,70,11,54.09
2026-08-24,rDEBC9ESVAQ,2026-07-20T04:07:41Z,57,1,0,0,3,8,36.66
2026-08-24,zUDgKKXJBgM,2026-07-20T01:23:48Z,52,1,0,0,6,14,65.07
2026-08-24,ayziXl17m0c,2026-07-19T12:47:15Z,94,0,0,0,12,16,66.51
2026-08-24,ZBzGoyJUCx0,2026-07-19T01:20:36Z,923,6,0,0,79,11,57.10999999999999
2026-08-24,n6qM8iR6ims,2026-07-18T21:13:57Z,210,1,0,0,17,10,54.05
2026-08-24,jDnK5ylnhjQ,2026-07-18T21:09:06Z,0,0,0,0,0,0,0
2026-08-24,WWb1AoRuH7g,2026-07-18T18:16:22Z,43,0,0,0,1,8,45.08
2026-08-24,2cZjkK3o1IA,2026-07-16T13:14:47Z,15,0,0,0,0,5,18.9
2026-08-24,eEEdtpL4cyw,2026-07-16T01:20:26Z,35,0,0,0,1,8,31.91
2026-08-24,qvNzVCzWebk,2026-07-15T13:06:06Z,0,0,0,0,0,0,0
2026-08-24,ZBqPVauue_g,2026-07-15T01:11:22Z,1,0,0,0,0,0,0
2026-08-24,5_21Ne0q-Fs,2026-07-14T13:02:31Z,3,0,0,0,0,0,0
2026-08-24,mObNAez-IlQ,2026-07-14T01:13:27Z,0,0,0,0,0,0,0
2026-08-24,QkgCWIwxD3E,2026-07-13T13:56:47Z,0,0,0,0,0,0,0
2026-08-24,Rydumn0lE94,2026-07-13T01:24:34Z,1,0,0,0,0,0,0
2026-08-24,l9AqGu1uTUQ,2026-07-12T12:49:18Z,0,0,0,0,0,0,0
2026-08-24,DDcvqQy8RnE,2026-07-12T01:22:24Z,20,0,0,0,0,6,32.38
2026-08-24,UsOMmaGyYss,2026-07-11T12:47:47Z,0,0,0,0,0,0,0
2026-08-24,TmbiTORWNpI,2026-07-11T01:20:34Z,5,0,0,0,0,15,83.59
2026-08-24,Wh1uSphGS-g,2026-07-10T13:53:03Z,2,0,0,0,0,0,0
2026-08-24,a1O87cs5n1E,2026-07-10T01:26:39Z,24,0,0,0,2,28,204.97
2026-08-24,1ypGKtEuTV0,2026-07-09T14:27:26Z,42,0,0,0,2,12,36.59
2026-08-24,4TSVJGnrMOU,2026-07-09T01:31:13Z,28,0,0,0,1,9,30.130000000000003
2026-08-24,5w14vR6XgGY,2026-07-08T13:24:59Z,31,0,0,0,1,9,40.91
2026-08-24,o7altf6Nuu0,2026-07-08T01:22:41Z,46,0,0,0,1,8,33.25
2026-08-24,aQfDx8zU8lg,2026-07-07T14:03:13Z,36,0,0,0,1,13,64.78
2026-08-24,K0jUxVx52eA,2026-07-07T01:50:04Z,61,0,0,0,3,14,52.77
2026-08-24,uyAcGze4n-8,2026-07-06T14:52:48Z,36,0,0,0,1,8,42.72
2026-08-24,PiM5eyfzzN4,2026-07-06T01:53:42Z,51,0,0,0,1,15,53.56000000000001
2026-08-24,ZKm3JhPECqY,2026-07-05T13:02:55Z,53,0,0,0,1,5,45.76
2026-08-24,lmTMeDUGDcA,2026-07-05T01:46:55Z,31,0,0,0,0,0,1.92
2026-08-24,PyVjO_ly0X4,2026-07-04T12:56:17Z,75,1,0,0,2,9,41.9
2026-08-24,q8qmHdsO2tE,2026-07-04T01:30:33Z,40,0,0,0,1,14,43.8
2026-08-24,2e7Kv0ygByk,2026-07-03T13:30:36Z,58,0,0,0,2,11,55.95
2026-08-24,m7B-a0gAE-w,2026-07-03T01:31:20Z,84,0,0,0,4,16,64.59
2026-08-24,Ew0DhFnRphc,2026-07-02T13:27:43Z,76,0,0,0,1,7,26.5
2026-08-24,COv968CDkps,2026-07-02T02:00:41Z,28,0,0,0,0,9,41.35
2026-08-24,XN8m2g_KtSU,2026-07-01T14:03:24Z,9,0,0,0,0,0,0
2026-08-24,VLtrJCd8z2U,2026-07-01T02:07:26Z,27,0,0,0,0,18,80.87
2026-08-24,y10BJK79lS0,2026-06-30T13:52:00Z,48,0,0,0,2,34,149.32
2026-08-24,t0RB-eM8FE0,2026-06-30T02:02:00Z,74,0,0,0,5,53,215
2026-08-24,Uy6Am6bGpHo,2026-06-29T15:26:01Z,75,0,0,0,1,11,58.68
2026-08-24,aLBldXz93uI,2026-06-29T02:07:15Z,36,0,0,0,0,0,0
2026-08-24,7tyZTlgVMSE,2026-06-28T13:11:17Z,54,1,0,0,1,12,47.88
2026-08-24,WPGLuU5qiZ4,2026-06-28T02:06:54Z,44,0,0,0,1,31,130.83
2026-08-24,Ow2ZB_F-Mhs,2026-06-27T13:05:26Z,26,0,0,0,0,0,0
2026-08-24,KUsMC7ES9V4,2026-06-27T01:56:51Z,47,0,0,0,1,12,44.14
2026-08-24,UzDEeT_P2BM,2026-06-26T13:57:43Z,30,0,0,0,0,11,42.16
2026-08-24,PHwXbGtrJ9w,2026-06-26T02:03:33Z,115,0,0,0,5,15,55.2
2026-08-24,TfSGBtZyZtw,2026-06-25T13:59:36Z,1,0,0,0,0,0,0
2026-08-24,uLwi4BDdcOY,2026-06-25T02:01:41Z,17,0,0,0,1,15,60.13
2026-08-24,k-oVHVz0yLQ,2026-06-24T14:01:26Z,22,0,0,0,1,10,57.02
2026-08-24,2-VYQaD0K5w,2026-06-24T01:57:02Z,0,0,0,0,0,0,0
2026-08-24,b3fM56tOEZ8,2026-06-23T14:16:14Z,5,0,0,0,0,0,0
2026-08-24,TnIK09MnzMk,2026-06-23T01:58:15Z,26,0,0,0,1,11,58.709999999999994
2026-08-24,7wOS6HW3iJ0,2026-06-22T16:23:58Z,51,0,0,0,1,10,65.99
2026-08-24,THoUiYynamI,2026-06-22T02:51:05Z,40,0,0,0,1,16,76.83
2026-08-24,-1CXUMdWWWc,2026-06-20T13:22:38Z,38,1,0,0,1,10,48.71
2026-08-24,9IYU_ID1nvc,2026-06-20T02:04:39Z,48,0,0,0,1,11,61.04999999999999
2026-08-24,6rQrwPWhAZk,2026-06-19T14:37:42Z,15,0,0,0,1,21,127.69
2026-08-24,AwS-N3wGtIY,2026-06-19T02:43:46Z,45,0,0,0,1,12,39.12
2026-08-24,aep0ZaK_uuE,2026-06-18T14:42:11Z,41,0,0,0,2,15,59.20000000000001
2026-08-24,1XviKdnqqxQ,2026-06-18T02:15:40Z,25,0,0,0,1,10,37.72
2026-08-24,RKpXQF2Cvac,2026-06-17T14:48:19Z,17,0,0,0,1,10,37.74
2026-08-24,PoBImeODvcM,2026-06-17T02:17:14Z,21,0,0,0,0,18,80.5
2026-08-24,58Ln6cOHzWQ,2026-06-16T16:21:13Z,17,0,0,0,0,10,34.64
2026-08-24,IRfpl8J1tyg,2026-06-16T02:32:11Z,0,0,0,0,0,0,0
2026-08-24,OSAxctK1YeQ,2026-06-15T16:51:19Z,16,0,0,0,0,28,143
2026-08-24,WMtdvIuqN78,2026-06-15T02:19:02Z,4,0,0,0,0,26,96.7
2026-08-24,Z_hZZdpQsCU,2026-06-14T13:25:32Z,16,0,0,0,0,7,37.3
2026-08-24,hvtBrQnNDTc,2026-06-14T02:14:04Z,3,0,0,0,0,0,0
2026-08-24,QEvCOl6UYB4,2026-06-13T13:20:43Z,23,0,0,0,1,11,49.24
2026-08-24,TNWEvgtxnws,2026-06-13T02:04:01Z,42,0,0,0,1,13,57.09000000000001
2026-08-24,O3nuyJrtDbI,2026-06-12T14:33:48Z,15,0,0,0,1,16,54.25
2026-08-24,FamOoF1b858,2026-06-12T02:10:07Z,54,0,0,0,2,11,62.46000000000001
2026-08-24,9HUpoJQxuTQ,2026-06-11T15:30:02Z,103,1,1,0,12,24,87.58
2026-08-24,Pa5-pkP2oLo,2026-06-11T02:15:02Z,2,0,0,0,0,22,95.87
2026-08-24,2vuAyeMlSZc,2026-06-10T14:48:29Z,17,0,0,0,0,15,56.86
2026-08-24,EfSnigy5qWs,2026-06-10T02:03:57Z,15,0,0,0,0,6,24.56
2026-08-24,CA54_6wBYU4,2026-06-09T14:17:03Z,8,0,0,0,0,4,18.68
2026-08-24,4F9n4ASSoyo,2026-06-09T01:54:09Z,8,0,0,0,0,37,113.64000000000001
2026-08-24,-nvuU_y_8_E,2026-06-08T15:50:06Z,16,0,0,0,1,15,48.89
2026-08-24,cQ-oMf-_1QQ,2026-06-04T14:29:35Z,2,0,0,0,0,24,104.68000000000002
2026-08-24,rr6nzN5oJ2c,2026-06-04T02:29:58Z,17,0,0,0,0,10,40.06
2026-08-24,QRM6UUMHLmI,2026-06-03T16:12:16Z,50,1,0,0,2,15,69.05
2026-08-24,dJxm8EmuEWA,2026-06-03T02:31:24Z,34,0,0,0,0,10,60.64000000000001
2026-08-24,_3Tyz7MMKfs,2026-06-02T15:54:12Z,1,0,0,0,0,0,0
2026-08-24,cdBTZtGTRLc,2026-06-02T02:14:16Z,79,0,0,0,3,15,62.96000000000001
2026-08-24,aB8JK_oSzsg,2026-06-01T17:12:39Z,20,0,0,0,0,4,18.33
2026-08-24,_CQ21b00USk,2026-06-01T02:13:33Z,37,0,0,0,1,11,49.46
2026-08-24,z0RgE3ICznk,2026-05-31T13:10:15Z,102,0,0,0,1,4,18.85
2026-08-24,zScHM9PLz8I,2026-05-31T02:06:20Z,36,0,0,0,0,8,26.82
2026-08-24,k5zn4acPpUI,2026-05-30T12:59:58Z,30,0,0,0,1,16,73.23
2026-08-24,_-68Vupc72E,2026-05-30T01:53:35Z,38,0,0,0,1,12,45.54
2026-08-24,IEzcuLqB4Hk,2026-05-29T14:35:28Z,38,0,0,0,0,6,27.82
2026-08-24,nE-fK666H-k,2026-05-29T02:09:20Z,32,0,0,0,1,21,73.89
2026-08-24,SQWL2XXURlQ,2026-05-27T14:50:57Z,35,0,0,0,0,8,34.17
2026-08-24,NECLIdtBb8Y,2026-05-27T02:04:03Z,9,0,0,0,0,16,75.76
2026-08-24,Jx5vFFIw3aQ,2026-05-26T14:32:39Z,29,0,0,0,0,13,68.51
2026-08-24,N1Kx1hncTtk,2026-05-26T01:55:43Z,36,0,0,0,2,16,82.01
2026-08-24,O7nWBuiKCMA,2026-05-25T14:30:01Z,46,0,0,0,1,11,51.61
2026-08-24,YOXFrbyZE18,2026-05-25T02:06:02Z,60,0,0,0,2,12,34.88
2026-08-24,5bTXHxmRRrI,2026-05-24T12:56:25Z,38,0,0,0,1,6,32.98
2026-08-24,R5rNaCViup0,2026-05-24T01:58:12Z,11,0,0,0,0,15,60.38
2026-08-24,5hbmKcjQBKo,2026-05-23T12:55:21Z,39,0,0,0,1,8,48.15
2026-08-24,d7lMOez3lo0,2026-05-23T01:51:29Z,44,0,0,0,2,13,56.58
2026-08-24,rDP66Dc87y0,2026-05-22T14:11:36Z,48,0,0,0,1,8,42.23
2026-08-24,eNtTaxr27X4,2026-05-22T02:01:52Z,2,0,0,0,0,0,0
2026-08-24,6oJofI4mv7Y,2026-05-21T14:38:00Z,39,0,0,0,1,14,71.73
2026-08-24,Divf9JOY8NI,2026-05-21T01:59:19Z,9,0,0,0,0,5,18.67
2026-08-24,NuMUIm_H2yE,2026-05-20T02:00:21Z,7,0,0,0,0,4,17.5
2026-08-24,aqtLfLz69JQ,2026-05-19T14:31:09Z,12,0,0,0,1,13,44.91
2026-08-24,zl2E9fzMFIM,2026-05-19T01:59:36Z,37,0,0,0,1,11,59.01
2026-08-24,9zytdpS8BGY,2026-05-18T14:51:14Z,38,0,0,0,2,14,67.55
2026-08-24,xxmD4auX9u8,2026-05-18T01:59:58Z,29,0,0,0,0,10,43.17
2026-08-24,pEOupFWnI18,2026-05-17T12:50:45Z,22,0,0,0,1,13,59.67
2026-08-24,zZgNLXkpCzk,2026-05-17T01:52:36Z,43,0,0,0,0,8,24.36
2026-08-24,_F2w2zepTzY,2026-05-16T12:55:42Z,35,0,0,0,4,21,74.08
2026-08-24,p8TVoKVG2Hg,2026-05-16T01:34:56Z,38,0,0,0,1,10,34.09
2026-08-24,vjf6FlxFNPU,2026-05-15T13:23:55Z,30,0,0,0,0,13,83.34
2026-08-24,vClAbUxtC9k,2026-05-15T01:55:20Z,52,0,0,0,2,11,37.89
2026-08-24,IfcStfSD-xE,2026-05-14T13:25:35Z,5,0,0,0,0,12,63.16
2026-08-24,kC771l-ZIMs,2026-05-14T01:56:23Z,45,0,0,0,2,24,96.23
2026-08-24,JAj8Z0JF9bw,2026-05-13T01:53:55Z,35,0,0,0,1,19,68.1
2026-08-24,QNAMVsSV9fU,2026-05-12T13:33:14Z,20,0,0,0,0,8,52.019999999999996
2026-08-24,CujpPVcgKf8,2026-05-12T01:47:48Z,42,0,0,0,1,11,53.36
2026-08-24,n8PhjWs1VC4,2026-05-11T14:19:53Z,38,0,0,0,0,6,24.33
2026-08-24,U2N9JcGK0tw,2026-05-11T01:51:46Z,13,0,0,0,0,9,67.64
2026-08-24,kkq2lla3Ijk,2026-05-10T12:48:46Z,80,0,0,0,2,8,50.61
2026-08-24,hG-FHHrwj8k,2026-05-10T01:45:58Z,48,0,0,0,0,7,32.04
2026-08-24,rkZQY4ctBzs,2026-05-09T12:48:40Z,35,0,0,0,0,6,33.75
2026-08-24,cWvDojw7QAw,2026-05-09T01:32:30Z,6,0,0,0,0,0,0
2026-08-24,cb00sZJAhfY,2026-05-08T13:05:32Z,0,0,0,0,0,0,0
2026-08-24,ineAlKZZgT8,2026-05-08T01:49:27Z,9,0,0,0,0,0,0
2026-08-24,vLqETKLW6OM,2026-05-07T13:26:03Z,39,0,0,0,1,9,39.73
2026-08-24,Yi9VlhJH_CY,2026-05-07T01:33:00Z,25,0,0,0,0,9,35.33
2026-08-24,WoXydzDKD1s,2026-05-06T13:26:40Z,39,0,0,0,0,5,23.52
2026-08-24,cLCvISVXvCA,2026-05-06T02:37:34Z,0,0,0,0,0,0,0
2026-08-24,oMlnEP5n5xw,2026-05-05T01:30:04Z,20,0,0,0,0,14,50.63999999999999
2026-08-24,atW-HBIAlxQ,2026-05-04T13:19:03Z,24,0,0,0,0,9,52.54
2026-08-24,Mf8NfWdVVds,2026-05-04T01:29:13Z,354,0,0,0,7,11,62.24000000000001
2026-08-24,O-6GZJkof9Q,2026-05-03T12:42:39Z,45,0,0,0,1,9,36.55
2026-08-24,vzE-eDX_rBc,2026-05-03T01:30:33Z,36,0,0,0,0,11,45.72
2026-08-24,Q0DFFs6cgTA,2026-05-02T12:43:32Z,32,0,0,0,1,14,55.81
2026-08-24,bAXO4HlnAA4,2026-05-02T01:26:27Z,31,0,0,0,0,15,85.5
2026-08-24,bR-d2N5QaNs,2026-05-01T12:51:37Z,66,0,0,0,1,9,44.21
2026-08-24,E0MprQIfkkA,2026-05-01T01:49:52Z,178,0,0,0,4,9,35.38
2026-08-24,TtKVgo-PB9Q,2026-04-30T13:18:02Z,59,0,0,0,1,10,40.19
2026-08-24,7LuNcXo11nU,2026-04-30T01:34:45Z,40,0,0,0,1,11,37.57
2026-08-24,t5Qmur-4n3M,2026-04-29T13:19:22Z,35,0,0,0,1,20,77.36
2026-08-24,eM7d4r-pfW8,2026-04-29T01:49:26Z,78,0,0,0,2,9,28.63
2026-08-24,4EaCBpZRPMo,2026-04-28T13:27:12Z,23,0,0,0,0,12,58.489999999999995
2026-08-24,ql5yIIiP79M,2026-04-28T04:50:56Z,48,0,0,0,1,15,69.18
2026-08-24,mSifBN2lxHw,2026-04-26T12:38:05Z,46,0,0,0,1,8,52.239999999999995
2026-08-24,IJMaVrHNfyc,2026-04-26T01:24:19Z,48,0,0,0,1,9,42.91
2026-08-24,oYJhnmW0AaI,2026-04-25T12:37:39Z,29,0,0,0,0,0,0
2026-08-24,Tu6dvaFUK70,2026-04-25T01:16:39Z,39,0,0,0,0,16,56.39999999999999
2026-08-24,gZSr5qx8oeg,2026-04-24T12:55:48Z,28,0,0,0,0,7,32.61
2026-08-24,i0iIsb9n9VM,2026-04-24T01:22:16Z,28,0,0,0,0,17,85.34
2026-08-24,pdpS-_jLTVE,2026-04-23T12:57:27Z,38,0,0,0,1,23,95.02
2026-08-24,JksOCivT2Bc,2026-04-23T01:23:23Z,36,0,0,0,0,10,38.6
2026-08-24,YDbmBfmYgN0,2026-04-22T12:57:53Z,102,0,0,0,2,10,39.25
2026-08-24,bSqSTFuAvf8,2026-04-22T01:17:16Z,106,0,0,0,2,8,41.46
2026-08-24,3QLoo5Qs8VE,2026-04-21T12:57:21Z,50,0,0,0,1,9,37.25
2026-08-24,zBcr6A0X_mk,2026-04-21T01:19:14Z,70,0,0,0,2,16,61.71
2026-08-24,ZIqroAx4CZE,2026-04-20T13:02:58Z,35,0,0,0,0,13,53.73
2026-08-24,DNgq_qW1fA0,2026-04-20T01:21:35Z,62,0,0,0,1,6,27.73
2026-08-24,zqaDMDkpZDo,2026-04-20T00:32:54Z,50,0,0,0,1,20,91.95
2026-08-24,GI6Aqq2E6vE,2026-04-18T12:35:57Z,94,1,0,0,2,7,33.1
2026-08-24,S8WCu3_OkLQ,2026-04-18T01:13:14Z,77,1,0,0,1,14,54.79999999999999
2026-08-24,T0DREMCs_tM,2026-04-17T12:54:43Z,21,0,0,0,0,17,51.13999999999999
2026-08-24,HCHvfX-xRlc,2026-04-17T01:18:54Z,31,0,0,0,0,14,85.92
2026-08-24,6fQe1YosVJw,2026-04-16T13:03:38Z,1,0,0,0,0,0,0
2026-08-24,om2Y9-WmjuE,2026-04-16T01:22:06Z,4,0,0,0,0,0,0
2026-08-24,XVvAky0zLB8,2026-04-15T12:57:13Z,39,0,0,0,1,15,55.25
2026-08-24,hKwwTsuCZJk,2026-04-15T01:16:59Z,68,0,0,0,2,11,50.629999999999995
2026-08-24,fJpzcD4bFNA,2026-04-14T12:57:49Z,46,0,0,0,0,5,22.43
2026-08-24,-AS2aH34UOg,2026-04-14T01:19:35Z,0,0,0,0,0,0,0
2026-08-24,12F1wsmOYOY,2026-04-13T01:20:52Z,57,0,0,0,1,11,41.55
2026-08-24,9wid0pEfNso,2026-04-12T12:37:53Z,6,0,0,0,0,0,0
2026-08-24,BYzdCmSths0,2026-04-12T01:19:31Z,51,0,0,0,1,13,49.96
2026-08-24,SIA9YHj7IzE,2026-04-11T17:59:14Z,94,0,0,0,3,17,66.14
2026-08-24,KHax2aPAOLM,2026-04-08T01:14:48Z,63,1,0,0,2,14,56.11999999999999
2026-08-24,x48Y5AiqNL4,2026-04-07T12:55:32Z,66,0,0,0,2,12,34.87
2026-08-24,Dm-N0t4-3L4,2026-04-07T01:12:45Z,37,0,0,0,0,12,60.35
2026-08-24,O7hMpgD9I_w,2026-04-06T12:43:44Z,49,1,0,0,1,11,63.62
2026-08-24,XA5MI3B6y3s,2026-04-06T01:14:24Z,155,0,0,0,7,9,48.1
2026-08-24,syLtpZe97p0,2026-04-05T12:32:18Z,74,1,0,0,1,10,35.03
2026-08-24,tDEdhE0wjIs,2026-04-04T12:30:34Z,126,0,0,0,6,16,53.83
2026-08-24,-Fme6XarNok,2026-04-04T01:05:49Z,63,0,0,0,1,9,44.73
2026-08-24,qWE6WMKLZQ4,2026-04-03T12:37:56Z,77,0,0,0,2,16,60.74
2026-08-24,6aUEBmQLjO0,2026-04-03T01:13:04Z,64,0,0,0,2,12,42.37
2026-08-24,f0gyZCEFFhQ,2026-04-02T12:45:50Z,35,0,0,0,0,4,16.71
2026-08-24,UA2UmThZEKE,2026-04-02T01:09:22Z,105,0,0,0,3,11,44.19
2026-08-24,gpaghTLJEzQ,2026-04-01T12:50:55Z,63,0,1,0,2,15,58.11999999999999
2026-08-24,zrZ-lr-lvgU,2026-04-01T02:38:18Z,63,0,0,0,1,6,38.86
2026-08-24,n0FOvZvGh5Y,2026-03-31T01:12:37Z,34,0,0,0,2,11,47.99
2026-08-24,b7ksr31Qkf0,2026-03-30T12:49:48Z,0,0,0,0,0,0,0
2026-08-24,fYBNO_nCOD4,2026-03-30T01:15:12Z,67,0,0,0,1,14,56.84
2026-08-24,z9rFY8GLOOY,2026-03-29T12:29:50Z,67,0,0,0,1,10,50.16
2026-08-24,WO8uAQLhGIE,2026-03-29T01:13:54Z,63,0,0,0,1,11,51.33
2026-08-24,5wUh_6vu2Go,2026-03-28T12:29:44Z,7,0,0,0,0,19,92.38
2026-08-24,JdpsABS7pKw,2026-03-28T01:06:42Z,38,0,0,0,0,13,45.12
2026-08-24,C_L3cdiUtoc,2026-03-27T12:38:06Z,29,0,0,0,1,9,33.43
2026-08-24,r8F0QXGNJbM,2026-03-27T01:10:49Z,32,0,0,0,1,11,55.74
2026-08-24,2Dd0b5yRvwo,2026-03-26T12:46:11Z,35,0,0,0,1,9,47.92
2026-08-24,LmctWQZyEvA,2026-03-26T01:11:07Z,1,0,0,0,0,0,0
2026-08-24,vHhsy6xkkSY,2026-03-25T12:39:16Z,0,0,0,0,0,0,0
2026-08-24,2BYS3ku1_Qs,2026-03-25T01:07:56Z,4,0,0,0,0,0,0
2026-08-24,hjkriefSr1w,2026-03-24T12:43:37Z,56,0,0,0,1,14,52.7
2026-08-24,XdFwGAuSE7U,2026-03-24T05:02:03Z,61,0,0,0,1,8,47.11
2026-08-24,-JFTX50ZtQk,2026-03-21T12:24:49Z,212,0,0,0,5,18,81.89
2026-08-24,Zq2m1kRL6q0,2026-03-21T01:00:27Z,119,1,0,0,4,11,38.02
2026-08-24,AKLcTliJFL8,2026-03-20T12:33:26Z,37,0,0,0,0,8,29.4
2026-08-24,fhhV1egGhNI,2026-03-20T01:03:37Z,53,0,0,0,1,7,37.97
2026-08-24,j-bjsPsftRo,2026-03-19T12:37:00Z,47,0,0,0,1,14,51.790000000000006
2026-08-24,-4NwUpvi8ng,2026-03-19T01:07:12Z,103,0,0,0,3,14,68.37
2026-08-24,W0c6udxdcHY,2026-03-18T12:43:23Z,40,0,0,0,0,5,18.7
2026-08-24,4nItZBXbg1E,2026-03-18T01:08:15Z,33,0,0,0,0,4,18.64
2026-08-24,ep1qq76H6ks,2026-03-17T12:43:33Z,72,0,0,0,2,15,56.69
2026-08-24,UNuHYP9-wqo,2026-03-17T01:04:36Z,74,0,0,0,1,10,45.69
2026-08-24,b_6YnowMPpM,2026-03-16T12:44:40Z,81,1,0,0,3,11,39.95
2026-08-24,V40i1wyTyC8,2026-03-16T01:11:58Z,61,0,0,0,1,7,34.06
2026-08-24,YKR_FyTNu3M,2026-03-15T12:27:36Z,54,0,0,0,2,16,65.69
2026-08-24,eFJKq7ChQVE,2026-03-15T01:11:23Z,61,0,0,0,1,6,36.17
2026-08-24,sqh-tKCq2UA,2026-03-14T12:25:56Z,62,0,0,0,1,10,40.39
2026-08-24,OaGDrxJs5jE,2026-03-14T01:01:50Z,89,0,0,0,2,8,28.499999999999996
2026-08-24,xOKf3tbA7to,2026-03-13T12:33:53Z,90,1,0,0,3,14,44
2026-08-24,NaHEZrAUApQ,2026-03-13T01:02:51Z,60,0,0,0,1,8,30.409999999999997
2026-08-24,u8j6UgwcAWE,2026-03-12T12:33:58Z,184,0,0,0,4,12,40.31
2026-08-24,4143nMw1ySw,2026-03-12T00:56:59Z,48,0,0,0,0,0,0
2026-08-24,-DQSkoMoQZw,2026-03-11T12:34:00Z,63,0,0,0,2,13,54.04
2026-08-24,BveJhXXeWew,2026-03-11T01:00:33Z,63,0,0,0,2,15,51.080000000000005
2026-08-24,b87wxLO0_f4,2026-03-10T12:34:31Z,89,1,0,0,2,7,26.05
2026-08-24,qBqjHbqsBEM,2026-03-10T00:59:16Z,64,0,0,0,1,20,74.93
2026-08-24,pDMzcV3D7Hc,2026-03-09T12:45:57Z,72,0,0,0,1,10,45.5
2026-08-24,DehiGK5t_uQ,2026-03-09T01:04:03Z,47,0,0,0,1,9,41.24
2026-08-24,5LLvE-nWsac,2026-03-08T12:26:54Z,183,1,0,0,8,14,47.03
2026-08-24,ytglD92ZCKY,2026-03-08T01:03:40Z,77,0,0,0,2,9,42.51
2026-08-24,D43fOoEvRiU,2026-03-07T18:20:23Z,42,0,0,0,0,7,24.38
2026-08-24,PQekC8_mq9U,2026-03-05T12:34:57Z,47,0,0,0,1,22,95.56
2026-08-24,2EqR9wS2Q8I,2026-03-05T01:04:18Z,99,0,0,0,3,10,43.69
2026-08-24,Ycci77WFitE,2026-03-04T12:31:37Z,128,0,0,0,6,15,65.49
2026-08-24,h_1EvAZD-8s,2026-03-04T01:01:20Z,105,0,0,0,2,9,41.17
2026-08-24,n-0NrVBgWGA,2026-03-03T12:33:14Z,72,0,0,0,2,11,40.51
2026-08-24,ixoTePG8L7k,2026-03-03T01:04:39Z,45,0,0,0,1,6,38.75
2026-08-24,dkcprpuQVwU,2026-03-02T12:32:20Z,40,0,0,0,1,13,54.31
2026-08-24,A53opaIG3a0,2026-03-02T01:02:30Z,94,0,0,0,3,7,46.23
2026-08-24,DfcBrzVHQ90,2026-03-01T12:25:26Z,74,0,0,0,2,11,39.94
2026-08-24,iykldQ76W7Q,2026-03-01T01:10:37Z,177,0,0,0,11,17,57.32000000000001
2026-08-24,nlnvOR4QLow,2026-02-28T12:22:45Z,49,0,0,0,1,15,75.02
2026-08-24,2vORckqweJ8,2026-02-28T00:56:51Z,63,0,0,0,1,15,54.50000000000001
2026-08-24,UnNlXUaYBU4,2026-02-27T12:32:55Z,79,0,0,0,3,27,117.89
2026-08-24,pPXch1Fsu6Q,2026-02-27T01:03:37Z,48,0,0,0,1,17,60.56
2026-08-24,7jX6bNGmVsk,2026-02-26T16:25:07Z,30,0,0,0,0,11,69.81
2026-08-24,IzdKRyCenzc,2026-02-26T01:02:37Z,31,0,0,0,1,15,50.74999999999999
2026-08-24,96oYUXW1pBw,2026-02-25T12:38:01Z,34,0,0,0,2,16,62.17
2026-08-24,3Pp3MUfmhNE,2026-02-25T01:08:19Z,0,0,0,0,0,0,0
2026-08-24,Hb78GB9PtEY,2026-02-24T12:37:32Z,33,1,0,0,0,7,40.07
2026-08-24,Jbq-Eap63y8,2026-02-24T01:03:00Z,79,0,0,0,2,15,68.75
2026-08-24,TNz0IN0G0xo,2026-02-23T12:36:36Z,0,0,0,0,0,0,0
2026-08-24,B01SjrM0O2Q,2026-02-23T01:03:48Z,58,0,0,0,1,17,97.81
2026-08-24,rX6MPpz51FE,2026-02-22T12:24:18Z,33,0,0,0,0,5,26.32
2026-08-24,6Mr6AlNDiT8,2026-02-22T01:05:02Z,0,0,0,0,0,0,0
2026-08-24,EU_EZFH_g2o,2026-02-21T12:24:14Z,5,0,0,0,0,0,0
2026-08-24,wFXehYoCg9E,2026-02-21T01:00:07Z,50,0,0,0,1,12,61.46
2026-08-24,SXe6AH6SFSk,2026-02-20T12:33:18Z,28,0,0,0,0,23,95.2
2026-08-24,9uOhp9bPWmM,2026-02-20T01:01:38Z,9,0,0,0,0,6,29.520000000000003
2026-08-24,aQUnfLgpEq0,2026-02-19T12:36:05Z,8,0,0,0,0,0,0
2026-08-24,vRLOsY8jCf0,2026-02-19T03:42:50Z,76,0,1,0,2,11,53.400000000000006
2026-08-24,OCBFsNL9PNU,2026-02-17T01:04:42Z,110,0,0,0,4,17,63
2026-08-24,PXWcYPr7Omo,2026-02-16T12:34:48Z,130,0,0,0,4,15,87.07
2026-08-24,X55oBmu1ezo,2026-02-16T01:04:58Z,42,0,0,0,0,4,22.5
2026-08-24,3mUEEsOzNqU,2026-02-15T12:25:24Z,41,0,0,0,1,10,41.87
2026-08-24,qzsX1iUsMnM,2026-02-15T01:07:42Z,64,0,0,0,3,27,99.34
2026-08-24,89JtSG4iVsA,2026-02-14T12:23:30Z,41,0,0,0,1,11,51.46999999999999
2026-08-24,PcOD2_1othA,2026-02-14T01:02:42Z,60,0,0,0,2,10,38.61
2026-08-24,lBorBD-wejA,2026-02-13T12:33:39Z,125,0,0,0,3,13,43.9
2026-08-24,klumNyrvIQg,2026-02-13T01:09:16Z,131,0,0,0,5,13,45.88
2026-08-24,tJ0B_ZSe4-0,2026-02-12T12:37:06Z,154,1,0,0,7,12,69.81
2026-08-24,xwxQmh3BrH4,2026-02-12T01:05:11Z,57,0,0,0,2,11,47.28
2026-08-24,KBtePfFvUws,2026-02-11T12:40:50Z,119,0,0,0,5,14,62.39
2026-08-24,uODHjXY2kqc,2026-02-11T01:12:56Z,50,0,0,0,2,13,51.89
2026-08-24,4Njh8cdvW5w,2026-02-10T12:44:28Z,34,0,0,0,0,6,40.65
2026-08-24,8pEemfuXl74,2026-02-10T01:15:16Z,55,0,0,0,1,30,101
2026-08-24,b4tny2EG7kM,2026-02-09T12:40:24Z,158,0,0,0,6,9,48.97
2026-08-24,QLzyNIxy-0k,2026-02-09T01:06:08Z,86,0,0,0,2,18,94.9
2026-08-24,k_bGGxcqkWQ,2026-02-08T12:24:47Z,43,0,0,0,1,12,60.56
2026-08-24,QUvyUEOIFcY,2026-02-08T01:20:22Z,92,0,0,0,4,17,70.06
2026-08-24,_yj8qFj_c_o,2026-02-07T12:24:22Z,127,0,0,0,7,11,44.66
2026-08-24,pdT4jk2KxU4,2026-02-07T00:59:32Z,48,0,0,0,1,8,46.19
2026-08-24,rbq64uH4irY,2026-02-06T12:33:39Z,69,0,0,0,1,11,36.05
2026-08-24,FRrzAOfIsh0,2026-02-06T01:00:14Z,153,0,0,0,5,11,51.53
2026-08-24,YFHRUTj8xeE,2026-02-05T12:35:00Z,59,0,0,0,2,14,56.43
2026-08-24,FZBy_yqhT5g,2026-02-05T01:02:53Z,133,0,0,0,6,9,45.93
2026-08-24,LN9z5FPHDmA,2026-02-04T12:33:27Z,125,1,0,0,5,9,43
2026-08-24,gNravpCcDCo,2026-02-04T01:00:45Z,0,0,0,0,0,0,0
2026-08-24,1VcsP7QNhxw,2026-02-03T12:33:18Z,90,0,0,0,4,17,70.66
2026-08-24,MUXCB4BxKbc,2026-02-03T01:04:27Z,45,0,0,0,1,11,53.56000000000001
2026-08-24,5l3UTqchtpg,2026-02-02T12:32:40Z,60,0,0,0,3,14,58.36
2026-08-24,SvIn_cEBJG0,2026-02-02T01:04:39Z,82,0,0,0,13,93,388.53
2026-08-24,SoyzMc1na_8,2026-02-01T12:24:24Z,42,0,0,0,1,10,44.12
2026-08-24,07Mfq1dhiJg,2026-02-01T01:11:17Z,63,0,0,0,2,19,70.07
2026-08-24,Ztqx3Myofwo,2026-01-31T12:24:07Z,56,0,0,0,1,9,27.43
2026-08-24,bsaD1cSmXkA,2026-01-31T00:58:35Z,43,0,0,0,0,14,54.02
2026-08-24,sWUfDxSRdp0,2026-01-30T12:28:50Z,136,0,0,0,4,10,74.3
2026-08-24,H2W6mhWfeMU,2026-01-30T01:00:51Z,89,0,0,0,6,15,60.35
2026-08-24,Gc53wfoTpu4,2026-01-29T16:02:58Z,38,0,0,0,1,12,48.93
2026-08-24,PgbAGpSsB1I,2026-01-28T00:54:02Z,109,0,0,0,3,13,45.05
2026-08-24,1yCT5-9hUmA,2026-01-27T12:24:29Z,37,0,0,0,0,0,0
2026-08-24,SUWQ8Allb_M,2026-01-26T12:24:55Z,163,0,0,0,7,12,53.55
2026-08-24,ViOQ5c1vM1I,2026-01-26T00:57:53Z,105,0,0,0,3,15,63.17
2026-08-24,ozxoy8JJgag,2026-01-25T00:58:33Z,37,0,0,0,0,9,42.17
2026-08-24,SjE0oaTOM2U,2026-01-24T12:21:37Z,210,0,0,0,7,22,65.76
2026-08-24,fUyA8HoBxm4,2026-01-24T00:50:34Z,102,0,0,0,4,11,49.77
2026-08-24,kUeBkvKtifE,2026-01-23T12:23:51Z,76,0,0,0,2,11,53.16
2026-08-24,1NjWzWWPYGk,2026-01-23T00:53:23Z,98,0,0,0,4,15,67.07
2026-08-24,1yw_y7DZILM,2026-01-22T12:25:46Z,130,0,0,0,7,11,47.97
2026-08-24,ieBibN_NFi4,2026-01-22T00:54:16Z,105,0,0,0,5,22,71.26
2026-08-24,Lzn8i_3QxyQ,2026-01-21T12:24:55Z,88,0,0,0,3,18,82.08
2026-08-24,b7-hRk00vBY,2026-01-21T02:03:34Z,309,1,0,0,16,13,52.35999999999999
2026-08-24,wzrCnh_cx38,2026-01-19T12:24:52Z,60,0,0,0,1,10,42.96
2026-08-24,nFiWF8pBOdE,2026-01-19T00:56:21Z,157,1,0,0,5,11,54.52
2026-08-24,ailU9L3hHCA,2026-01-18T12:19:45Z,208,0,0,0,5,9,72.35
2026-08-24,tEbQwwQB0UI,2026-01-18T00:57:50Z,82,0,0,0,1,12,47.4
2026-08-24,Y0Fj37HV_o4,2026-01-17T12:19:41Z,56,1,0,0,1,5,27.91
2026-08-24,pmg5-dykDZU,2026-01-17T00:49:25Z,110,0,0,0,4,13,65.72
2026-08-24,kaIHDp90cf4,2026-01-16T12:22:00Z,70,0,0,0,2,9,55.45
2026-08-24,KNtqlDQDY10,2026-01-16T00:52:38Z,224,1,0,0,8,12,65.42
2026-08-24,3vq3Zd6uxtU,2026-01-15T12:24:16Z,243,2,0,0,13,14,48.02
2026-08-24,ySxlAX5nhjU,2026-01-15T00:50:13Z,93,0,0,0,4,16,61.6
2026-08-24,njCG2PJKEpA,2026-01-14T12:24:19Z,103,0,0,0,4,10,37.06
2026-08-24,C1TOy6a0dxI,2026-01-14T00:53:28Z,173,2,0,0,6,9,58.17
2026-08-24,rN0DF7i_3wU,2026-01-13T12:25:10Z,36,0,0,0,0,5,18.23
2026-08-24,WRwrZDyTJ2o,2026-01-13T05:18:51Z,38,0,0,0,1,9,41.77
2026-08-24,5VDp8xr8PMw,2026-01-12T00:55:14Z,189,0,0,0,7,14,74.82
2026-08-24,-eFSzJLoCmk,2026-01-11T12:21:09Z,165,0,0,0,7,13,59.3
2026-08-24,k-rUw2TVYs8,2026-01-11T00:57:40Z,151,0,0,0,5,10,49.1
2026-08-24,Md2_HGkjEmQ,2026-01-10T12:19:57Z,166,0,0,0,5,11,52.96999999999999
2026-08-24,SUCUfIo6MH4,2026-01-10T00:50:48Z,82,0,0,0,3,13,56.87
2026-08-24,FFNwRRPqXLc,2026-01-09T12:22:37Z,50,0,0,0,1,8,47.93
2026-08-24,QSTdknWa4gQ,2026-01-08T12:24:04Z,40,0,0,0,1,7,31.96
2026-08-24,DazZAvrhRKI,2026-01-08T00:50:30Z,110,0,0,0,2,8,48.12
2026-08-24,cqhF9hro86M,2026-01-07T12:22:59Z,112,0,0,0,2,10,54.59
2026-08-24,Qjze3mrpiaE,2026-01-07T00:50:57Z,36,0,0,0,0,11,78.67
2026-08-24,SUI99n7yB_U,2026-01-06T00:51:02Z,102,0,0,0,3,9,51.03
2026-08-24,2nIDH-gIDhQ,2026-01-05T12:23:37Z,75,0,0,0,2,8,32.7
2026-08-24,wXEuAdlXM_M,2026-01-05T04:59:54Z,79,0,0,0,1,10,48.88
2026-08-24,xjP-OITrIT4,2025-12-31T00:52:35Z,48,0,0,0,1,8,27.02
2026-08-24,yh4jE0h28KA,2025-12-30T12:22:50Z,107,0,0,0,3,13,57.75
2026-08-24,_lBSpyvMgjw,2025-12-30T00:49:10Z,302,0,0,0,5,6,39.08
2026-08-24,9xKSMqEzQAM,2025-12-29T00:56:57Z,90,0,0,0,4,18,60.25
2026-08-24,OPdvBceQCCE,2025-12-28T12:19:38Z,63,0,0,0,1,8,50.44
2026-08-24,18FMuOikGQE,2025-12-28T00:57:32Z,41,0,0,0,0,17,80.45
2026-08-24,lAIIM4vuUSs,2025-12-27T12:20:12Z,92,0,0,0,2,10,50.43
2026-08-24,eaCy2RgCOe8,2025-12-27T00:48:31Z,127,1,0,0,6,15,71.01
2026-08-24,S4SHNb3-W3Q,2025-12-26T12:21:04Z,61,0,0,0,1,9,47.22
2026-08-24,1goDD83ipeQ,2025-12-26T00:50:19Z,95,0,0,0,4,17,71.45
2026-08-24,DmhxO5mlvxo,2025-12-25T12:22:02Z,115,0,0,0,4,12,51.24999999999999
2026-08-24,AKbv7xTvxnQ,2025-12-25T00:49:59Z,96,1,0,0,3,13,50.97999999999999
2026-08-24,0wI-gF3lGLM,2025-12-24T12:21:25Z,75,0,0,0,2,16,80.38
2026-08-24,9ieCGBvL-Bg,2025-12-24T03:45:47Z,51,0,0,0,1,8,40.12
2026-08-24,uGeiWkgtDP8,2025-12-22T00:53:16Z,130,1,0,0,5,13,65.78
2026-08-24,McHdknbY2cU,2025-12-21T12:19:35Z,44,1,0,0,1,15,71.9
2026-08-24,aN61kpao8HI,2025-12-21T00:54:41Z,187,0,0,0,5,11,49.01
2026-08-24,LP9DKhWavDA,2025-12-20T12:21:03Z,47,0,0,0,1,8,24.28
2026-08-24,fDS63LcxhNk,2025-12-20T00:47:34Z,151,0,0,0,4,13,46.68
2026-08-24,2HxaPdFdrAE,2025-12-19T12:21:23Z,305,0,0,0,13,12,60.06
2026-08-24,zP021DqgYA4,2025-12-19T00:49:03Z,146,0,0,0,3,10,53.26
2026-08-24,UMYm5lJHF6s,2025-12-18T12:21:22Z,89,0,1,0,3,13,82.36
2026-08-24,6j1gLZK5aJQ,2025-12-18T00:46:26Z,48,1,0,0,1,11,50.18
2026-08-24,a-0M7qv4ECM,2025-12-17T12:23:19Z,68,0,0,0,1,11,39.25
2026-08-24,lF9gvPG7YEY,2025-12-17T00:45:41Z,48,0,0,0,1,13,81.34
2026-08-24,or2vlbZ8PUo,2025-12-16T12:21:46Z,41,0,0,0,0,7,49.05
2026-08-24,w0u7iPVS4kg,2025-12-16T00:50:07Z,49,0,0,0,2,15,69.61
2026-08-24,ChBrBKj_FL0,2025-12-15T12:23:43Z,80,1,0,0,2,7,33.02
2026-08-24,pkVeQWwOH1M,2025-12-14T00:55:44Z,71,0,0,0,1,10,35.54
2026-08-24,tdK_vfJlYIU,2025-12-13T12:19:52Z,56,1,0,0,1,7,25.19
2026-08-24,rKfPskTw4uE,2025-12-13T00:46:03Z,55,0,0,0,1,10,62.43
2026-08-24,X253-VhbDHQ,2025-12-12T12:22:27Z,38,0,0,0,0,32,131.93
2026-08-24,kWgeQ8_3gf4,2025-12-12T00:49:39Z,107,0,0,0,3,9,42.79
2026-08-24,XAzSHS1CHFY,2025-12-11T12:22:27Z,73,0,0,0,1,9,64.15
2026-08-24,L6Wc8lnn4DU,2025-12-11T00:51:08Z,1657,0,0,0,42,14,50.83
2026-08-24,MtheX2OJMDQ,2025-12-10T12:22:34Z,55,0,0,0,0,5,23.83
2026-08-24,E1ibjYdkrbQ,2025-12-10T00:49:51Z,33,0,0,0,0,0,0
2026-08-24,U5_e3bmCbZY,2025-12-09T12:22:22Z,39,0,0,0,1,8,40.45
2026-08-24,t2DSE_ojmik,2025-12-06T00:47:45Z,77,0,0,0,3,25,75.8
2026-08-24,SRE8VHmGAqw,2025-12-05T12:22:14Z,61,0,0,0,2,12,56.50999999999999
2026-08-24,1avSfbfo6nQ,2025-12-05T00:49:35Z,91,1,0,0,2,19,64.34
2026-08-24,qL9y-Y4m8YY,2025-12-04T12:22:55Z,37,0,0,0,0,5,22.41
2026-08-24,XfbgEEaqypE,2025-12-04T00:49:06Z,54,0,0,0,1,6,21.96
2026-08-24,eFDnU8gaEJM,2025-12-03T00:47:59Z,48,0,0,0,0,4,22.28
2026-08-24,hxIwlu8ep-k,2025-12-02T12:23:15Z,55,0,0,0,1,13,52.87
2026-08-24,K3wSItDBg1k,2025-12-02T00:48:54Z,100,0,0,0,3,15,57.37
2026-08-24,hA9HyqaFyHM,2025-12-01T12:22:12Z,35,0,0,0,0,4,19.7
2026-08-24,tZQoZXF9Ud4,2025-12-01T00:58:59Z,102,0,0,0,1,4,19.94
2026-08-24,f-c69bkm6io,2025-11-30T12:18:54Z,91,0,0,0,3,10,50.36999999999999
2026-08-24,MsaO1qV-Ln0,2025-11-30T00:56:14Z,78,0,0,0,1,6,29.07
2026-08-24,BFEdIXRH-Fo,2025-11-29T00:47:12Z,58,0,0,0,1,17,53.03
2026-08-24,aFMkajr0L0o,2025-11-28T00:46:39Z,117,0,0,0,3,9,33.46
2026-08-24,HijWOdHKdH0,2025-11-27T12:22:09Z,116,0,0,0,5,21,85.38
2026-08-24,XVyf5d0eCE8,2025-11-27T00:46:29Z,54,0,0,0,1,10,52.31
2026-08-24,-KPak8LRUiA,2025-11-26T12:22:12Z,47,0,0,0,0,5,23.29
2026-08-24,FMgGUvkXlkI,2025-11-26T00:48:06Z,64,0,0,0,1,11,43.69
2026-08-24,DLiRMEwNnDc,2025-11-25T12:22:48Z,96,0,0,0,2,10,37.3
2026-08-24,bhWV305AZCg,2025-11-25T00:46:53Z,48,0,0,0,1,8,32.41
2026-08-24,NA7EumyAw4s,2025-11-24T12:21:38Z,38,0,0,0,0,4,15.770000000000001
2026-08-24,BQIHokBkLZM,2025-11-23T12:19:00Z,157,1,0,0,8,17,65.4
2026-08-24,7y-j8FAsFM8,2025-11-23T00:54:00Z,112,0,0,0,3,14,76.71
2026-08-24,DWwGPzpDyr8,2025-11-22T12:19:18Z,30,0,0,0,0,4,13.350000000000001
2026-08-24,UrD-Q-oBE-k,2025-11-22T00:45:23Z,123,0,0,0,2,14,61.42999999999999
2026-08-24,Q9VgwFN3UIg,2025-11-21T12:20:39Z,37,0,0,0,0,5,19.63
2026-08-24,oZ1KoF4YsaU,2025-11-21T00:47:44Z,42,0,0,0,1,12,46.25
2026-08-24,DEdYVTobd2c,2025-11-20T12:21:38Z,65,0,0,0,1,10,48.47
2026-08-24,Pvy_Sx_1IU8,2025-11-20T00:45:47Z,98,0,0,0,3,9,50.42
2026-08-24,W6nZEkKaMns,2025-11-19T12:21:58Z,60,0,0,0,2,18,72.17
2026-08-24,DCe_h8sqrhA,2025-11-19T00:49:16Z,36,0,0,0,0,8,28.859999999999996
2026-08-24,vMCVHEX6X-4,2025-11-18T12:22:09Z,22,1,0,0,0,9,36
2026-08-24,Qbqrzbs0TY8,2025-11-18T00:47:59Z,44,0,0,0,1,7,24.75
2026-08-24,lqXVwyhxzwQ,2025-11-17T12:21:08Z,54,0,0,0,2,12,62.69
2026-08-24,KzpeOdp-c1U,2025-11-17T00:49:32Z,28,0,0,0,1,14,47.49
2026-08-24,__BTJr7239g,2025-11-16T12:17:43Z,28,0,0,0,0,9,66.43
2026-08-24,tY5h-MOkj0k,2025-11-16T00:50:03Z,38,0,0,0,1,7,45.82
2026-08-24,7qvvyYK7pjM,2025-11-15T12:18:21Z,90,0,0,0,5,16,83.88
2026-08-24,bEBT1HmsU0w,2025-11-15T00:45:59Z,46,0,0,0,1,12,63.16
2026-08-24,EC3qu-J6O3o,2025-11-14T12:21:09Z,34,0,0,0,0,10,54.059999999999995
2026-08-24,Lu_GOCfqqsE,2025-11-14T00:47:41Z,99,0,0,0,3,10,44.19
2026-08-24,BmX41hUYTEo,2025-11-13T12:22:25Z,45,0,0,0,1,10,49.78
2026-08-24,bmt7t2cUv0g,2025-11-13T00:47:51Z,49,0,0,0,1,10,39.11
2026-08-24,maKQnP1Fbm0,2025-11-12T12:22:16Z,44,0,0,0,0,6,24.21
2026-08-24,dfi7G15BoPU,2025-11-12T00:48:22Z,146,0,0,0,5,14,53.90999999999999
2026-08-24,EaW6off6I-g,2025-11-11T12:21:15Z,25,0,0,0,0,5,22.01
2026-08-24,x4iAzzoynWo,2025-11-11T00:48:12Z,69,0,0,0,2,11,48.53
2026-08-24,uf8gxiLsKt4,2025-11-10T12:21:45Z,80,1,0,0,2,9,36.44
2026-08-24,IrFYVHvsGGI,2025-11-10T00:50:07Z,109,2,1,0,5,19,73.74
2026-08-24,nM5RQOj527Q,2025-11-09T20:46:27Z,67,0,0,0,1,7,48.87
2026-08-24,9X9J9HcnjRQ,2025-11-08T12:17:39Z,47,0,0,0,0,8,58.050000000000004
2026-08-24,tmyiz1EyOJ0,2025-11-08T00:44:46Z,28,0,0,0,0,4,23.9
2026-08-24,aiE5zJEb4LQ,2025-11-07T12:21:37Z,9,0,0,0,0,0,0
2026-08-24,RL-aV22hT3Q,2025-11-07T00:48:10Z,59,0,0,0,1,18,61.9
2026-08-24,iqjcjekQ4DA,2025-11-06T12:20:18Z,53,0,0,0,1,8,52.18000000000001
2026-08-24,0_Qr1FDSRUQ,2025-11-06T00:48:24Z,115,0,0,0,7,23,70.33
2026-08-24,VBWrqM7y_nY,2025-11-05T12:22:42Z,7,0,0,0,0,5,17.81
2026-08-24,7MDyZHXM6SQ,2025-11-05T00:48:17Z,189,0,0,0,5,11,64.9
2026-08-24,mFP_gIstEt8,2025-11-04T00:47:50Z,75,1,0,0,2,10,60.27
2026-08-24,5o0kd4B5OG8,2025-11-03T12:22:17Z,60,0,0,0,1,8,27.83
2026-08-24,6_QsBHeIods,2025-11-03T00:50:50Z,71,0,0,0,1,6,23.61
2026-08-24,ey4lxj-MxF8,2025-11-02T00:51:27Z,67,0,0,0,1,14,54.7
2026-08-24,d-oDeuxr9YY,2025-11-01T12:19:24Z,42,0,0,0,1,10,48.59
2026-08-24,qu68AwRcQUs,2025-11-01T00:49:48Z,44,0,0,0,1,9,34.72
2026-08-24,FpraVnRBn_g,2025-10-31T12:22:10Z,26,0,0,0,0,8,30.070000000000004
2026-08-24,YbyoErWHPrQ,2025-10-31T00:49:14Z,189,0,0,0,5,9,27.440000000000005
2026-08-24,r2GTq9pmDSw,2025-10-30T12:20:36Z,70,0,0,0,3,17,85.82
2026-08-24,DiOCz3pzEJQ,2025-10-30T00:47:38Z,105,0,0,0,3,13,60.49
2026-08-24,atBZitOWh8s,2025-10-29T15:48:23Z,11,0,0,0,1,18,78.78
2026-08-24,8iSmE8YXGKE,2025-10-29T00:49:21Z,41,0,0,0,1,8,41.28
2026-08-24,Cl-_JI9q_Vk,2025-10-28T12:21:06Z,86,0,0,0,3,13,54.18999999999999
2026-08-24,MzZ_20dPW-Y,2025-10-28T00:47:00Z,50,0,0,0,2,13,50.2
2026-08-24,0jhH6KZpmL8,2025-10-27T12:25:22Z,41,0,0,0,1,15,35.83
2026-08-24,FnNJckzMN4I,2025-10-27T00:50:00Z,62,0,0,0,11,75,345.36
2026-08-24,EHmOrNhP6eU,2025-10-26T12:20:55Z,35,0,0,0,1,19,64.42
2026-08-24,kaF2LpvGDE8,2025-10-26T00:48:33Z,67,0,0,0,2,9,44.47
2026-08-24,MrNfRJleZa4,2025-10-25T12:20:50Z,77,0,0,0,5,18,57.96
2026-08-24,cxkwv1-VWKM,2025-10-25T00:44:59Z,33,0,0,0,1,12,66.78
2026-08-24,CMt6N9OYHc4,2025-10-24T12:22:09Z,51,0,0,0,2,17,58.17
2026-08-24,fsKpdj-hOBc,2025-10-24T00:45:25Z,30,0,0,0,0,11,41.39
2026-08-24,g5WH6g6SXzo,2025-10-23T12:23:47Z,2,0,0,0,0,23,87.78
2026-08-24,whO3TbZRN2s,2025-10-23T00:46:43Z,123,1,0,0,5,16,47.28
2026-08-24,9udR2t3StDg,2025-10-22T12:21:57Z,147,1,0,0,8,12,54.25
2026-08-24,rPz60XxcTho,2025-10-22T01:47:39Z,26,0,0,0,0,11,42.26
2026-08-24,Z05lza3afe0,2025-10-20T12:21:15Z,72,0,0,0,4,18,66.29
2026-08-24,5b5VRHg-xnM,2025-10-20T00:50:25Z,62,0,0,0,2,20,102.51999999999998
2026-08-24,6ge3dzSKuAU,2025-10-19T12:19:54Z,47,0,0,0,2,15,55.94
2026-08-24,qjVcEZB3imM,2025-10-19T00:51:20Z,24,0,0,0,0,11,60.02000000000001
2026-08-24,qf7bSeDljc4,2025-10-18T12:19:43Z,3,0,0,0,0,20,87.87
2026-08-24,rbTkKE75_c0,2025-10-18T00:43:16Z,68,0,0,0,3,11,53.05
2026-08-24,ri2RZwr5J_4,2025-10-17T12:22:47Z,63,0,0,0,3,15,60.8
2026-08-24,v1zftajT1M0,2025-10-17T00:46:54Z,35,0,0,0,1,9,36.8
2026-08-24,pG8D3fHo7Kc,2025-10-16T12:21:59Z,109,1,0,0,27,97,444.34
2026-08-24,vQrRjChYLTc,2025-10-16T00:47:28Z,1,0,0,0,0,26,92.31
2026-08-24,xQVwOjXeNg0,2025-10-15T12:22:00Z,8,0,0,0,0,0,0
2026-08-24,iM0KR2-32f0,2025-10-15T00:47:34Z,4,0,0,0,0,14,52.57000000000001
2026-08-24,QkRtBzgp7LY,2025-10-14T12:23:44Z,14,0,0,0,0,20,87.39
2026-08-24,67qAhXRjlfA,2025-10-14T00:43:57Z,156,0,0,0,7,16,87.48
2026-08-24,SDLOOe8fi1M,2025-10-11T12:18:01Z,156,1,0,0,5,13,90.37
2026-08-24,b9tm03RKVpI,2025-10-11T00:42:33Z,19,0,0,0,0,7,44.05
2026-08-24,aDZm7fyKxZg,2025-10-10T12:22:18Z,53,0,0,0,2,18,88.29
2026-08-24,5gf43PikwPY,2025-10-10T00:44:00Z,251,0,0,0,23,32,163.81
2026-08-24,zgkkKMEvI4c,2025-10-09T12:22:48Z,67,0,0,0,2,10,39
2026-08-24,nsWYanXH4WQ,2025-10-09T00:45:59Z,22,0,0,0,0,28,92.61
2026-08-24,LQrAelHASPo,2025-10-08T12:22:30Z,19,0,0,0,1,16,82.67
2026-08-24,TovBq4xQFsc,2025-10-08T00:44:25Z,3,0,0,0,0,17,85.95
2026-08-24,Fl0RC5BJ3Pk,2025-10-07T12:22:14Z,75,0,0,0,3,16,82.9
2026-08-24,083VndBSBQA,2025-10-07T00:44:03Z,4,0,0,0,0,26,102.42
2026-08-24,9c2q7_r-q2Y,2025-10-06T12:22:15Z,4,0,0,0,1,35,116.06
2026-08-24,YGxrFAg3YOg,2025-10-05T12:19:04Z,70,0,0,0,3,17,82.2
2026-08-24,GcTz74gCsok,2025-10-05T00:49:33Z,55,0,0,0,3,26,118.53
2026-08-24,xvsX438rApQ,2025-10-04T19:15:22Z,38,0,0,0,1,17,92.17
2026-08-24,wsQMaYdr88Q,2025-09-20T12:18:35Z,146,1,0,0,7,12,51.22
2026-08-24,n4yje0t1LrQ,2025-09-20T00:43:59Z,44,0,0,0,1,19,49.76
2026-08-24,bvSYCI4URs8,2025-09-19T12:20:04Z,50,0,0,0,2,13,67.56
2026-08-24,SvIlF1anibo,2025-09-19T00:45:59Z,79,0,0,0,3,15,69
2026-08-24,G__3jx9sIcE,2025-09-18T12:21:43Z,135,0,0,0,8,15,63.019999999999996
2026-08-24,1rwy6xm5h8U,2025-09-18T00:43:45Z,49,0,0,0,2,14,67.42
2026-08-24,rSnz3nrgTFg,2025-09-17T12:21:43Z,38,0,0,0,1,7,30.59
2026-08-24,HTnmcw1VZsc,2025-09-17T00:44:19Z,178,0,0,0,6,13,46.08
2026-08-24,E7qHyD4bGJs,2025-09-16T12:21:39Z,46,0,0,0,1,7,28.110000000000003
2026-08-24,2clRmgMM1Us,2025-09-16T00:43:33Z,77,0,0,0,3,10,38.31
2026-08-24,YMnreQdpm5Y,2025-09-15T12:22:51Z,47,0,0,0,2,11,45.31
2026-08-24,n9WrhduYV3U,2025-09-15T00:53:32Z,66,0,0,0,3,12,60.35
2026-08-24,TjeZN7Gnx04,2025-09-14T12:18:57Z,46,0,0,0,2,15,65.95
2026-08-24,78zx-NQ3wVI,2025-09-14T00:48:31Z,2,0,0,0,0,16,65.13
2026-08-24,YxugVSFp3T0,2025-09-13T22:01:50Z,42,0,0,0,2,19,65.73
2026-08-24,kAI33hsvcUs,2025-08-22T12:20:10Z,75,0,0,0,3,12,43.67
2026-08-24,usvmmNihqZE,2025-08-22T00:45:55Z,49,0,0,0,2,11,49.84
2026-08-24,FJiDKJhqzMk,2025-08-21T12:21:38Z,64,0,0,0,3,11,44.99
2026-08-24,4KNrxnn4LYA,2025-08-21T00:44:57Z,25,0,0,0,0,24,92.3
2026-08-24,F7bl42wdwsk,2025-08-20T12:19:34Z,47,1,0,0,1,17,92.99
2026-08-24,2TQ1xDxSPko,2025-08-20T00:45:59Z,49,0,0,0,2,18,71.35
2026-08-24,2SEMOGewnt0,2025-08-19T12:20:22Z,47,0,0,0,4,18,91.17
2026-08-24,jl43kb2Mrl8,2025-08-19T00:46:39Z,37,0,0,0,0,8,56.11000000000001
2026-08-24,5ghuUk0uXKo,2025-08-18T12:22:15Z,5,0,0,0,1,37,129.19
2026-08-24,sZH-Vd6Q0Pg,2025-08-18T00:53:45Z,26,0,0,0,1,17,66.13
2026-08-24,n27QrIxIwBM,2025-08-17T12:19:46Z,21,0,0,0,1,13,43.56
2026-08-24,tj8faNubOXU,2025-08-17T00:54:38Z,40,0,0,0,1,16,54.55
2026-08-24,96EZNoOx5vk,2025-08-16T12:19:15Z,23,0,0,0,1,14,68.96
2026-08-24,KaojabYOzx0,2025-08-16T00:46:15Z,12,0,0,0,3,66,301.33
2026-08-24,THOj9YbvwsE,2025-08-15T15:23:30Z,6,0,0,0,0,27,82.97
2026-08-24,BZosJFoh2-E,2025-08-14T12:21:40Z,12,0,0,0,0,10,51.93
2026-08-24,TxfJxCoufW8,2025-08-14T00:48:45Z,47,0,0,0,1,18,74.15
2026-08-24,u4SLrBeU4P8,2025-08-13T12:21:24Z,83,0,0,0,5,15,60.91
2026-08-24,Lcr_-bsm-yU,2025-08-13T00:48:58Z,52,0,0,0,1,11,58.28
2026-08-24,loW9tXPftEI,2025-08-12T12:21:02Z,120,0,0,0,4,11,42.64
2026-08-24,mIZqOrlU3V4,2025-08-12T00:48:01Z,50,0,0,0,1,9,49.71
2026-08-24,Vu85YbKD2uA,2025-08-11T12:22:21Z,34,0,0,0,1,13,49.35
2026-08-24,2ihzs4ltkz4,2025-08-11T00:56:43Z,32,0,0,0,1,12,37.95
2026-08-24,cRrYtcVjQIM,2025-08-10T12:18:58Z,31,0,0,0,0,9,47.53
2026-08-24,oMMCSoJOPFY,2025-08-10T00:58:04Z,45,0,0,0,5,22,74.06
2026-08-24,71ERRmCB7uY,2025-08-09T12:20:09Z,37,0,0,0,1,13,52.09
2026-08-24,DOMkPDITAig,2025-08-09T00:47:31Z,71,0,0,0,3,13,49.92
2026-08-24,Z_8PUimecoU,2025-08-08T12:22:09Z,124,0,0,0,8,14,76.75
2026-08-24,798aPt3idGI,2025-08-08T00:55:22Z,32,0,0,0,1,15,49.46
2026-08-24,nJ_CeCMDjgo,2025-08-07T13:02:00Z,74,0,0,0,3,10,45.34
2026-08-24,F6bItVNWey4,2025-08-07T00:53:42Z,73,0,0,0,3,12,62.39
2026-08-24,EjwJ28Zg0Zs,2025-08-06T12:23:15Z,49,0,0,0,1,9,37.62
2026-08-24,NbSU5rDcqA8,2025-08-06T00:55:01Z,49,0,0,0,2,14,50.85999999999999
2026-08-24,OTdnZwnqZto,2025-08-05T12:22:59Z,57,0,0,0,2,13,56.92
2026-08-24,dP37FHj8nHg,2025-08-05T00:53:37Z,89,0,0,0,3,10,64.74
2026-08-24,jWk424bgg84,2025-08-04T12:23:46Z,59,1,0,0,2,21,96.11
2026-08-24,8-zs2bzAYok,2025-08-03T12:19:46Z,55,0,0,0,3,13,53.81
2026-08-24,XWpZCVCgX-A,2025-08-03T00:58:49Z,70,1,0,0,2,13,63.79
2026-08-24,AoN4FPURjpo,2025-08-02T12:20:33Z,50,0,0,0,2,11,48.38
2026-08-24,b1CT89GMN6o,2025-08-02T00:47:59Z,170,0,0,0,9,21,134.87
2026-08-24,ip4v0KcNBTg,2025-08-01T12:22:38Z,123,0,0,0,4,10,45.26
2026-08-24,b9uiF9O5AVk,2025-08-01T01:01:34Z,173,0,0,0,16,13,40.12
2026-08-24,v80VsDnL6vk,2025-07-31T12:21:40Z,40,0,0,0,1,9,39.46
2026-08-24,ukGL5TXbjDc,2025-07-31T02:11:20Z,39,0,0,0,1,9,42.58
2026-08-24,baIn3WnCR_s,2025-07-30T00:52:36Z,117,1,0,0,7,19,106.57
2026-08-24,dHLGC_aLh38,2025-07-29T12:22:49Z,44,0,0,0,1,10,44.03
2026-08-24,8T2wjykQY8M,2025-07-29T00:56:50Z,106,1,0,0,3,8,46.47
2026-08-24,2mlwNI9mKVc,2025-07-28T12:23:00Z,64,0,0,0,3,14,53.43
2026-08-24,ZI_z_4_Pdfg,2025-07-28T00:56:19Z,123,0,0,0,4,10,51.12
2026-08-24,Lm7_gHvmrWc,2025-07-27T12:20:02Z,49,0,0,0,2,14,78.63
2026-08-24,9c3PnUunMrI,2025-07-27T00:56:38Z,69,0,0,0,2,9,53.22
2026-08-24,eohklwMcu8s,2025-07-26T12:20:31Z,75,0,0,0,4,15,52.300000000000004
2026-08-24,JMfUVNqH-v8,2025-07-26T00:50:36Z,56,0,1,0,2,15,57.56
2026-08-24,kCiWEditH2c,2025-07-25T12:22:32Z,97,0,0,0,6,20,63.31
2026-08-24,VzRORbvYeU8,2025-07-25T00:53:02Z,62,0,0,0,3,13,31.15
2026-08-24,TaYTYLmXSpw,2025-07-24T12:23:07Z,61,0,0,0,3,17,68.87
2026-08-24,eojAkEGYKy8,2025-07-24T00:51:50Z,29,0,0,0,1,14,64.98
2026-08-24,jDNLDjwedSI,2025-07-23T12:22:35Z,66,0,0,0,5,21,92.96
2026-08-24,l-MK9FDyZGo,2025-07-23T01:53:38Z,39,0,0,0,1,14,52.93
2026-08-24,MTISyE2GK90,2025-07-22T00:51:23Z,272,1,0,0,20,20,103.61
2026-08-24,xaxoboKmsp8,2025-07-21T12:23:00Z,53,0,0,0,3,15,52.14
2026-08-24,YYQPFxAyXlA,2025-07-21T00:55:19Z,94,0,0,0,4,13,57.26
2026-08-24,C-pKshzaFI4,2025-07-20T12:19:56Z,860,1,0,0,57,14,70.46
2026-08-24,2cXstg2g1oo,2025-07-20T00:58:48Z,107,0,0,0,7,18,61.28
2026-08-24,UUVJFY1I6eQ,2025-07-19T12:19:13Z,181,1,0,0,9,11,57.49999999999999
2026-08-24,72GZYgKfNgY,2025-07-19T00:50:17Z,69,0,0,0,4,13,38.88
2026-08-24,hYqav0qcs-4,2025-07-18T12:21:48Z,117,0,0,0,7,14,61.78
2026-08-24,CA74oLX496k,2025-07-18T00:51:11Z,61,0,0,0,3,17,61.73
2026-08-24,pqSpEEBBZ5Y,2025-07-17T12:20:49Z,158,2,0,0,12,14,74.81
2026-08-24,vHOEW402B9s,2025-07-17T00:51:20Z,63,0,0,0,2,13,55.03
2026-08-24,Y_hYHH0oLzQ,2025-07-16T12:21:49Z,61,0,0,0,2,13,56.84
2026-08-24,sQ9TSjUyYHg,2025-07-16T00:50:53Z,214,0,0,0,18,14,80.14
2026-08-24,wZ_p3BEx0Hw,2025-07-15T12:22:37Z,60,0,0,0,3,13,66.62
2026-08-24,kxtbSj_b_IM,2025-07-15T03:01:40Z,36,0,0,0,1,8,44.73
2026-08-24,VCg1HIvDlmM,2025-07-11T12:21:10Z,25,0,0,0,0,15,58.879999999999995
2026-08-24,CnXoXMSAG78,2025-07-11T00:49:31Z,88,0,0,0,4,12,68.05
2026-08-24,wGfuxxpXlSA,2025-07-10T12:21:07Z,91,0,0,0,4,10,53.59
2026-08-24,I9Ms9geTeu0,2025-07-10T00:48:30Z,31,0,0,0,0,11,52.27
2026-08-24,N8xFDObGXSE,2025-07-09T12:21:31Z,77,0,0,0,3,11,53.16
2026-08-24,oM-LaSVYYnA,2025-07-09T00:49:58Z,66,0,0,0,2,10,51.62
2026-08-24,Yrg3cZU7eJw,2025-07-08T12:20:58Z,233,2,0,0,17,13,79.16
2026-08-24,e7dQ9yvJzZY,2025-07-08T00:48:19Z,89,1,0,0,3,11,49.76
2026-08-24,QGLkukuFr9E,2025-07-07T12:21:02Z,59,0,0,0,2,8,40.58
2026-08-24,ww9LNzzWEnw,2025-07-07T00:53:34Z,52,0,0,0,1,8,29.99
2026-08-24,42IXNsa6d9s,2025-07-06T12:19:21Z,21,0,0,0,1,15,63.56
2026-08-24,JXJySqBADHM,2025-07-06T00:54:22Z,170,0,0,0,5,11,49.86
2026-08-24,zYZkNuHz-yU,2025-07-05T12:18:26Z,27,0,0,0,0,6,27.97
2026-08-24,E0ZN8wJS83Q,2025-07-04T14:52:05Z,64,0,0,0,3,23,94.8
2026-08-24,L_EL5f08i14,2025-07-04T00:48:22Z,100,0,0,0,3,10,46.8
2026-08-24,P5jIY_NCDO8,2025-07-03T12:20:17Z,41,1,0,0,0,7,32.17
2026-08-24,qoOse_duoqg,2025-07-03T00:49:50Z,34,0,0,0,1,10,31.679999999999996
2026-08-24,gMgf71gWSns,2025-07-02T12:20:19Z,43,0,0,0,1,12,56.25
2026-08-24,y6wq_o7vRLQ,2025-07-02T00:47:48Z,58,0,0,0,2,14,62.25000000000001
2026-08-24,gFmJwB7Ae1U,2025-07-01T12:21:07Z,31,0,0,0,0,6,26.52
2026-08-24,iR0ftXc_P6U,2025-07-01T00:57:14Z,236,1,0,0,12,18,72.61
2026-08-24,KIFT3RS-1jo,2025-06-30T12:21:59Z,88,0,0,0,3,12,47.15
2026-08-24,NX6cYcB8-B8,2025-06-30T00:52:39Z,68,1,0,0,2,16,64.75
2026-08-24,qJGTEw8iezU,2025-06-29T12:18:28Z,0,0,0,0,0,0,0
2026-08-24,9j4PZqjGolc,2025-06-29T00:56:34Z,52,0,0,0,1,10,36.27
2026-08-24,l6qVlMe-Z0Q,2025-06-28T12:19:40Z,91,0,0,0,5,15,55.91
2026-08-24,xdzaCKsaYVc,2025-06-28T00:47:46Z,64,0,0,0,2,16,54.64
2026-08-24,2HDA7p1cXq4,2025-06-27T12:21:30Z,46,0,0,0,1,6,21.23
2026-08-24,qzBLxTShQfg,2025-06-27T00:49:17Z,56,0,0,0,2,10,37.29
2026-08-24,o-D6D8NGp1c,2025-06-26T12:20:39Z,178,0,0,1,8,13,72.29
2026-08-24,kCVxPz88TPM,2025-06-26T00:48:31Z,79,1,0,0,3,11,42.07
2026-08-24,PUX24gEV630,2025-06-25T12:20:55Z,46,0,0,0,1,13,65.63
2026-08-24,o-6Buts0ygQ,2025-06-25T00:49:43Z,101,0,0,0,5,21,78.28
2026-08-24,FeI7PXDWAmw,2025-06-24T12:21:56Z,1,0,0,0,0,0,0
2026-08-24,t9dFnLh-wyc,2025-06-24T00:49:31Z,9,0,0,0,0,11,47.89
2026-08-24,GWn867yxYzY,2025-06-23T12:23:46Z,65,0,0,0,2,9,25.72
2026-08-24,DhDhiMwW4DM,2025-06-23T00:53:12Z,54,0,0,0,1,8,31.069999999999997
2026-08-24,Ls4D1v80ALc,2025-06-22T12:18:30Z,67,1,0,0,3,13,47.58
2026-08-24,RrHNCA462xE,2025-06-22T00:53:39Z,85,0,0,0,4,15,82.41
2026-08-24,myCAcQ2_K2k,2025-06-21T12:19:28Z,105,0,0,0,4,14,56.32
2026-08-24,lx6VPZry0ZI,2025-06-21T00:47:14Z,110,1,0,0,3,12,44.1
2026-08-24,G8m1ZRzRIfU,2025-06-20T12:22:06Z,43,0,0,0,2,17,50.63999999999999
2026-08-24,nVYVBPt0Lcw,2025-06-20T00:48:16Z,38,0,0,0,1,9,37.38
2026-08-24,zOKKSAcOFK4,2025-06-19T12:21:02Z,63,0,0,0,3,14,67.43
2026-08-24,bTegbNmSRi4,2025-06-19T00:47:39Z,52,0,0,0,1,8,38.11
2026-08-24,9cv0AGU3f7Y,2025-06-18T12:19:49Z,208,0,0,0,7,11,66.78
2026-08-24,Hio5eRT3P2Y,2025-06-18T00:48:20Z,162,0,0,0,10,15,82.89
2026-08-24,A7yOEADsfLA,2025-06-17T12:20:38Z,87,1,0,0,4,12,70.3
2026-08-24,Q110khFMHL0,2025-06-17T00:47:59Z,71,0,0,0,3,15,79.17
2026-08-24,2h5-mJgktc0,2025-06-16T12:20:45Z,157,0,0,0,7,11,50.01
2026-08-24,qC6aiQLMTX0,2025-06-16T00:50:56Z,47,0,0,0,1,9,34.84
2026-08-24,bjNe7kxRpNk,2025-06-15T12:17:23Z,228,0,0,0,6,9,56.98
2026-08-24,mfh4EENwNF0,2025-06-15T00:55:56Z,176,0,0,0,9,13,47.49
2026-08-24,cvcwwkidXUs,2025-06-14T12:18:35Z,161,0,0,0,6,10,64.43
2026-08-24,WMoc4BUxR7Y,2025-06-14T00:46:37Z,160,1,0,0,8,15,58.540000000000006
2026-08-24,VcSN_Q6tN_w,2025-06-13T12:20:42Z,2,0,0,0,0,0,0
2026-08-24,M9CTXlrO6Hs,2025-06-13T03:51:00Z,135,0,0,0,6,13,60.35
2026-08-24,zK8iBDmYMKA,2025-06-12T12:19:47Z,58,0,0,0,1,7,36.72
2026-08-24,q4XHnjjH9dI,2025-06-12T00:46:46Z,125,0,0,0,4,9,49.65
2026-08-24,dO9QLnnbkW0,2025-06-11T12:20:34Z,78,1,0,0,2,12,52.54
2026-08-24,4JGOMKkIEKI,2025-06-11T00:48:33Z,335,0,0,0,13,13,54.40999999999999
2026-08-24,YTHY2PLYiLY,2025-06-10T12:21:46Z,164,0,1,0,11,20,71.27
2026-08-24,PIYhdRillDg,2025-06-10T00:47:33Z,128,0,0,0,6,16,87.51
2026-08-24,rg0_VgiF3b4,2025-06-09T12:21:30Z,82,0,0,0,3,9,30.130000000000003
2026-08-24,TBaj-KzYc1w,2025-06-09T00:52:08Z,105,0,0,0,5,14,56.3
2026-08-24,pPM8iPJTp_4,2025-06-08T12:22:47Z,4,0,0,0,0,11,42.67
2026-08-24,dEAFsKkgfus,2025-06-08T00:53:02Z,83,0,0,0,3,13,75.2
2026-08-24,bA2Rh8Oe2us,2025-06-07T12:18:17Z,72,0,0,0,2,9,45.5
2026-08-24,Xpk_pToAUSE,2025-06-07T00:47:32Z,52,0,0,0,1,10,49.23
2026-08-24,cqtb3jL81es,2025-06-06T12:20:44Z,71,0,0,0,2,11,46.02
2026-08-24,9LA1iCEEaEU,2025-06-06T00:48:12Z,294,0,0,0,12,11,45.09
2026-08-24,PCy9dpRZ0CA,2025-06-05T16:39:18Z,141,0,0,0,3,9,32.51
2026-08-24,9AZa6pvcq_g,2025-06-05T12:22:21Z,2,0,0,0,0,28,102.4
2026-08-24,HNa-g80gjCY,2025-06-05T00:47:13Z,309,0,0,0,11,10,62.24000000000001
2026-08-24,zaXzhb7zM7c,2025-06-04T12:20:18Z,126,0,0,0,6,15,66.18
2026-08-24,bsCmWKVvCCI,2025-06-04T00:48:29Z,59,0,0,0,2,18,63.190000000000005
2026-08-24,vzEQ52cEtGI,2025-06-03T12:20:25Z,78,0,0,0,4,14,55.92
2026-08-24,r_aMwKtTZS4,2025-06-03T00:48:20Z,42,0,0,0,1,10,41.6
2026-08-24,HGmiusWhzcM,2025-06-02T12:20:07Z,186,0,0,0,8,12,71.3
2026-08-24,jWw6qlFWawc,2025-06-02T00:49:38Z,334,0,0,0,12,13,64.46
2026-08-24,xfSLuWxTnWQ,2025-06-01T12:19:16Z,119,0,0,0,5,11,55.17999999999999
2026-08-24,UsQLO2UBPdI,2025-06-01T00:59:20Z,72,0,0,0,2,9,31.97
2026-08-24,t2V2iI_HdvY,2025-05-31T12:17:47Z,82,0,0,0,2,8,47.07
2026-08-24,Sx_pHwLn43g,2025-05-31T01:32:46Z,87,0,0,0,2,8,46.19
2026-08-24,Pp4fV1ZhBNs,2025-05-30T12:19:48Z,206,0,0,0,17,12,63.6
2026-08-24,c9gpgxcSUmw,2025-05-30T00:46:50Z,6,0,0,0,1,16,72.14
2026-08-24,RZeaNeLIj5c,2025-05-29T12:19:40Z,61,0,0,0,2,14,61.529999999999994
2026-08-24,u7KfW248d0U,2025-05-29T00:47:56Z,74,1,1,0,2,11,59.07
2026-08-24,MSXJYvEJxd4,2025-05-28T18:51:21Z,11,0,0,0,1,14,87.82
2026-08-24,4GOkf4Y8hLk,2025-05-28T12:20:24Z,44,0,0,0,1,11,46.39
2026-08-24,j6nPLmSAPhc,2025-05-28T00:47:43Z,50,0,0,0,2,17,85.08
2026-08-24,wAYHiCNZRas,2025-05-27T12:20:27Z,93,1,0,0,4,11,43.65
2026-08-24,H5d6AZyg010,2025-05-27T00:45:45Z,183,0,0,0,7,12,80.06
2026-08-24,CAaa6S7pGns,2025-05-26T12:20:12Z,118,0,0,0,4,12,48.51
2026-08-24,yOx0Zjc4MW8,2025-05-26T00:49:08Z,200,2,0,0,13,15,66.14
2026-08-24,wRcGYiRZ4Nk,2025-05-25T12:18:07Z,260,0,0,0,15,14,82.78
2026-08-24,qswT6Ib-wT0,2025-05-25T00:53:24Z,140,0,0,0,5,10,38.39
2026-08-24,TRkwxs18Mz0,2025-05-24T12:19:33Z,96,0,0,0,5,16,50.72
2026-08-24,It9_smZPUHQ,2025-05-24T00:45:36Z,129,0,0,0,5,11,51.35000000000001
2026-08-24,GN0grBkYcZM,2025-05-23T17:33:30Z,91,1,0,0,5,22,81.61
2026-08-24,mL15th4eX-Y,2025-05-23T00:46:14Z,66,0,0,0,2,12,58.72999999999999
2026-08-24,DYgVmkj41kI,2025-05-22T12:20:39Z,70,0,0,0,3,15,69.19
2026-08-24,jbeOx8GjweU,2025-05-22T00:46:51Z,29,0,0,0,0,8,43.17
2026-08-24,FrPl6vsB6eU,2025-05-21T12:19:21Z,240,0,0,0,11,12,65.75
2026-08-24,fusoLfprni4,2025-05-21T00:46:43Z,87,0,0,0,3,9,64.15
2026-08-24,ctfPWK63xTw,2025-05-20T12:21:54Z,63,0,0,0,3,16,66.71
2026-08-24,koXY8jim-jM,2025-05-20T00:47:19Z,91,0,0,0,4,12,51.99
2026-08-24,phs6XlqZhC0,2025-05-19T12:22:22Z,117,0,0,0,3,10,34.92
2026-08-24,IFyfqe1rlMk,2025-05-19T00:48:48Z,91,0,0,0,3,10,64.84
2026-08-24,dPWfCjrsoos,2025-05-18T12:19:04Z,125,1,0,0,5,10,45.11
2026-08-24,RMX1GoAmPKc,2025-05-18T00:50:22Z,88,0,0,0,4,11,60.53999999999999
2026-08-24,ZnBMPMXKo58,2025-05-17T12:19:06Z,58,0,0,0,3,19,74.53
2026-08-24,68TQHx52cCY,2025-05-17T00:44:39Z,0,0,0,0,0,0,0
2026-08-24,VvNeswdrLTI,2025-05-16T12:20:14Z,121,0,0,0,8,23,101.05999999999999
2026-08-24,Xxokvejej1E,2025-05-16T00:47:27Z,178,0,0,0,4,7,38.51
2026-08-24,2t2fxmJbGB0,2025-05-15T12:20:58Z,117,0,0,0,4,9,37.76
2026-08-24,UmC_v0_WE80,2025-05-15T00:44:49Z,54,0,0,0,2,15,78.3
2026-08-24,vlc3XNhFDPw,2025-05-14T12:20:22Z,41,0,0,0,0,15,46.97
2026-08-24,Ej7Dr-jsd-c,2025-05-14T00:46:55Z,46,0,0,0,4,20,81.46
2026-08-24,sRYLe_NG6DI,2025-05-13T12:20:11Z,65,0,0,0,3,23,113.98000000000002
2026-08-24,WkahoEceybs,2025-05-13T00:45:58Z,30,0,0,0,0,4,23.68
2026-08-24,ilM07_lXaBM,2025-05-12T12:24:14Z,94,0,0,0,4,12,78.4
2026-08-24,EecjxHYz0ps,2025-05-12T00:48:11Z,112,0,0,0,6,24,114.62
2026-08-24,7y3o1y5Tu6s,2025-05-11T12:18:04Z,264,1,0,0,11,11,65.62
2026-08-24,NjGtESoHmUc,2025-05-11T00:48:57Z,79,0,0,0,2,13,68.86
2026-08-24,zx5DM9ukBF4,2025-05-10T12:18:50Z,190,1,0,0,7,18,68.17
2026-08-24,XM-IhwOVvCI,2025-05-10T00:43:46Z,307,0,0,0,11,17,73.17
2026-08-24,8pTTszih3v4,2025-05-09T12:18:41Z,172,0,0,0,5,15,70.95
2026-08-24,eTDyTZ5JnEs,2025-05-09T00:45:59Z,37,0,0,0,0,5,27.11
2026-08-24,EuYCO8aNOPM,2025-05-08T12:19:56Z,53,0,0,0,1,9,34.96
2026-08-24,TSzeDjpjmpE,2025-05-08T00:46:54Z,67,0,1,0,3,18,66.21
2026-08-24,NcVWi1QmIKk,2025-05-07T12:25:32Z,68,0,0,0,1,12,55.33
2026-08-24,fnP_PnYebjc,2025-05-07T00:47:00Z,200,0,0,0,8,13,59.14
2026-08-24,t96sT3Qq-FU,2025-05-06T12:24:10Z,80,0,0,0,7,61,227.02
2026-08-24,nSNc4Hb3Zgc,2025-05-06T00:46:35Z,40,0,0,0,0,0,0
2026-08-24,espwjgXy838,2025-05-05T12:20:42Z,52,0,0,0,1,13,53.33
2026-08-24,LOCLJ2Sf3aA,2025-05-05T04:45:43Z,52,0,0,0,1,8,31.069999999999997
2026-08-24,hUkDHR8W8BI,2025-05-04T12:17:45Z,88,0,0,0,45,242,1349.02
2026-08-24,C1d2SYSeaG4,2025-05-04T00:51:37Z,77,1,0,0,2,7,30.44
2026-08-24,235BKRdgpFk,2025-05-03T12:19:16Z,40,0,0,0,1,14,52.89
2026-08-24,-bC8O8QlJgA,2025-05-03T00:43:53Z,225,0,0,0,7,9,43.19
2026-08-24,MDp6r2HuNI8,2025-05-02T12:18:04Z,61,0,0,0,1,19,138.57
2026-08-24,xye9xWprlN8,2025-05-02T00:45:07Z,146,0,0,0,4,9,46.77
2026-08-24,EBBJl9x16o4,2025-05-01T12:18:05Z,85,0,0,0,2,7,43.26
2026-08-24,88yWwTHRxuM,2025-05-01T00:52:04Z,64,0,0,0,2,15,45.47
2026-08-24,03pUihkjQSQ,2025-04-30T12:24:53Z,53,0,0,0,1,8,30.42
2026-08-24,gTvEHz8oUck,2025-04-30T00:44:56Z,62,1,0,0,2,12,69.42
2026-08-24,P8m2FRee-Hs,2025-04-29T12:21:40Z,44,0,0,0,3,17,64.1
2026-08-24,JfSbOr27Kk0,2025-04-29T00:45:24Z,39,0,0,0,0,5,19.24
2026-08-24,4Jr_2QZcyrw,2025-04-28T12:18:58Z,67,0,0,0,1,13,65.41
2026-08-24,Wjr65y4hM1I,2025-04-28T00:45:52Z,154,0,0,0,6,11,79.23
2026-08-24,lUFplL1LBm0,2025-04-27T14:49:02Z,36,0,0,0,0,12,54.29999999999999
2026-08-24,GgOzyu_INak,2025-04-27T00:47:33Z,53,0,0,0,3,40,201.66999999999996
2026-08-24,4MJnNsvo53w,2025-04-26T12:17:53Z,165,0,0,0,5,10,53.92
2026-08-24,4aNpi2uLm4w,2025-04-26T00:44:18Z,76,0,0,0,14,63,234.56
2026-08-24,1gKSlD9axkw,2025-04-25T12:19:43Z,78,0,0,0,3,12,39.19
2026-08-24,5g2ZJyQ--Dc,2025-04-25T00:46:17Z,68,0,0,0,2,9,36.62
2026-08-24,dUZwxBwl_mo,2025-04-24T12:20:22Z,69,0,0,0,2,12,40.26
2026-08-24,xvqqvyp6XYw,2025-04-24T00:44:52Z,71,0,0,0,2,14,54.92
2026-08-24,ofnLcJI_STU,2025-04-23T12:19:57Z,55,0,0,0,2,31,112.42000000000002
2026-08-24,0_hnbylTTBg,2025-04-23T00:45:24Z,153,1,0,0,7,10,65.23
2026-08-24,sr2V6XXheAs,2025-04-22T12:18:44Z,56,0,0,0,3,19,86.4
2026-08-24,GjDII9Fkrqk,2025-04-22T00:44:56Z,74,0,0,0,5,26,105.76
2026-08-24,FYOfw1Zz_Yw,2025-04-21T12:20:31Z,89,1,0,0,4,22,73.58
2026-08-24,ZVHhWsZAEUM,2025-04-21T00:48:25Z,71,0,0,0,3,22,92.88
2026-08-24,epOHwc8AkZw,2025-04-20T12:18:28Z,103,2,0,0,5,16,64.02
2026-08-24,LbiHcD1PyjM,2025-04-20T06:27:20Z,78,0,0,0,2,12,54.559999999999995
2026-08-24,KyiYdze_V-g,2025-04-20T00:47:33Z,69,1,0,0,1,7,36.86
2026-08-24,iP1DR_4yBDU,2025-04-19T12:17:41Z,44,0,0,0,0,8,38.67
2026-08-24,oCmJ_bk3BvM,2025-04-19T00:44:37Z,90,0,0,0,4,15,36.31
2026-08-24,dqnzyOGZ3aI,2025-04-18T12:18:52Z,89,0,0,0,5,20,67.86
2026-08-24,DzUDd9GV8v8,2025-04-18T00:44:31Z,102,0,0,0,2,7,23.8
2026-08-24,6Tbs7lNSTQU,2025-04-17T12:19:31Z,52,1,0,0,3,18,75.55
2026-08-24,0XQnsZrXjn4,2025-04-17T00:42:48Z,36,0,1,0,1,13,105.49
2026-08-24,-P85g9OoT74,2025-04-16T12:19:16Z,189,0,0,0,8,16,61.3
2026-08-24,Yt1uSAQaXz8,2025-04-16T00:45:27Z,47,0,0,0,1,7,29.43
2026-08-24,AUabED30hEw,2025-04-15T15:12:51Z,95,0,0,0,4,12,37.17
2026-08-24,c2_M9MunhjI,2025-04-15T00:47:34Z,79,0,0,0,4,16,35.79
2026-08-24,shu7C6IkoWE,2025-04-14T12:18:22Z,115,0,0,0,5,14,80.84
2026-08-24,1dvZOni6DHo,2025-04-14T00:47:55Z,53,0,0,0,3,16,70.62
2026-08-24,FD5O6wmAudE,2025-04-13T12:18:51Z,83,0,0,0,3,15,47.48
2026-08-24,DPqoAO4lVsw,2025-04-13T02:11:46Z,131,0,0,0,7,14,53.010000000000005
2026-08-24,W8WYIm7c8sE,2025-04-12T12:15:49Z,79,0,0,0,4,15,84.77
2026-08-24,whyud5rF_Xk,2025-04-12T00:44:17Z,139,0,0,0,8,17,56.15
2026-08-24,upeH7p3lYTw,2025-04-11T12:18:52Z,144,0,0,0,7,20,90.99
2026-08-24,zBSSuDCgEg4,2025-04-11T00:45:44Z,60,0,0,0,4,21,72.99
2026-08-24,Jg2B9SPLvTI,2025-04-10T12:20:39Z,45,0,0,0,1,8,21.13
2026-08-24,laUk3okt-Nk,2025-04-10T00:44:23Z,70,0,0,0,3,26,84.14
2026-08-24,_7TFxr97JVQ,2025-04-09T12:19:29Z,45,0,0,0,5,24,83.52
2026-08-24,iR2C0mR60zs,2025-04-09T00:43:22Z,3,0,0,0,0,12,54.56999999999999
2026-08-24,XVyWWogVGdU,2025-04-08T12:18:39Z,61,0,0,0,2,11,55.50000000000001
2026-08-24,YjVpTGo3Q00,2025-04-08T01:17:43Z,72,0,0,0,4,13,46.06
2026-08-24,aVVeiPPLQdE,2025-04-07T12:19:05Z,40,0,0,0,0,5,23.69
2026-08-24,jvEdORakdUc,2025-04-07T00:46:41Z,93,0,0,0,4,12,46.05
2026-08-24,HyV_GfBmgmE,2025-04-06T16:39:59Z,0,0,0,0,0,0,0
2026-08-24,RJmlh-AheTQ,2025-04-06T12:16:35Z,47,0,0,0,8,94,448.36
2026-08-24,tU3rSMeXUuw,2025-04-06T00:47:58Z,51,0,0,0,2,18,54.14
2026-08-24,0sUXYOFYnUg,2025-04-05T16:50:37Z,50,0,0,0,2,11,49.97
2026-08-24,aFvQ5cF82JE,2025-04-05T00:42:56Z,40,1,0,0,1,11,41.35
2026-08-24,A4eccA916zo,2025-04-04T12:19:08Z,55,0,0,0,2,9,30.25
2026-08-24,l3_-NCoPohk,2025-04-04T00:44:25Z,51,0,0,0,1,12,46.25
2026-08-24,3u9WuhDUNtU,2025-04-03T12:19:19Z,37,0,0,0,0,5,18.52
2026-08-24,PqY6Q-C59bQ,2025-04-03T00:42:36Z,136,0,0,0,7,14,79.14
2026-08-24,aEIVU5PDM_Y,2025-04-02T12:19:24Z,72,0,0,0,2,9,35.62
2026-08-24,O9Dvzofzg4A,2025-04-02T00:45:42Z,177,1,0,0,5,11,30.79
2026-08-24,5fRSI_n5JIw,2025-04-01T12:20:46Z,0,0,0,0,0,0,0
2026-08-24,es5FZakBJhA,2025-04-01T00:50:23Z,77,0,0,0,2,8,29.65
2026-08-24,SHgrwzAXJ18,2025-03-31T14:37:48Z,190,0,0,0,9,11,48.85
2026-08-24,wWFiiMJS3aU,2025-03-31T00:45:30Z,33,1,0,0,6,12,75.88
2026-08-24,obRxtdwnJ4E,2025-03-30T12:18:17Z,39,1,0,0,3,9,37.6
2026-08-24,YNErPIYQaiQ,2025-03-30T00:47:15Z,34,0,0,0,4,10,44.34
2026-08-24,W3TZDvxUtd4,2025-03-29T12:17:47Z,12,0,0,0,3,18,52.57000000000001
2026-08-24,Zvspd5LwwKM,2025-03-29T00:43:48Z,7,0,0,0,1,13,37.83
2026-08-24,c1a4TlA0NLg,2025-03-28T12:17:12Z,5,0,0,0,0,8,61.84
2026-08-24,l34VAYFZkZI,2025-03-28T00:42:03Z,19,1,0,0,14,48,300.99
2026-08-24,N3Xhdj3gjF8,2025-03-27T12:21:00Z,19,1,0,0,3,12,56.779999999999994
2026-08-24,EDJVbBzyH88,2025-03-27T00:44:23Z,9,0,0,0,1,13,36.43
2026-08-24,mPXaXEg1RNI,2025-03-26T12:19:23Z,18,0,0,0,2,12,38.96
2026-08-24,O8SgQs2gb5s,2025-03-26T00:43:10Z,18,0,0,0,4,20,87.14
2026-08-24,D9XjF9gEgxw,2025-03-25T12:17:49Z,18,1,0,0,3,12,74.99
2026-08-24,QdKqBGyFeoI,2025-03-25T00:44:34Z,41,0,0,0,9,17,65.26
2026-08-24,Q1Mik5ASShA,2025-03-24T12:19:28Z,5,0,0,0,1,13,54.89000000000001
2026-08-24,tYB89tYADjM,2025-03-24T02:13:38Z,20,0,0,0,2,8,32.69
2026-08-24,pHF0EHiEsNg,2025-03-24T02:05:55Z,0,0,0,0,0,0,0
2026-08-24,eRClnS1LCCs,2025-03-23T01:56:16Z,15,0,0,0,2,15,71.72
2026-08-24,Ae6nHDU2LJw,2025-03-22T01:47:52Z,18,0,0,0,2,9,38.59
2026-08-24,wtfz55vyKnM,2025-03-21T01:53:13Z,5,0,0,0,1,16,50.55
2026-08-24,o6BlyEGFy3g,2025-03-20T01:49:15Z,2,0,0,0,0,21,84.44
2026-08-24,QjyB8oU6W28,2025-03-19T01:49:08Z,26,0,0,0,27,65,437
2026-08-24,ELm9sCQzEqY,2025-03-18T01:49:29Z,85,5,0,0,23,17,92.63
2026-08-24,vA_wqVo8ybM,2025-03-17T01:53:20Z,20,0,0,0,5,16,58.07
2026-08-24,kpP9o40QSCE,2025-03-16T15:06:00Z,21,2,0,0,4,13,45.09
2026-08-24,xuI7r8KmQC4,2025-03-15T01:46:33Z,11,0,0,0,1,9,46.8
2026-08-24,tJhCCUKC0b0,2025-03-14T01:47:07Z,11,2,0,0,1,9,45.99
2026-08-24,qBEWNVNlghs,2025-03-13T01:51:02Z,14,0,0,0,3,15,44.32
2026-08-24,4SVv53Ae1KE,2025-03-12T01:48:34Z,8,0,0,0,2,17,56.36
2026-08-24,e0cu6XoXXfY,2025-03-11T01:48:35Z,13,0,0,0,1,9,43.37
2026-08-24,WKwqH0_m7Zo,2025-03-10T17:25:22Z,16,0,0,0,2,13,44.15
2026-08-24,xf9viwThsqg,2025-03-10T01:26:07Z,1,0,0,0,0,0,0
2026-08-24,YbFbt3l-xJc,2025-03-09T01:28:22Z,0,0,0,0,0,0,0
2026-08-24,FxkfLtwKcNE,2025-03-08T20:05:09Z,3,2,0,0,0,24,202.03000000000003
2026-08-24,nLl8OoD-iCM,2025-03-08T19:58:02Z,0,0,0,0,0,0,0
2026-08-24,R0QpJvYe3ws,2025-03-08T19:35:07Z,2,1,0,0,0,18,156.44
2026-08-24,QVX-jvxkoLk,2025-03-08T19:19:02Z,0,0,0,0,0,0,0
2026-08-24,4bCG6ewJmNM,2025-03-08T17:07:15Z,2,1,0,0,0,23,65.72
2026-08-24,HJrfyL_-TXg,2025-03-08T16:51:39Z,1,0,0,0,1,76,218.67999999999998
2026-08-24,h3dcmdIDRM4,2025-03-08T01:21:07Z,0,0,0,0,0,0,0
2026-08-24,fZUa99cHfg0,2025-03-07T18:57:40Z,3,0,0,0,0,7,29.39
2026-08-24,ZV_88UU4x5o,2025-03-06T01:46:56Z,0,0,0,0,0,0,0
2026-08-24,AfhxAw2OO7Q,2025-03-05T01:48:35Z,4,0,0,0,0,8,26.85
2026-08-24,gxpql54tZ1E,2025-03-04T01:48:48Z,0,0,0,0,0,0,0
2026-08-24,QefM0oQMg3I,2025-03-03T01:49:53Z,3,0,0,0,0,12,47.04
2026-08-24,xtMA94JSxz0,2025-03-02T01:51:49Z,0,0,0,0,0,0,0
2026-08-24,yl-gQb5ghw0,2025-03-01T01:54:05Z,3,0,0,0,0,38,98.46
2026-08-24,XG0sXawBMFg,2025-02-28T01:47:51Z,1,0,0,0,0,0,0
2026-08-24,quGd2PQgO5Q,2025-02-27T16:56:20Z,0,0,0,0,0,0,0
2026-08-24,Z-xAjlSj9e4,2025-02-26T01:45:58Z,2,1,0,0,0,29,115.35
2026-08-24,sPxxvTx-T2A,2025-02-25T01:47:16Z,1,1,0,0,0,32,105.15999999999998
2026-08-24,8Ll9pxYdKcs,2025-02-24T01:48:07Z,2,0,0,0,0,11,44.07
2026-08-24,sFi-7B8vS-0,2025-02-23T01:50:09Z,3,0,0,0,0,0,0
2026-08-24,xN95DMjGp0U,2025-02-22T01:41:15Z,2,0,0,0,0,39,162.6
2026-08-24,ZK9LzMSYw-Q,2025-02-21T01:44:57Z,4,0,0,0,0,19,71.48
2026-08-24,zogEMDmfX3c,2025-02-20T01:45:19Z,0,0,0,0,0,0,0
2026-08-24,7_1OlSt7XpU,2025-02-19T03:06:18Z,1,1,0,0,0,27,104.97000000000001
2026-08-24,X6EakGRwYn8,2025-02-18T01:42:59Z,1,0,0,0,0,2,13.18
2026-08-24,rzpvm64KO8o,2025-02-17T01:46:34Z,2,0,0,0,0,0,0
2026-08-24,kNabXfqCMDs,2025-02-16T01:50:44Z,2,0,0,0,0,23,78.33
2026-08-24,V6RSbR44l84,2025-02-15T01:41:33Z,0,0,0,0,0,0,0
2026-08-24,8qctDdJ2VkY,2025-02-14T01:44:57Z,4,0,0,0,0,0,0
2026-08-24,21PzViV1IWM,2025-02-13T01:44:49Z,1,0,0,0,0,34,107.61
2026-08-24,eevzllGqXfg,2025-02-12T01:43:02Z,3,1,0,0,0,22,102.63
2026-08-24,T6VpJaGx-A0,2025-02-11T05:51:11Z,5,0,0,0,1,35,127.38000000000001
2026-08-24,ovy8uhzNckE,2025-02-10T01:45:11Z,0,0,0,0,0,0,0
2026-08-24,YwhqUzLuRMQ,2025-02-09T01:48:20Z,3,0,0,0,0,23,77.82
2026-08-24,CEJDCWfXUZI,2025-02-08T01:39:39Z,5,1,0,0,0,8,42.2
2026-08-24,-bMBiVm0myo,2025-02-07T20:23:53Z,1,0,0,0,0,18,96.64
2026-08-24,WsgDaaSrk3U,2025-02-07T01:44:07Z,1,1,0,0,0,34,111.48
2026-08-24,KCMfOKwANH4,2025-02-06T01:44:49Z,18,6,0,1,4,15,60.27
2026-08-24,Lat74n78zMs,2025-02-05T01:43:04Z,0,0,0,0,0,0,0
2026-08-24,XuCNkec8SX4,2025-02-04T16:34:05Z,19,0,0,0,3,15,81.07
2026-08-24,xQ6CrXPJM5k,2025-02-03T23:26:48Z,2,0,0,0,0,13,51.06
2026-08-24,CdEcz1EAAOg,2025-02-03T23:18:09Z,1,0,0,0,0,22,92.58
2026-08-24,mRiHLfwksz4,2025-02-02T01:46:41Z,2,1,0,0,0,35,99.99
2026-08-24,2qfxXpvdrfk,2025-02-01T01:45:34Z,13,1,0,0,1,16,86.26
2026-08-24,LoWEWRS8uGQ,2025-01-31T01:41:37Z,2,1,0,0,0,24,106.61
2026-08-24,PaaDR3GUNxs,2025-01-30T01:39:17Z,3,1,0,0,0,17,101.64999999999999
2026-08-24,V5c-0tFaJXQ,2025-01-29T01:41:39Z,15,1,0,0,2,15,56.43
2026-08-24,ArOTPV66jAs,2025-01-28T01:40:23Z,2,1,0,0,0,18,95.74
2026-08-24,W6lSWIUXEvk,2025-01-27T01:45:14Z,2,1,0,0,1,71,205.42
2026-08-24,X3voezK8ckw,2025-01-26T23:28:59Z,0,0,0,0,0,0,0
2026-08-24,eRXthPAIScE,2025-01-26T23:19:24Z,1,0,0,0,0,9,70.92
2026-08-24,P8lXctHCMgw,2025-01-25T01:30:54Z,1,0,0,0,0,5,23.58
2026-08-24,Ss39SHWOyfI,2025-01-24T19:08:25Z,0,0,0,0,0,0,0
2026-08-24,mmUNb228ljY,2025-01-22T01:44:25Z,5,0,0,0,1,22,68.39
2026-08-24,zM98d8n98hQ,2025-01-21T01:42:10Z,7,0,0,0,2,23,71.92
2026-08-24,WgdXHLit4_E,2025-01-20T01:44:16Z,2,0,0,0,0,24,68.72
2026-08-24,mcLeYiPBWWE,2025-01-19T01:47:13Z,0,0,0,0,0,0,0
2026-08-24,KghSUgPGjzU,2025-01-18T20:13:50Z,9,2,0,0,2,16,63.2
2026-08-24,hihRQIoVgiI,2025-01-18T20:04:27Z,0,0,0,0,0,0,0
2026-08-24,cZIPJo_zzTs,2025-01-18T18:17:46Z,3,0,0,0,0,10,40.05
2026-08-24,VvjWCkEjBLY,2025-01-18T18:04:26Z,1,0,0,0,0,27,107.07
2026-08-31,ZBv91nbcAx0,2026-08-31T05:47:34Z,0,0,0,0,0,0,0
2026-08-31,Uddc_lpnWX0,2026-08-30T16:48:23Z,0,0,0,0,0,0,0
2026-08-31,2lzvbpzDTho,2026-08-30T05:33:22Z,0,0,0,0,0,0,0
2026-08-31,PHq2Qsaj6q4,2026-08-29T16:49:35Z,0,0,0,0,0,0,0
2026-08-31,lBa1wGF7KrE,2026-08-29T07:12:47Z,0,0,0,0,0,0,0
2026-08-31,bILqoV2exOI,2026-08-28T22:30:46Z,46,0,0,0,1,13,43.91
2026-08-31,kKd8DmYTwd4,2026-08-28T11:33:16Z,46,0,0,0,74,1108,5278.06
2026-08-31,Gos7MnyKOCs,2026-08-27T22:27:22Z,193,1,0,0,12,9,62.16
2026-08-31,xLEcv3c18iw,2026-08-27T09:59:40Z,114,1,0,0,11,13,78.86
2026-08-31,wlWQF1KCM30,2026-08-26T13:30:05Z,66,1,0,0,3,7,32.16
2026-08-31,FMq7RgRdEtY,2026-08-26T02:05:41Z,504,2,0,0,29,9,52.42
2026-08-31,SX4RpitrcDQ,2026-08-25T13:18:15Z,457,2,0,0,26,12,50.580000000000005
2026-08-31,wIZq02a7QGQ,2026-08-25T01:58:41Z,75,1,0,0,5,17,73.92
2026-08-31,MYXC3GZYzAg,2026-08-24T13:19:36Z,35,0,0,0,1,13,77.02
2026-08-31,NITxRuctHdc,2026-08-24T02:02:44Z,27,0,0,0,2,11,65.08
2026-08-31,xz2_GagRfuU,2026-08-23T13:08:40Z,102,0,0,0,4,10,42.53
2026-08-31,JPikEohsgJc,2026-08-23T02:05:52Z,361,3,0,0,47,15,58.92000000000001
2026-08-31,u_sXUWh77AU,2026-08-22T13:07:00Z,1050,13,2,0,129,12,51.65
2026-08-31,DjX5ksoWae4,2026-08-22T01:56:15Z,51,1,0,0,1,7,33.33
2026-08-31,_0MNAf8AzNg,2026-08-21T13:18:01Z,0,0,0,0,0,0,0
2026-08-31,3Det8ws7um8,2026-08-21T02:03:16Z,76,3,0,0,5,11,60.709999999999994
2026-08-31,pHCp__GzIdQ,2026-08-20T13:18:43Z,58,1,0,0,7,16,52.03
2026-08-31,L_eRG-pnSPc,2026-08-20T01:57:31Z,63,0,0,0,4,11,47.95
2026-08-31,RkdkNbUyih8,2026-08-19T13:15:57Z,258,25,1,0,27,12,60.27
2026-08-31,vwvQ2GWchLI,2026-08-19T01:58:21Z,142,0,0,0,17,17,126.71999999999998
2026-08-31,zrPdde7PA3g,2026-08-18T13:14:48Z,526,4,0,0,39,11,59.699999999999996
2026-08-31,obv00pIto5s,2026-08-18T01:56:35Z,1000,10,2,0,138,14,62.79
2026-08-31,99b3FGVJ_6U,2026-08-17T13:12:06Z,113,1,0,0,5,10,66.84
2026-08-31,fqMnacfREx0,2026-08-17T01:59:30Z,127,4,0,0,7,11,69.47
2026-08-31,Zk4YLU2mjzs,2026-08-16T13:06:31Z,102,3,0,0,5,8,44.96
2026-08-31,xWI2gRakS1w,2026-08-16T02:03:08Z,132,1,0,0,11,16,69.89
2026-08-31,RuxqEuMRGf4,2026-08-15T13:04:28Z,625,10,0,0,74,13,65.31
2026-08-31,v15uIuWOhvI,2026-08-15T01:56:49Z,368,2,1,0,42,14,46.07
2026-08-31,18DG2whKv3c,2026-08-14T13:50:13Z,603,8,0,0,56,9,61.75999999999999
2026-08-31,g445vjUskQo,2026-08-14T03:05:11Z,513,9,0,0,63,16,65.05
2026-08-31,0IvZDdrOZV4,2026-08-13T13:56:01Z,136,4,0,0,13,15,55.2
2026-08-31,htwHq6cbTMk,2026-08-13T03:05:36Z,395,5,1,0,30,10,50.01
2026-08-31,R_fvKDdL6ts,2026-08-12T13:54:01Z,66,0,0,0,3,7,45.03
2026-08-31,ahmkqgE4bd8,2026-08-12T02:51:51Z,392,1,1,0,28,9,47.13
2026-08-31,qEctJSDifEs,2026-08-11T13:49:02Z,279,3,0,0,19,9,75.14
2026-08-31,sz0PdT4Quyw,2026-08-11T02:34:47Z,141,0,0,0,18,15,57.28
2026-08-31,KbxSVcnPpZ8,2026-08-10T13:51:31Z,88,0,0,0,5,8,44.22
2026-08-31,HZ5Z3fnC9Tw,2026-08-10T02:40:11Z,257,0,0,0,22,10,59.73
2026-08-31,zPcnc3Nbgjo,2026-08-09T13:21:50Z,72,0,0,0,5,9,42.97
2026-08-31,_h7eMMcq124,2026-08-09T02:34:52Z,255,2,0,0,14,9,49.19
2026-08-31,P9GVYWCuXpo,2026-08-08T13:17:40Z,749,6,0,0,211,40,227.18000000000004
2026-08-31,rB64aQ89uIc,2026-08-08T02:27:30Z,329,0,0,0,24,11,52.42
2026-08-31,Y98POqLRLso,2026-08-07T13:45:23Z,112,0,0,0,5,8,40.81
2026-08-31,usksACi3kI0,2026-08-07T03:22:16Z,198,0,0,0,8,6,37.75
2026-08-31,JebpqOV1pIs,2026-08-06T14:42:14Z,101,0,0,0,7,10,40.82
2026-08-31,hrXWJiUtirI,2026-08-06T03:47:48Z,1,0,0,0,0,1,5.21
2026-08-31,3upFaT_RGb0,2026-08-05T14:40:22Z,166,0,1,0,8,7,46.67
2026-08-31,bDugWnzTrJc,2026-08-05T03:41:28Z,191,0,0,0,10,9,53.900000000000006
2026-08-31,8ov7-R0BlrU,2026-08-04T14:46:14Z,708,11,7,1,125,19,99.95
2026-08-31,VIciovZtCdc,2026-08-04T03:46:20Z,37,0,0,0,3,18,72.07
2026-08-31,C-KDoVxcC6E,2026-08-03T15:23:33Z,64,0,0,0,3,9,50.14999999999999
2026-08-31,xkm_3gOgLYY,2026-08-03T04:03:47Z,266,0,0,0,16,9,36.3
2026-08-31,TPW1hWGeuCA,2026-08-02T14:03:57Z,296,0,0,0,14,8,46.73
2026-08-31,oPLnn3gb4Oc,2026-08-02T04:00:02Z,836,5,0,0,57,8,63.7
2026-08-31,mQEqp9Dxa5g,2026-08-01T14:03:30Z,168,0,0,0,9,8,27.800000000000004
2026-08-31,u3BYM-0RABA,2026-08-01T03:57:27Z,197,0,0,0,11,9,49.01
2026-08-31,em41mGEv0Qg,2026-07-31T14:43:42Z,51,0,0,0,2,7,34.85
2026-08-31,I5GBaaCvUiw,2026-07-31T03:57:38Z,64,0,0,0,2,7,29.330000000000002
2026-08-31,2ncWfRH3Emc,2026-07-30T14:38:38Z,15,0,0,0,0,8,59.13
2026-08-31,vkhtlya4qXM,2026-07-30T03:37:33Z,231,5,0,0,11,10,42.71
2026-08-31,-fYxSUwVrgk,2026-07-29T14:36:34Z,64,0,0,0,2,4,35.61
2026-08-31,u4wHuIOz7Qc,2026-07-29T03:47:14Z,32,0,0,0,2,12,74.88
2026-08-31,fHajxNlHty8,2026-07-28T14:46:27Z,125,0,0,0,8,9,46.44
2026-08-31,X3LMPfyttE4,2026-07-28T03:43:57Z,415,0,0,0,34,7,43.98
2026-08-31,TNSZ-pGlZa8,2026-07-27T15:20:25Z,132,0,0,0,8,9,59.32999999999999
2026-08-31,VDH3pSafyE0,2026-07-27T04:10:19Z,0,0,0,0,0,0,0
2026-08-31,LdJdsu09-rI,2026-07-26T14:04:59Z,57,1,0,0,3,10,38.58
2026-08-31,Gc7kRCXGyRI,2026-07-26T04:03:23Z,267,1,0,1,21,11,47.97
2026-08-31,fwFDh05XuFg,2026-07-25T14:09:22Z,161,3,0,0,10,9,40.28
2026-08-31,MVY7DpO8COU,2026-07-24T13:13:08Z,211,2,0,0,17,9,61.14000000000001
2026-08-31,jNo2UcuZHFY,2026-07-24T01:21:57Z,70,2,0,0,5,11,74.57
2026-08-31,oo1YCKBqTQ4,2026-07-23T13:19:34Z,29,0,0,0,2,9,61.58
2026-08-31,FmVS87wYWu8,2026-07-23T01:25:47Z,45,0,0,0,3,7,42.47
2026-08-31,21k3HatOeII,2026-07-22T13:16:25Z,71,0,0,0,2,8,55.27000000000001
2026-08-31,Tti7RzkcUoA,2026-07-22T01:18:14Z,318,2,0,0,24,9,61.8
2026-08-31,8YZVI-fcKDU,2026-07-21T13:11:45Z,42,0,0,0,3,9,36.31
2026-08-31,_JNq0AyEnIY,2026-07-21T01:19:41Z,324,3,0,0,21,8,45.53
2026-08-31,rgiHxOEvqoU,2026-07-20T13:46:52Z,671,9,3,0,70,11,54.09
2026-08-31,rDEBC9ESVAQ,2026-07-20T04:07:41Z,57,1,0,0,3,8,36.66
2026-08-31,zUDgKKXJBgM,2026-07-20T01:23:48Z,52,1,0,0,6,14,65.07
2026-08-31,ayziXl17m0c,2026-07-19T12:47:15Z,94,0,0,0,12,16,66.51
2026-08-31,ZBzGoyJUCx0,2026-07-19T01:20:36Z,923,6,0,0,79,11,57.10999999999999
2026-08-31,n6qM8iR6ims,2026-07-18T21:13:57Z,210,1,0,0,17,10,54.05
2026-08-31,jDnK5ylnhjQ,2026-07-18T21:09:06Z,0,0,0,0,0,0,0
2026-08-31,WWb1AoRuH7g,2026-07-18T18:16:22Z,43,0,0,0,1,8,45.08
2026-08-31,2cZjkK3o1IA,2026-07-16T13:14:47Z,15,0,0,0,0,5,18.9
2026-08-31,eEEdtpL4cyw,2026-07-16T01:20:26Z,36,0,0,0,1,8,31.91
2026-08-31,qvNzVCzWebk,2026-07-15T13:06:06Z,0,0,0,0,0,0,0
2026-08-31,ZBqPVauue_g,2026-07-15T01:11:22Z,1,0,0,0,0,0,0
2026-08-31,5_21Ne0q-Fs,2026-07-14T13:02:31Z,3,0,0,0,0,0,0
2026-08-31,mObNAez-IlQ,2026-07-14T01:13:27Z,0,0,0,0,0,0,0
2026-08-31,QkgCWIwxD3E,2026-07-13T13:56:47Z,0,0,0,0,0,0,0
2026-08-31,Rydumn0lE94,2026-07-13T01:24:34Z,1,0,0,0,0,0,0
2026-08-31,l9AqGu1uTUQ,2026-07-12T12:49:18Z,0,0,0,0,0,0,0
2026-08-31,DDcvqQy8RnE,2026-07-12T01:22:24Z,20,0,0,0,0,6,32.38
2026-08-31,UsOMmaGyYss,2026-07-11T12:47:47Z,0,0,0,0,0,0,0
2026-08-31,TmbiTORWNpI,2026-07-11T01:20:34Z,5,0,0,0,0,15,83.59
2026-08-31,Wh1uSphGS-g,2026-07-10T13:53:03Z,2,0,0,0,0,0,0
2026-08-31,a1O87cs5n1E,2026-07-10T01:26:39Z,24,0,0,0,2,28,204.97
2026-08-31,1ypGKtEuTV0,2026-07-09T14:27:26Z,42,0,0,0,2,12,36.59
2026-08-31,4TSVJGnrMOU,2026-07-09T01:31:13Z,28,0,0,0,1,9,30.130000000000003
2026-08-31,5w14vR6XgGY,2026-07-08T13:24:59Z,31,0,0,0,1,9,40.91
2026-08-31,o7altf6Nuu0,2026-07-08T01:22:41Z,46,0,0,0,1,8,33.25
2026-08-31,aQfDx8zU8lg,2026-07-07T14:03:13Z,36,0,0,0,1,13,64.78
2026-08-31,K0jUxVx52eA,2026-07-07T01:50:04Z,61,0,0,0,3,14,52.77
2026-08-31,uyAcGze4n-8,2026-07-06T14:52:48Z,36,0,0,0,1,8,42.72
2026-08-31,PiM5eyfzzN4,2026-07-06T01:53:42Z,51,0,0,0,1,15,53.56000000000001
2026-08-31,ZKm3JhPECqY,2026-07-05T13:02:55Z,53,0,0,0,1,5,45.76
2026-08-31,lmTMeDUGDcA,2026-07-05T01:46:55Z,31,0,0,0,0,0,1.92
2026-08-31,PyVjO_ly0X4,2026-07-04T12:56:17Z,75,1,0,0,2,9,41.9
2026-08-31,q8qmHdsO2tE,2026-07-04T01:30:33Z,40,0,0,0,1,14,43.8
2026-08-31,2e7Kv0ygByk,2026-07-03T13:30:36Z,58,0,0,0,2,11,55.95
2026-08-31,m7B-a0gAE-w,2026-07-03T01:31:20Z,85,0,0,0,4,15,61.14999999999999
2026-08-31,Ew0DhFnRphc,2026-07-02T13:27:43Z,76,0,0,0,1,7,26.5
2026-08-31,COv968CDkps,2026-07-02T02:00:41Z,28,0,0,0,0,9,41.35
2026-08-31,XN8m2g_KtSU,2026-07-01T14:03:24Z,9,0,0,0,0,0,0
2026-08-31,VLtrJCd8z2U,2026-07-01T02:07:26Z,27,0,0,0,0,18,80.87
2026-08-31,y10BJK79lS0,2026-06-30T13:52:00Z,48,0,0,0,2,34,149.32
2026-08-31,t0RB-eM8FE0,2026-06-30T02:02:00Z,74,0,0,0,5,53,215
2026-08-31,Uy6Am6bGpHo,2026-06-29T15:26:01Z,75,0,0,0,1,11,58.68
2026-08-31,aLBldXz93uI,2026-06-29T02:07:15Z,36,0,0,0,0,0,0
2026-08-31,7tyZTlgVMSE,2026-06-28T13:11:17Z,54,1,0,0,1,12,47.88
2026-08-31,WPGLuU5qiZ4,2026-06-28T02:06:54Z,44,0,0,0,1,31,130.83
2026-08-31,Ow2ZB_F-Mhs,2026-06-27T13:05:26Z,26,0,0,0,0,0,0
2026-08-31,KUsMC7ES9V4,2026-06-27T01:56:51Z,47,0,0,0,1,12,44.14
2026-08-31,UzDEeT_P2BM,2026-06-26T13:57:43Z,30,0,0,0,0,11,42.16
2026-08-31,PHwXbGtrJ9w,2026-06-26T02:03:33Z,115,0,0,0,5,15,55.2
2026-08-31,TfSGBtZyZtw,2026-06-25T13:59:36Z,1,0,0,0,0,0,0
2026-08-31,uLwi4BDdcOY,2026-06-25T02:01:41Z,17,0,0,0,1,15,60.13
2026-08-31,k-oVHVz0yLQ,2026-06-24T14:01:26Z,22,0,0,0,1,10,57.02
2026-08-31,2-VYQaD0K5w,2026-06-24T01:57:02Z,0,0,0,0,0,0,0
2026-08-31,b3fM56tOEZ8,2026-06-23T14:16:14Z,5,0,0,0,0,0,0
2026-08-31,TnIK09MnzMk,2026-06-23T01:58:15Z,26,0,0,0,1,11,58.709999999999994
2026-08-31,7wOS6HW3iJ0,2026-06-22T16:23:58Z,51,0,0,0,1,10,65.99
2026-08-31,THoUiYynamI,2026-06-22T02:51:05Z,40,0,0,0,1,16,76.83
2026-08-31,-1CXUMdWWWc,2026-06-20T13:22:38Z,38,1,0,0,1,10,48.71
2026-08-31,9IYU_ID1nvc,2026-06-20T02:04:39Z,48,0,0,0,1,11,61.04999999999999
2026-08-31,6rQrwPWhAZk,2026-06-19T14:37:42Z,15,0,0,0,1,21,127.69
2026-08-31,AwS-N3wGtIY,2026-06-19T02:43:46Z,45,0,0,0,1,12,39.12
2026-08-31,aep0ZaK_uuE,2026-06-18T14:42:11Z,41,0,0,0,2,15,59.20000000000001
2026-08-31,1XviKdnqqxQ,2026-06-18T02:15:40Z,25,0,0,0,1,10,37.72
2026-08-31,RKpXQF2Cvac,2026-06-17T14:48:19Z,17,0,0,0,1,10,37.74
2026-08-31,PoBImeODvcM,2026-06-17T02:17:14Z,21,0,0,0,0,18,80.5
2026-08-31,58Ln6cOHzWQ,2026-06-16T16:21:13Z,17,0,0,0,0,10,34.64
2026-08-31,IRfpl8J1tyg,2026-06-16T02:32:11Z,0,0,0,0,0,0,0
2026-08-31,OSAxctK1YeQ,2026-06-15T16:51:19Z,16,0,0,0,0,28,143
2026-08-31,WMtdvIuqN78,2026-06-15T02:19:02Z,4,0,0,0,0,26,96.7
2026-08-31,Z_hZZdpQsCU,2026-06-14T13:25:32Z,16,0,0,0,0,7,37.3
2026-08-31,hvtBrQnNDTc,2026-06-14T02:14:04Z,3,0,0,0,0,0,0
2026-08-31,QEvCOl6UYB4,2026-06-13T13:20:43Z,23,0,0,0,1,11,49.24
2026-08-31,TNWEvgtxnws,2026-06-13T02:04:01Z,42,0,0,0,1,13,57.09000000000001
2026-08-31,O3nuyJrtDbI,2026-06-12T14:33:48Z,15,0,0,0,1,16,54.25
2026-08-31,FamOoF1b858,2026-06-12T02:10:07Z,54,0,0,0,2,11,62.46000000000001
2026-08-31,9HUpoJQxuTQ,2026-06-11T15:30:02Z,103,1,1,0,12,24,87.58
2026-08-31,Pa5-pkP2oLo,2026-06-11T02:15:02Z,2,0,0,0,0,22,95.87
2026-08-31,2vuAyeMlSZc,2026-06-10T14:48:29Z,17,0,0,0,0,15,56.86
2026-08-31,EfSnigy5qWs,2026-06-10T02:03:57Z,15,0,0,0,0,6,24.56
2026-08-31,CA54_6wBYU4,2026-06-09T14:17:03Z,8,0,0,0,0,4,18.68
2026-08-31,4F9n4ASSoyo,2026-06-09T01:54:09Z,8,0,0,0,0,37,113.64000000000001
2026-08-31,-nvuU_y_8_E,2026-06-08T15:50:06Z,16,0,0,0,1,15,48.89
2026-08-31,cQ-oMf-_1QQ,2026-06-04T14:29:35Z,2,0,0,0,0,24,104.68000000000002
2026-08-31,rr6nzN5oJ2c,2026-06-04T02:29:58Z,17,0,0,0,0,10,40.06
2026-08-31,QRM6UUMHLmI,2026-06-03T16:12:16Z,50,1,0,0,2,15,69.05
2026-08-31,dJxm8EmuEWA,2026-06-03T02:31:24Z,34,0,0,0,0,10,60.64000000000001
2026-08-31,_3Tyz7MMKfs,2026-06-02T15:54:12Z,1,0,0,0,0,0,0
2026-08-31,cdBTZtGTRLc,2026-06-02T02:14:16Z,79,0,0,0,3,15,62.96000000000001
2026-08-31,aB8JK_oSzsg,2026-06-01T17:12:39Z,20,0,0,0,0,4,18.33
2026-08-31,_CQ21b00USk,2026-06-01T02:13:33Z,37,0,0,0,1,11,49.46
2026-08-31,z0RgE3ICznk,2026-05-31T13:10:15Z,102,0,0,0,1,4,18.85
2026-08-31,zScHM9PLz8I,2026-05-31T02:06:20Z,36,0,0,0,0,8,26.82
2026-08-31,k5zn4acPpUI,2026-05-30T12:59:58Z,30,0,0,0,1,16,73.23
2026-08-31,_-68Vupc72E,2026-05-30T01:53:35Z,38,0,0,0,1,12,45.54
2026-08-31,IEzcuLqB4Hk,2026-05-29T14:35:28Z,38,0,0,0,0,6,27.82
2026-08-31,nE-fK666H-k,2026-05-29T02:09:20Z,32,0,0,0,1,21,73.89
2026-08-31,SQWL2XXURlQ,2026-05-27T14:50:57Z,35,0,0,0,0,8,34.17
2026-08-31,NECLIdtBb8Y,2026-05-27T02:04:03Z,9,0,0,0,0,16,75.76
2026-08-31,Jx5vFFIw3aQ,2026-05-26T14:32:39Z,29,0,0,0,0,13,68.51
2026-08-31,N1Kx1hncTtk,2026-05-26T01:55:43Z,36,0,0,0,2,16,82.01
2026-08-31,O7nWBuiKCMA,2026-05-25T14:30:01Z,47,0,0,0,1,11,51.61
2026-08-31,YOXFrbyZE18,2026-05-25T02:06:02Z,60,0,0,0,2,12,34.88
2026-08-31,5bTXHxmRRrI,2026-05-24T12:56:25Z,38,0,0,0,1,6,32.98
2026-08-31,R5rNaCViup0,2026-05-24T01:58:12Z,11,0,0,0,0,15,60.38
2026-08-31,5hbmKcjQBKo,2026-05-23T12:55:21Z,39,0,0,0,1,8,48.15
2026-08-31,d7lMOez3lo0,2026-05-23T01:51:29Z,44,0,0,0,2,13,56.58
2026-08-31,rDP66Dc87y0,2026-05-22T14:11:36Z,48,0,0,0,1,8,42.23
2026-08-31,eNtTaxr27X4,2026-05-22T02:01:52Z,2,0,0,0,0,0,0
2026-08-31,6oJofI4mv7Y,2026-05-21T14:38:00Z,40,0,0,0,1,11,55.87
2026-08-31,Divf9JOY8NI,2026-05-21T01:59:19Z,9,0,0,0,0,5,18.67
2026-08-31,NuMUIm_H2yE,2026-05-20T02:00:21Z,7,0,0,0,0,4,17.5
2026-08-31,aqtLfLz69JQ,2026-05-19T14:31:09Z,14,0,0,0,1,12,41.67
2026-08-31,zl2E9fzMFIM,2026-05-19T01:59:36Z,37,0,0,0,1,11,59.01
2026-08-31,9zytdpS8BGY,2026-05-18T14:51:14Z,38,0,0,0,2,14,67.55
2026-08-31,xxmD4auX9u8,2026-05-18T01:59:58Z,29,0,0,0,0,10,43.17
2026-08-31,pEOupFWnI18,2026-05-17T12:50:45Z,22,0,0,0,1,13,59.67
2026-08-31,zZgNLXkpCzk,2026-05-17T01:52:36Z,44,0,0,0,1,13,36.96
2026-08-31,_F2w2zepTzY,2026-05-16T12:55:42Z,35,0,0,0,4,21,74.08
2026-08-31,p8TVoKVG2Hg,2026-05-16T01:34:56Z,38,0,0,0,1,10,34.09
2026-08-31,vjf6FlxFNPU,2026-05-15T13:23:55Z,30,0,0,0,0,13,83.34
2026-08-31,vClAbUxtC9k,2026-05-15T01:55:20Z,52,0,0,0,2,11,37.89
2026-08-31,IfcStfSD-xE,2026-05-14T13:25:35Z,5,0,0,0,0,12,63.16
2026-08-31,kC771l-ZIMs,2026-05-14T01:56:23Z,45,0,0,0,2,24,96.23
2026-08-31,JAj8Z0JF9bw,2026-05-13T01:53:55Z,35,0,0,0,1,19,68.1
2026-08-31,QNAMVsSV9fU,2026-05-12T13:33:14Z,20,0,0,0,0,8,52.019999999999996
2026-08-31,CujpPVcgKf8,2026-05-12T01:47:48Z,42,0,0,0,1,11,53.36
2026-08-31,n8PhjWs1VC4,2026-05-11T14:19:53Z,38,0,0,0,0,6,24.33
2026-08-31,U2N9JcGK0tw,2026-05-11T01:51:46Z,13,0,0,0,0,9,67.64
2026-08-31,kkq2lla3Ijk,2026-05-10T12:48:46Z,80,0,0,0,2,8,50.61
2026-08-31,hG-FHHrwj8k,2026-05-10T01:45:58Z,48,0,0,0,0,7,32.04
2026-08-31,rkZQY4ctBzs,2026-05-09T12:48:40Z,35,0,0,0,0,6,33.75
2026-08-31,cWvDojw7QAw,2026-05-09T01:32:30Z,6,0,0,0,0,0,0
2026-08-31,cb00sZJAhfY,2026-05-08T13:05:32Z,0,0,0,0,0,0,0
2026-08-31,ineAlKZZgT8,2026-05-08T01:49:27Z,9,0,0,0,0,0,0
2026-08-31,vLqETKLW6OM,2026-05-07T13:26:03Z,39,0,0,0,1,9,39.73
2026-08-31,Yi9VlhJH_CY,2026-05-07T01:33:00Z,25,0,0,0,0,9,35.33
2026-08-31,WoXydzDKD1s,2026-05-06T13:26:40Z,39,0,0,0,0,5,23.52
2026-08-31,cLCvISVXvCA,2026-05-06T02:37:34Z,0,0,0,0,0,0,0
2026-08-31,oMlnEP5n5xw,2026-05-05T01:30:04Z,20,0,0,0,0,14,50.63999999999999
2026-08-31,atW-HBIAlxQ,2026-05-04T13:19:03Z,24,0,0,0,0,9,52.54
2026-08-31,Mf8NfWdVVds,2026-05-04T01:29:13Z,354,0,0,0,7,11,62.24000000000001
2026-08-31,O-6GZJkof9Q,2026-05-03T12:42:39Z,45,0,0,0,1,9,36.55
2026-08-31,vzE-eDX_rBc,2026-05-03T01:30:33Z,36,0,0,0,0,11,45.72
2026-08-31,Q0DFFs6cgTA,2026-05-02T12:43:32Z,32,0,0,0,1,14,55.81
2026-08-31,bAXO4HlnAA4,2026-05-02T01:26:27Z,31,0,0,0,0,15,85.5
2026-08-31,bR-d2N5QaNs,2026-05-01T12:51:37Z,66,0,0,0,1,9,44.21
2026-08-31,E0MprQIfkkA,2026-05-01T01:49:52Z,178,0,0,0,4,9,35.38
2026-08-31,TtKVgo-PB9Q,2026-04-30T13:18:02Z,59,0,0,0,1,10,40.19
2026-08-31,7LuNcXo11nU,2026-04-30T01:34:45Z,40,0,0,0,1,11,37.57
2026-08-31,t5Qmur-4n3M,2026-04-29T13:19:22Z,35,0,0,0,1,20,77.36
2026-08-31,eM7d4r-pfW8,2026-04-29T01:49:26Z,78,0,0,0,2,9,28.63
2026-08-31,4EaCBpZRPMo,2026-04-28T13:27:12Z,23,0,0,0,0,12,58.489999999999995
2026-08-31,ql5yIIiP79M,2026-04-28T04:50:56Z,48,0,0,0,1,15,69.18
2026-08-31,mSifBN2lxHw,2026-04-26T12:38:05Z,46,0,0,0,1,8,52.239999999999995
2026-08-31,IJMaVrHNfyc,2026-04-26T01:24:19Z,48,0,0,0,1,9,42.91
2026-08-31,oYJhnmW0AaI,2026-04-25T12:37:39Z,29,0,0,0,0,0,0
2026-08-31,Tu6dvaFUK70,2026-04-25T01:16:39Z,39,0,0,0,0,16,56.39999999999999
2026-08-31,gZSr5qx8oeg,2026-04-24T12:55:48Z,28,0,0,0,0,7,32.61
2026-08-31,i0iIsb9n9VM,2026-04-24T01:22:16Z,28,0,0,0,0,17,85.34
2026-08-31,pdpS-_jLTVE,2026-04-23T12:57:27Z,38,0,0,0,1,23,95.02
2026-08-31,JksOCivT2Bc,2026-04-23T01:23:23Z,36,0,0,0,0,10,38.6
2026-08-31,YDbmBfmYgN0,2026-04-22T12:57:53Z,102,0,0,0,2,10,39.25
2026-08-31,bSqSTFuAvf8,2026-04-22T01:17:16Z,106,0,0,0,2,8,41.46
2026-08-31,3QLoo5Qs8VE,2026-04-21T12:57:21Z,50,0,0,0,1,9,37.25
2026-08-31,zBcr6A0X_mk,2026-04-21T01:19:14Z,70,0,0,0,2,16,61.71
2026-08-31,ZIqroAx4CZE,2026-04-20T13:02:58Z,35,0,0,0,0,13,53.73
2026-08-31,DNgq_qW1fA0,2026-04-20T01:21:35Z,62,0,0,0,1,6,27.73
2026-08-31,zqaDMDkpZDo,2026-04-20T00:32:54Z,50,0,0,0,1,20,91.95
2026-08-31,GI6Aqq2E6vE,2026-04-18T12:35:57Z,94,1,0,0,2,7,33.1
2026-08-31,S8WCu3_OkLQ,2026-04-18T01:13:14Z,77,1,0,0,1,14,54.79999999999999
2026-08-31,T0DREMCs_tM,2026-04-17T12:54:43Z,21,0,0,0,0,17,51.13999999999999
2026-08-31,HCHvfX-xRlc,2026-04-17T01:18:54Z,31,0,0,0,0,14,85.92
2026-08-31,6fQe1YosVJw,2026-04-16T13:03:38Z,1,0,0,0,0,0,0
2026-08-31,om2Y9-WmjuE,2026-04-16T01:22:06Z,4,0,0,0,0,0,0
2026-08-31,XVvAky0zLB8,2026-04-15T12:57:13Z,39,0,0,0,1,15,55.25
2026-08-31,hKwwTsuCZJk,2026-04-15T01:16:59Z,68,0,0,0,2,11,50.629999999999995
2026-08-31,fJpzcD4bFNA,2026-04-14T12:57:49Z,46,0,0,0,0,5,22.43
2026-08-31,-AS2aH34UOg,2026-04-14T01:19:35Z,0,0,0,0,0,0,0
2026-08-31,12F1wsmOYOY,2026-04-13T01:20:52Z,57,0,0,0,1,11,41.55
2026-08-31,9wid0pEfNso,2026-04-12T12:37:53Z,6,0,0,0,0,0,0
2026-08-31,BYzdCmSths0,2026-04-12T01:19:31Z,51,0,0,0,1,13,49.96
2026-08-31,SIA9YHj7IzE,2026-04-11T17:59:14Z,94,0,0,0,3,17,66.14
2026-08-31,KHax2aPAOLM,2026-04-08T01:14:48Z,63,1,0,0,2,14,56.11999999999999
2026-08-31,x48Y5AiqNL4,2026-04-07T12:55:32Z,66,0,0,0,2,12,34.87
2026-08-31,Dm-N0t4-3L4,2026-04-07T01:12:45Z,37,0,0,0,0,12,60.35
2026-08-31,O7hMpgD9I_w,2026-04-06T12:43:44Z,49,1,0,0,1,11,63.62
2026-08-31,XA5MI3B6y3s,2026-04-06T01:14:24Z,155,0,0,0,7,9,48.1
2026-08-31,syLtpZe97p0,2026-04-05T12:32:18Z,74,1,0,0,1,10,35.03
2026-08-31,tDEdhE0wjIs,2026-04-04T12:30:34Z,126,0,0,0,6,16,53.83
2026-08-31,-Fme6XarNok,2026-04-04T01:05:49Z,63,0,0,0,1,9,44.73
2026-08-31,qWE6WMKLZQ4,2026-04-03T12:37:56Z,77,0,0,0,2,16,60.74
2026-08-31,6aUEBmQLjO0,2026-04-03T01:13:04Z,64,0,0,0,2,12,42.37
2026-08-31,f0gyZCEFFhQ,2026-04-02T12:45:50Z,35,0,0,0,0,4,16.71
2026-08-31,UA2UmThZEKE,2026-04-02T01:09:22Z,105,0,0,0,3,11,44.19
2026-08-31,gpaghTLJEzQ,2026-04-01T12:50:55Z,63,0,1,0,2,15,58.11999999999999
2026-08-31,zrZ-lr-lvgU,2026-04-01T02:38:18Z,63,0,0,0,1,6,38.86
2026-08-31,n0FOvZvGh5Y,2026-03-31T01:12:37Z,34,0,0,0,2,11,47.99
2026-08-31,b7ksr31Qkf0,2026-03-30T12:49:48Z,0,0,0,0,0,0,0
2026-08-31,fYBNO_nCOD4,2026-03-30T01:15:12Z,67,0,0,0,1,14,56.84
2026-08-31,z9rFY8GLOOY,2026-03-29T12:29:50Z,67,0,0,0,1,10,50.16
2026-08-31,WO8uAQLhGIE,2026-03-29T01:13:54Z,63,0,0,0,1,11,51.33
2026-08-31,5wUh_6vu2Go,2026-03-28T12:29:44Z,10,0,0,0,0,19,92.38
2026-08-31,JdpsABS7pKw,2026-03-28T01:06:42Z,38,0,0,0,0,13,45.12
2026-08-31,C_L3cdiUtoc,2026-03-27T12:38:06Z,29,0,0,0,1,9,33.43
2026-08-31,r8F0QXGNJbM,2026-03-27T01:10:49Z,32,0,0,0,1,11,55.74
2026-08-31,2Dd0b5yRvwo,2026-03-26T12:46:11Z,36,0,0,0,1,9,47.92
2026-08-31,LmctWQZyEvA,2026-03-26T01:11:07Z,1,0,0,0,0,0,0
2026-08-31,vHhsy6xkkSY,2026-03-25T12:39:16Z,0,0,0,0,0,0,0
2026-08-31,2BYS3ku1_Qs,2026-03-25T01:07:56Z,4,0,0,0,0,0,0
2026-08-31,hjkriefSr1w,2026-03-24T12:43:37Z,56,0,0,0,1,14,52.7
2026-08-31,XdFwGAuSE7U,2026-03-24T05:02:03Z,61,0,0,0,1,8,47.11
2026-08-31,-JFTX50ZtQk,2026-03-21T12:24:49Z,212,0,0,0,5,18,81.89
2026-08-31,Zq2m1kRL6q0,2026-03-21T01:00:27Z,119,1,0,0,4,11,38.02
2026-08-31,AKLcTliJFL8,2026-03-20T12:33:26Z,37,0,0,0,0,8,29.4
2026-08-31,fhhV1egGhNI,2026-03-20T01:03:37Z,53,0,0,0,1,7,37.97
2026-08-31,j-bjsPsftRo,2026-03-19T12:37:00Z,47,0,0,0,1,14,51.790000000000006
2026-08-31,-4NwUpvi8ng,2026-03-19T01:07:12Z,103,0,0,0,3,14,68.37
2026-08-31,W0c6udxdcHY,2026-03-18T12:43:23Z,40,0,0,0,0,5,18.7
2026-08-31,4nItZBXbg1E,2026-03-18T01:08:15Z,33,0,0,0,0,4,18.64
2026-08-31,ep1qq76H6ks,2026-03-17T12:43:33Z,72,0,0,0,2,15,56.69
2026-08-31,UNuHYP9-wqo,2026-03-17T01:04:36Z,74,0,0,0,1,10,45.69
2026-08-31,b_6YnowMPpM,2026-03-16T12:44:40Z,81,1,0,0,3,11,39.95
2026-08-31,V40i1wyTyC8,2026-03-16T01:11:58Z,61,0,0,0,1,7,34.06
2026-08-31,YKR_FyTNu3M,2026-03-15T12:27:36Z,54,0,0,0,2,16,65.69
2026-08-31,eFJKq7ChQVE,2026-03-15T01:11:23Z,61,0,0,0,1,6,36.17
2026-08-31,sqh-tKCq2UA,2026-03-14T12:25:56Z,62,0,0,0,1,10,40.39
2026-08-31,OaGDrxJs5jE,2026-03-14T01:01:50Z,89,0,0,0,2,8,28.499999999999996
2026-08-31,xOKf3tbA7to,2026-03-13T12:33:53Z,90,1,0,0,3,14,44
2026-08-31,NaHEZrAUApQ,2026-03-13T01:02:51Z,60,0,0,0,1,8,30.409999999999997
2026-08-31,u8j6UgwcAWE,2026-03-12T12:33:58Z,184,0,0,0,4,12,40.31
2026-08-31,4143nMw1ySw,2026-03-12T00:56:59Z,48,0,0,0,0,0,0
2026-08-31,-DQSkoMoQZw,2026-03-11T12:34:00Z,63,0,0,0,2,13,54.04
2026-08-31,BveJhXXeWew,2026-03-11T01:00:33Z,63,0,0,0,2,15,51.080000000000005
2026-08-31,b87wxLO0_f4,2026-03-10T12:34:31Z,89,1,0,0,2,7,26.05
2026-08-31,qBqjHbqsBEM,2026-03-10T00:59:16Z,64,0,0,0,1,20,74.93
2026-08-31,pDMzcV3D7Hc,2026-03-09T12:45:57Z,72,0,0,0,1,10,45.5
2026-08-31,DehiGK5t_uQ,2026-03-09T01:04:03Z,47,0,0,0,1,9,41.24
2026-08-31,5LLvE-nWsac,2026-03-08T12:26:54Z,183,1,0,0,8,14,47.03
2026-08-31,ytglD92ZCKY,2026-03-08T01:03:40Z,77,0,0,0,2,9,42.51
2026-08-31,D43fOoEvRiU,2026-03-07T18:20:23Z,42,0,0,0,0,7,24.38
2026-08-31,PQekC8_mq9U,2026-03-05T12:34:57Z,47,0,0,0,1,22,95.56
2026-08-31,2EqR9wS2Q8I,2026-03-05T01:04:18Z,99,0,0,0,3,10,43.69
2026-08-31,Ycci77WFitE,2026-03-04T12:31:37Z,128,0,0,0,6,15,65.49
2026-08-31,h_1EvAZD-8s,2026-03-04T01:01:20Z,105,0,0,0,2,9,41.17
2026-08-31,n-0NrVBgWGA,2026-03-03T12:33:14Z,72,0,0,0,2,11,40.51
2026-08-31,ixoTePG8L7k,2026-03-03T01:04:39Z,45,0,0,0,1,6,38.75
2026-08-31,dkcprpuQVwU,2026-03-02T12:32:20Z,40,0,0,0,1,13,54.31
2026-08-31,A53opaIG3a0,2026-03-02T01:02:30Z,94,0,0,0,3,7,46.23
2026-08-31,DfcBrzVHQ90,2026-03-01T12:25:26Z,74,0,0,0,2,11,39.94
2026-08-31,iykldQ76W7Q,2026-03-01T01:10:37Z,177,0,0,0,11,17,57.32000000000001
2026-08-31,nlnvOR4QLow,2026-02-28T12:22:45Z,49,0,0,0,1,15,75.02
2026-08-31,2vORckqweJ8,2026-02-28T00:56:51Z,63,0,0,0,1,15,54.50000000000001
2026-08-31,UnNlXUaYBU4,2026-02-27T12:32:55Z,79,0,0,0,3,27,117.89
2026-08-31,pPXch1Fsu6Q,2026-02-27T01:03:37Z,48,0,0,0,1,17,60.56
2026-08-31,7jX6bNGmVsk,2026-02-26T16:25:07Z,30,0,0,0,0,11,69.81
2026-08-31,IzdKRyCenzc,2026-02-26T01:02:37Z,31,0,0,0,1,15,50.74999999999999
2026-08-31,96oYUXW1pBw,2026-02-25T12:38:01Z,34,0,0,0,2,16,62.17
2026-08-31,3Pp3MUfmhNE,2026-02-25T01:08:19Z,0,0,0,0,0,0,0
2026-08-31,Hb78GB9PtEY,2026-02-24T12:37:32Z,33,1,0,0,0,7,40.07
2026-08-31,Jbq-Eap63y8,2026-02-24T01:03:00Z,79,0,0,0,2,15,68.75
2026-08-31,TNz0IN0G0xo,2026-02-23T12:36:36Z,0,0,0,0,0,0,0
2026-08-31,B01SjrM0O2Q,2026-02-23T01:03:48Z,58,0,0,0,1,17,97.81
2026-08-31,rX6MPpz51FE,2026-02-22T12:24:18Z,33,0,0,0,0,5,26.32
2026-08-31,6Mr6AlNDiT8,2026-02-22T01:05:02Z,0,0,0,0,0,0,0
2026-08-31,EU_EZFH_g2o,2026-02-21T12:24:14Z,5,0,0,0,0,0,0
2026-08-31,wFXehYoCg9E,2026-02-21T01:00:07Z,50,0,0,0,1,12,61.46
2026-08-31,SXe6AH6SFSk,2026-02-20T12:33:18Z,28,0,0,0,0,23,95.2
2026-08-31,9uOhp9bPWmM,2026-02-20T01:01:38Z,9,0,0,0,0,6,29.520000000000003
2026-08-31,aQUnfLgpEq0,2026-02-19T12:36:05Z,8,0,0,0,0,0,0
2026-08-31,vRLOsY8jCf0,2026-02-19T03:42:50Z,76,0,1,0,2,11,53.400000000000006
2026-08-31,OCBFsNL9PNU,2026-02-17T01:04:42Z,110,0,0,0,4,17,63
2026-08-31,PXWcYPr7Omo,2026-02-16T12:34:48Z,130,0,0,0,4,15,87.07
2026-08-31,X55oBmu1ezo,2026-02-16T01:04:58Z,42,0,0,0,0,4,22.5
2026-08-31,3mUEEsOzNqU,2026-02-15T12:25:24Z,41,0,0,0,1,10,41.87
2026-08-31,qzsX1iUsMnM,2026-02-15T01:07:42Z,64,0,0,0,3,27,99.34
2026-08-31,89JtSG4iVsA,2026-02-14T12:23:30Z,41,0,0,0,1,11,51.46999999999999
2026-08-31,PcOD2_1othA,2026-02-14T01:02:42Z,60,0,0,0,2,10,38.61
2026-08-31,lBorBD-wejA,2026-02-13T12:33:39Z,126,0,0,0,3,13,43.9
2026-08-31,klumNyrvIQg,2026-02-13T01:09:16Z,131,0,0,0,5,13,45.88
2026-08-31,tJ0B_ZSe4-0,2026-02-12T12:37:06Z,154,1,0,0,7,12,69.81
2026-08-31,xwxQmh3BrH4,2026-02-12T01:05:11Z,57,0,0,0,2,11,47.28
2026-08-31,KBtePfFvUws,2026-02-11T12:40:50Z,119,0,0,0,5,14,62.39
2026-08-31,uODHjXY2kqc,2026-02-11T01:12:56Z,50,0,0,0,2,13,51.89
2026-08-31,4Njh8cdvW5w,2026-02-10T12:44:28Z,34,0,0,0,0,6,40.65
2026-08-31,8pEemfuXl74,2026-02-10T01:15:16Z,55,0,0,0,1,30,101
2026-08-31,b4tny2EG7kM,2026-02-09T12:40:24Z,158,0,0,0,6,9,48.97
2026-08-31,QLzyNIxy-0k,2026-02-09T01:06:08Z,86,0,0,0,2,18,94.9
2026-08-31,k_bGGxcqkWQ,2026-02-08T12:24:47Z,43,0,0,0,1,12,60.56
2026-08-31,QUvyUEOIFcY,2026-02-08T01:20:22Z,92,0,0,0,4,17,70.06
2026-08-31,_yj8qFj_c_o,2026-02-07T12:24:22Z,127,0,0,0,7,11,44.66
2026-08-31,pdT4jk2KxU4,2026-02-07T00:59:32Z,48,0,0,0,1,8,46.19
2026-08-31,rbq64uH4irY,2026-02-06T12:33:39Z,69,0,0,0,1,11,36.05
2026-08-31,FRrzAOfIsh0,2026-02-06T01:00:14Z,153,0,0,0,5,11,51.53
2026-08-31,YFHRUTj8xeE,2026-02-05T12:35:00Z,59,0,0,0,2,14,56.43
2026-08-31,FZBy_yqhT5g,2026-02-05T01:02:53Z,133,0,0,0,6,9,45.93
2026-08-31,LN9z5FPHDmA,2026-02-04T12:33:27Z,125,1,0,0,5,9,43
2026-08-31,gNravpCcDCo,2026-02-04T01:00:45Z,0,0,0,0,0,0,0
2026-08-31,1VcsP7QNhxw,2026-02-03T12:33:18Z,90,0,0,0,4,17,70.66
2026-08-31,MUXCB4BxKbc,2026-02-03T01:04:27Z,45,0,0,0,1,11,53.56000000000001
2026-08-31,5l3UTqchtpg,2026-02-02T12:32:40Z,60,0,0,0,3,14,58.36
2026-08-31,SvIn_cEBJG0,2026-02-02T01:04:39Z,82,0,0,0,13,93,388.53
2026-08-31,SoyzMc1na_8,2026-02-01T12:24:24Z,42,0,0,0,1,10,44.12
2026-08-31,07Mfq1dhiJg,2026-02-01T01:11:17Z,63,0,0,0,2,19,70.07
2026-08-31,Ztqx3Myofwo,2026-01-31T12:24:07Z,56,0,0,0,1,9,27.43
2026-08-31,bsaD1cSmXkA,2026-01-31T00:58:35Z,43,0,0,0,0,14,54.02
2026-08-31,sWUfDxSRdp0,2026-01-30T12:28:50Z,136,0,0,0,4,10,74.3
2026-08-31,H2W6mhWfeMU,2026-01-30T01:00:51Z,89,0,0,0,6,15,60.35
2026-08-31,Gc53wfoTpu4,2026-01-29T16:02:58Z,38,0,0,0,1,12,48.93
2026-08-31,PgbAGpSsB1I,2026-01-28T00:54:02Z,109,0,0,0,3,13,45.05
2026-08-31,1yCT5-9hUmA,2026-01-27T12:24:29Z,37,0,0,0,0,0,0
2026-08-31,SUWQ8Allb_M,2026-01-26T12:24:55Z,163,0,0,0,7,12,53.55
2026-08-31,ViOQ5c1vM1I,2026-01-26T00:57:53Z,105,0,0,0,3,15,63.17
2026-08-31,ozxoy8JJgag,2026-01-25T00:58:33Z,37,0,0,0,0,9,42.17
2026-08-31,SjE0oaTOM2U,2026-01-24T12:21:37Z,210,0,0,0,7,22,65.76
2026-08-31,fUyA8HoBxm4,2026-01-24T00:50:34Z,102,0,0,0,4,11,49.77
2026-08-31,kUeBkvKtifE,2026-01-23T12:23:51Z,76,0,0,0,2,11,53.16
2026-08-31,1NjWzWWPYGk,2026-01-23T00:53:23Z,98,0,0,0,4,15,67.07
2026-08-31,1yw_y7DZILM,2026-01-22T12:25:46Z,130,0,0,0,7,11,47.97
2026-08-31,ieBibN_NFi4,2026-01-22T00:54:16Z,105,0,0,0,5,22,71.26
2026-08-31,Lzn8i_3QxyQ,2026-01-21T12:24:55Z,88,0,0,0,3,18,82.08
2026-08-31,b7-hRk00vBY,2026-01-21T02:03:34Z,309,1,0,0,16,13,52.35999999999999
2026-08-31,wzrCnh_cx38,2026-01-19T12:24:52Z,60,0,0,0,1,10,42.96
2026-08-31,nFiWF8pBOdE,2026-01-19T00:56:21Z,157,1,0,0,5,11,54.52
2026-08-31,ailU9L3hHCA,2026-01-18T12:19:45Z,208,0,0,0,5,9,72.35
2026-08-31,tEbQwwQB0UI,2026-01-18T00:57:50Z,82,0,0,0,1,12,47.4
2026-08-31,Y0Fj37HV_o4,2026-01-17T12:19:41Z,56,1,0,0,1,5,27.91
2026-08-31,pmg5-dykDZU,2026-01-17T00:49:25Z,110,0,0,0,4,13,65.72
2026-08-31,kaIHDp90cf4,2026-01-16T12:22:00Z,70,0,0,0,2,9,55.45
2026-08-31,KNtqlDQDY10,2026-01-16T00:52:38Z,224,1,0,0,8,12,65.42
2026-08-31,3vq3Zd6uxtU,2026-01-15T12:24:16Z,243,2,0,0,13,14,48.02
2026-08-31,ySxlAX5nhjU,2026-01-15T00:50:13Z,93,0,0,0,4,16,61.6
2026-08-31,njCG2PJKEpA,2026-01-14T12:24:19Z,103,0,0,0,4,10,37.06
2026-08-31,C1TOy6a0dxI,2026-01-14T00:53:28Z,173,2,0,0,6,9,58.17
2026-08-31,rN0DF7i_3wU,2026-01-13T12:25:10Z,36,0,0,0,0,5,18.23
2026-08-31,WRwrZDyTJ2o,2026-01-13T05:18:51Z,38,0,0,0,1,9,41.77
2026-08-31,5VDp8xr8PMw,2026-01-12T00:55:14Z,189,0,0,0,7,14,74.82
2026-08-31,-eFSzJLoCmk,2026-01-11T12:21:09Z,165,0,0,0,7,13,59.3
2026-08-31,k-rUw2TVYs8,2026-01-11T00:57:40Z,151,0,0,0,5,10,49.1
2026-08-31,Md2_HGkjEmQ,2026-01-10T12:19:57Z,166,0,0,0,5,11,52.96999999999999
2026-08-31,SUCUfIo6MH4,2026-01-10T00:50:48Z,82,0,0,0,3,13,56.87
2026-08-31,FFNwRRPqXLc,2026-01-09T12:22:37Z,50,0,0,0,1,8,47.93
2026-08-31,QSTdknWa4gQ,2026-01-08T12:24:04Z,40,0,0,0,1,7,31.96
2026-08-31,DazZAvrhRKI,2026-01-08T00:50:30Z,110,0,0,0,2,8,48.12
2026-08-31,cqhF9hro86M,2026-01-07T12:22:59Z,112,0,0,0,2,10,54.59
2026-08-31,Qjze3mrpiaE,2026-01-07T00:50:57Z,36,0,0,0,0,11,78.67
2026-08-31,SUI99n7yB_U,2026-01-06T00:51:02Z,102,0,0,0,3,9,51.03
2026-08-31,2nIDH-gIDhQ,2026-01-05T12:23:37Z,75,0,0,0,2,8,32.7
2026-08-31,wXEuAdlXM_M,2026-01-05T04:59:54Z,79,0,0,0,1,10,48.88
2026-08-31,xjP-OITrIT4,2025-12-31T00:52:35Z,48,0,0,0,1,8,27.02
2026-08-31,yh4jE0h28KA,2025-12-30T12:22:50Z,107,0,0,0,3,13,57.75
2026-08-31,_lBSpyvMgjw,2025-12-30T00:49:10Z,302,0,0,0,5,6,39.08
2026-08-31,9xKSMqEzQAM,2025-12-29T00:56:57Z,90,0,0,0,4,18,60.25
2026-08-31,OPdvBceQCCE,2025-12-28T12:19:38Z,63,0,0,0,1,8,50.44
2026-08-31,18FMuOikGQE,2025-12-28T00:57:32Z,41,0,0,0,0,17,80.45
2026-08-31,lAIIM4vuUSs,2025-12-27T12:20:12Z,92,0,0,0,2,10,50.43
2026-08-31,eaCy2RgCOe8,2025-12-27T00:48:31Z,127,1,0,0,6,15,71.01
2026-08-31,S4SHNb3-W3Q,2025-12-26T12:21:04Z,61,0,0,0,1,9,47.22
2026-08-31,1goDD83ipeQ,2025-12-26T00:50:19Z,95,0,0,0,4,17,71.45
2026-08-31,DmhxO5mlvxo,2025-12-25T12:22:02Z,115,0,0,0,4,12,51.24999999999999
2026-08-31,AKbv7xTvxnQ,2025-12-25T00:49:59Z,96,1,0,0,3,13,50.97999999999999
2026-08-31,0wI-gF3lGLM,2025-12-24T12:21:25Z,75,0,0,0,2,16,80.38
2026-08-31,9ieCGBvL-Bg,2025-12-24T03:45:47Z,51,0,0,0,1,8,40.12
2026-08-31,uGeiWkgtDP8,2025-12-22T00:53:16Z,130,1,0,0,5,13,65.78
2026-08-31,McHdknbY2cU,2025-12-21T12:19:35Z,44,1,0,0,1,15,71.9
2026-08-31,aN61kpao8HI,2025-12-21T00:54:41Z,187,0,0,0,5,11,49.01
2026-08-31,LP9DKhWavDA,2025-12-20T12:21:03Z,47,0,0,0,1,8,24.28
2026-08-31,fDS63LcxhNk,2025-12-20T00:47:34Z,151,0,0,0,4,13,46.68
2026-08-31,2HxaPdFdrAE,2025-12-19T12:21:23Z,305,0,0,0,13,12,60.06
2026-08-31,zP021DqgYA4,2025-12-19T00:49:03Z,146,0,0,0,3,10,53.26
2026-08-31,UMYm5lJHF6s,2025-12-18T12:21:22Z,89,0,1,0,3,13,82.36
2026-08-31,6j1gLZK5aJQ,2025-12-18T00:46:26Z,48,1,0,0,1,11,50.18
2026-08-31,a-0M7qv4ECM,2025-12-17T12:23:19Z,68,0,0,0,1,11,39.25
2026-08-31,lF9gvPG7YEY,2025-12-17T00:45:41Z,48,0,0,0,1,13,81.34
2026-08-31,or2vlbZ8PUo,2025-12-16T12:21:46Z,41,0,0,0,0,7,49.05
2026-08-31,w0u7iPVS4kg,2025-12-16T00:50:07Z,49,0,0,0,2,15,69.61
2026-08-31,ChBrBKj_FL0,2025-12-15T12:23:43Z,80,1,0,0,2,7,33.02
2026-08-31,pkVeQWwOH1M,2025-12-14T00:55:44Z,71,0,0,0,1,10,35.54
2026-08-31,tdK_vfJlYIU,2025-12-13T12:19:52Z,56,1,0,0,1,7,25.19
2026-08-31,rKfPskTw4uE,2025-12-13T00:46:03Z,55,0,0,0,1,10,62.43
2026-08-31,X253-VhbDHQ,2025-12-12T12:22:27Z,38,0,0,0,0,32,131.93
2026-08-31,kWgeQ8_3gf4,2025-12-12T00:49:39Z,107,0,0,0,3,9,42.79
2026-08-31,XAzSHS1CHFY,2025-12-11T12:22:27Z,73,0,0,0,1,9,64.15
2026-08-31,L6Wc8lnn4DU,2025-12-11T00:51:08Z,1657,0,0,0,42,14,50.83
2026-08-31,MtheX2OJMDQ,2025-12-10T12:22:34Z,55,0,0,0,0,5,23.83
2026-08-31,E1ibjYdkrbQ,2025-12-10T00:49:51Z,33,0,0,0,0,0,0
2026-08-31,U5_e3bmCbZY,2025-12-09T12:22:22Z,39,0,0,0,1,8,40.45
2026-08-31,t2DSE_ojmik,2025-12-06T00:47:45Z,77,0,0,0,3,25,75.8
2026-08-31,SRE8VHmGAqw,2025-12-05T12:22:14Z,61,0,0,0,2,12,56.50999999999999
2026-08-31,1avSfbfo6nQ,2025-12-05T00:49:35Z,91,1,0,0,2,19,64.34
2026-08-31,qL9y-Y4m8YY,2025-12-04T12:22:55Z,37,0,0,0,0,5,22.41
2026-08-31,XfbgEEaqypE,2025-12-04T00:49:06Z,54,0,0,0,1,6,21.96
2026-08-31,eFDnU8gaEJM,2025-12-03T00:47:59Z,48,0,0,0,0,4,22.28
2026-08-31,hxIwlu8ep-k,2025-12-02T12:23:15Z,55,0,0,0,1,13,52.87
2026-08-31,K3wSItDBg1k,2025-12-02T00:48:54Z,100,0,0,0,3,15,57.37
2026-08-31,hA9HyqaFyHM,2025-12-01T12:22:12Z,35,0,0,0,0,4,19.7
2026-08-31,tZQoZXF9Ud4,2025-12-01T00:58:59Z,102,0,0,0,1,4,19.94
2026-08-31,f-c69bkm6io,2025-11-30T12:18:54Z,91,0,0,0,3,10,50.36999999999999
2026-08-31,MsaO1qV-Ln0,2025-11-30T00:56:14Z,78,0,0,0,1,6,29.07
2026-08-31,BFEdIXRH-Fo,2025-11-29T00:47:12Z,58,0,0,0,1,17,53.03
2026-08-31,aFMkajr0L0o,2025-11-28T00:46:39Z,117,0,0,0,3,9,33.46
2026-08-31,HijWOdHKdH0,2025-11-27T12:22:09Z,116,0,0,0,5,21,85.38
2026-08-31,XVyf5d0eCE8,2025-11-27T00:46:29Z,54,0,0,0,1,10,52.31
2026-08-31,-KPak8LRUiA,2025-11-26T12:22:12Z,47,0,0,0,0,5,23.29
2026-08-31,FMgGUvkXlkI,2025-11-26T00:48:06Z,64,0,0,0,1,11,43.69
2026-08-31,DLiRMEwNnDc,2025-11-25T12:22:48Z,96,0,0,0,2,10,37.3
2026-08-31,bhWV305AZCg,2025-11-25T00:46:53Z,48,0,0,0,1,8,32.41
2026-08-31,NA7EumyAw4s,2025-11-24T12:21:38Z,38,0,0,0,0,4,15.770000000000001
2026-08-31,BQIHokBkLZM,2025-11-23T12:19:00Z,157,1,0,0,8,17,65.4
2026-08-31,7y-j8FAsFM8,2025-11-23T00:54:00Z,112,0,0,0,3,14,76.71
2026-08-31,DWwGPzpDyr8,2025-11-22T12:19:18Z,30,0,0,0,0,4,13.350000000000001
2026-08-31,UrD-Q-oBE-k,2025-11-22T00:45:23Z,123,0,0,0,2,14,61.42999999999999
2026-08-31,Q9VgwFN3UIg,2025-11-21T12:20:39Z,37,0,0,0,0,5,19.63
2026-08-31,oZ1KoF4YsaU,2025-11-21T00:47:44Z,42,0,0,0,1,12,46.25
2026-08-31,DEdYVTobd2c,2025-11-20T12:21:38Z,65,0,0,0,1,10,48.47
2026-08-31,Pvy_Sx_1IU8,2025-11-20T00:45:47Z,98,0,0,0,3,9,50.42
2026-08-31,W6nZEkKaMns,2025-11-19T12:21:58Z,60,0,0,0,2,18,72.17
2026-08-31,DCe_h8sqrhA,2025-11-19T00:49:16Z,36,0,0,0,0,8,28.859999999999996
2026-08-31,vMCVHEX6X-4,2025-11-18T12:22:09Z,22,1,0,0,0,9,36
2026-08-31,Qbqrzbs0TY8,2025-11-18T00:47:59Z,44,0,0,0,1,7,24.75
2026-08-31,lqXVwyhxzwQ,2025-11-17T12:21:08Z,54,0,0,0,2,12,62.69
2026-08-31,KzpeOdp-c1U,2025-11-17T00:49:32Z,28,0,0,0,1,14,47.49
2026-08-31,__BTJr7239g,2025-11-16T12:17:43Z,28,0,0,0,0,9,66.43
2026-08-31,tY5h-MOkj0k,2025-11-16T00:50:03Z,38,0,0,0,1,7,45.82
2026-08-31,7qvvyYK7pjM,2025-11-15T12:18:21Z,90,0,0,0,5,16,83.88
2026-08-31,bEBT1HmsU0w,2025-11-15T00:45:59Z,46,0,0,0,1,12,63.16
2026-08-31,EC3qu-J6O3o,2025-11-14T12:21:09Z,34,0,0,0,0,10,54.059999999999995
2026-08-31,Lu_GOCfqqsE,2025-11-14T00:47:41Z,99,0,0,0,3,10,44.19
2026-08-31,BmX41hUYTEo,2025-11-13T12:22:25Z,45,0,0,0,1,10,49.78
2026-08-31,bmt7t2cUv0g,2025-11-13T00:47:51Z,49,0,0,0,1,10,39.11
2026-08-31,maKQnP1Fbm0,2025-11-12T12:22:16Z,44,0,0,0,0,6,24.21
2026-08-31,dfi7G15BoPU,2025-11-12T00:48:22Z,146,0,0,0,5,14,53.90999999999999
2026-08-31,EaW6off6I-g,2025-11-11T12:21:15Z,25,0,0,0,0,5,22.01
2026-08-31,x4iAzzoynWo,2025-11-11T00:48:12Z,69,0,0,0,2,11,48.53
2026-08-31,uf8gxiLsKt4,2025-11-10T12:21:45Z,80,1,0,0,2,9,36.44
2026-08-31,IrFYVHvsGGI,2025-11-10T00:50:07Z,109,2,1,0,5,19,73.74
2026-08-31,nM5RQOj527Q,2025-11-09T20:46:27Z,67,0,0,0,1,7,48.87
2026-08-31,9X9J9HcnjRQ,2025-11-08T12:17:39Z,47,0,0,0,0,8,58.050000000000004
2026-08-31,tmyiz1EyOJ0,2025-11-08T00:44:46Z,28,0,0,0,0,4,23.9
2026-08-31,aiE5zJEb4LQ,2025-11-07T12:21:37Z,9,0,0,0,0,0,0
2026-08-31,RL-aV22hT3Q,2025-11-07T00:48:10Z,59,0,0,0,1,18,61.9
2026-08-31,iqjcjekQ4DA,2025-11-06T12:20:18Z,53,0,0,0,1,8,52.18000000000001
2026-08-31,0_Qr1FDSRUQ,2025-11-06T00:48:24Z,115,0,0,0,7,23,70.33
2026-08-31,VBWrqM7y_nY,2025-11-05T12:22:42Z,7,0,0,0,0,5,17.81
2026-08-31,7MDyZHXM6SQ,2025-11-05T00:48:17Z,189,0,0,0,5,11,64.9
2026-08-31,mFP_gIstEt8,2025-11-04T00:47:50Z,75,1,0,0,2,10,60.27
2026-08-31,5o0kd4B5OG8,2025-11-03T12:22:17Z,60,0,0,0,1,8,27.83
2026-08-31,6_QsBHeIods,2025-11-03T00:50:50Z,71,0,0,0,1,6,23.61
2026-08-31,ey4lxj-MxF8,2025-11-02T00:51:27Z,67,0,0,0,1,14,54.7
2026-08-31,d-oDeuxr9YY,2025-11-01T12:19:24Z,42,0,0,0,1,10,48.59
2026-08-31,qu68AwRcQUs,2025-11-01T00:49:48Z,44,0,0,0,1,9,34.72
2026-08-31,FpraVnRBn_g,2025-10-31T12:22:10Z,26,0,0,0,0,8,30.070000000000004
2026-08-31,YbyoErWHPrQ,2025-10-31T00:49:14Z,189,0,0,0,5,9,27.440000000000005
2026-08-31,r2GTq9pmDSw,2025-10-30T12:20:36Z,70,0,0,0,3,17,85.82
2026-08-31,DiOCz3pzEJQ,2025-10-30T00:47:38Z,105,0,0,0,3,13,60.49
2026-08-31,atBZitOWh8s,2025-10-29T15:48:23Z,11,0,0,0,1,18,78.78
2026-08-31,8iSmE8YXGKE,2025-10-29T00:49:21Z,41,0,0,0,1,8,41.28
2026-08-31,Cl-_JI9q_Vk,2025-10-28T12:21:06Z,86,0,0,0,3,13,54.18999999999999
2026-08-31,MzZ_20dPW-Y,2025-10-28T00:47:00Z,50,0,0,0,2,13,50.2
2026-08-31,0jhH6KZpmL8,2025-10-27T12:25:22Z,42,0,0,0,1,15,35.83
2026-08-31,FnNJckzMN4I,2025-10-27T00:50:00Z,62,0,0,0,11,75,345.36
2026-08-31,EHmOrNhP6eU,2025-10-26T12:20:55Z,35,0,0,0,1,19,64.42
2026-08-31,kaF2LpvGDE8,2025-10-26T00:48:33Z,67,0,0,0,2,9,44.47
2026-08-31,MrNfRJleZa4,2025-10-25T12:20:50Z,77,0,0,0,5,18,57.96
2026-08-31,cxkwv1-VWKM,2025-10-25T00:44:59Z,33,0,0,0,1,12,66.78
2026-08-31,CMt6N9OYHc4,2025-10-24T12:22:09Z,51,0,0,0,2,17,58.17
2026-08-31,fsKpdj-hOBc,2025-10-24T00:45:25Z,30,0,0,0,0,11,41.39
2026-08-31,g5WH6g6SXzo,2025-10-23T12:23:47Z,2,0,0,0,0,23,87.78
2026-08-31,whO3TbZRN2s,2025-10-23T00:46:43Z,123,1,0,0,5,16,47.28
2026-08-31,9udR2t3StDg,2025-10-22T12:21:57Z,147,1,0,0,8,12,54.25
2026-08-31,rPz60XxcTho,2025-10-22T01:47:39Z,26,0,0,0,0,11,42.26
2026-08-31,Z05lza3afe0,2025-10-20T12:21:15Z,72,0,0,0,4,18,66.29
2026-08-31,5b5VRHg-xnM,2025-10-20T00:50:25Z,62,0,0,0,2,20,102.51999999999998
2026-08-31,6ge3dzSKuAU,2025-10-19T12:19:54Z,48,0,0,0,2,16,60.75000000000001
2026-08-31,qjVcEZB3imM,2025-10-19T00:51:20Z,24,0,0,0,0,11,60.02000000000001
2026-08-31,qf7bSeDljc4,2025-10-18T12:19:43Z,3,0,0,0,0,20,87.87
2026-08-31,rbTkKE75_c0,2025-10-18T00:43:16Z,68,0,0,0,3,11,53.05
2026-08-31,ri2RZwr5J_4,2025-10-17T12:22:47Z,63,0,0,0,3,15,60.8
2026-08-31,v1zftajT1M0,2025-10-17T00:46:54Z,35,0,0,0,1,9,36.8
2026-08-31,pG8D3fHo7Kc,2025-10-16T12:21:59Z,109,1,0,0,27,97,444.34
2026-08-31,vQrRjChYLTc,2025-10-16T00:47:28Z,1,0,0,0,0,26,92.31
2026-08-31,xQVwOjXeNg0,2025-10-15T12:22:00Z,8,0,0,0,0,0,0
2026-08-31,iM0KR2-32f0,2025-10-15T00:47:34Z,4,0,0,0,0,14,52.57000000000001
2026-08-31,QkRtBzgp7LY,2025-10-14T12:23:44Z,14,0,0,0,0,20,87.39
2026-08-31,67qAhXRjlfA,2025-10-14T00:43:57Z,156,0,0,0,7,16,87.48
2026-08-31,SDLOOe8fi1M,2025-10-11T12:18:01Z,156,1,0,0,5,13,90.37
2026-08-31,b9tm03RKVpI,2025-10-11T00:42:33Z,19,0,0,0,0,7,44.05
2026-08-31,aDZm7fyKxZg,2025-10-10T12:22:18Z,53,0,0,0,2,18,88.29
2026-08-31,5gf43PikwPY,2025-10-10T00:44:00Z,251,0,0,0,23,32,163.81
2026-08-31,zgkkKMEvI4c,2025-10-09T12:22:48Z,67,0,0,0,2,10,39
2026-08-31,nsWYanXH4WQ,2025-10-09T00:45:59Z,22,0,0,0,0,28,92.61
2026-08-31,LQrAelHASPo,2025-10-08T12:22:30Z,19,0,0,0,1,16,82.67
2026-08-31,TovBq4xQFsc,2025-10-08T00:44:25Z,3,0,0,0,0,17,85.95
2026-08-31,Fl0RC5BJ3Pk,2025-10-07T12:22:14Z,75,0,0,0,3,16,82.9
2026-08-31,083VndBSBQA,2025-10-07T00:44:03Z,4,0,0,0,0,26,102.42
2026-08-31,9c2q7_r-q2Y,2025-10-06T12:22:15Z,4,0,0,0,1,35,116.06
2026-08-31,YGxrFAg3YOg,2025-10-05T12:19:04Z,70,0,0,0,3,17,82.2
2026-08-31,GcTz74gCsok,2025-10-05T00:49:33Z,55,0,0,0,3,26,118.53
2026-08-31,xvsX438rApQ,2025-10-04T19:15:22Z,38,0,0,0,1,17,92.17
2026-08-31,wsQMaYdr88Q,2025-09-20T12:18:35Z,146,1,0,0,7,12,51.22
2026-08-31,n4yje0t1LrQ,2025-09-20T00:43:59Z,44,0,0,0,1,19,49.76
2026-08-31,bvSYCI4URs8,2025-09-19T12:20:04Z,50,0,0,0,2,13,67.56
2026-08-31,SvIlF1anibo,2025-09-19T00:45:59Z,79,0,0,0,3,15,69
2026-08-31,G__3jx9sIcE,2025-09-18T12:21:43Z,135,0,0,0,8,15,63.019999999999996
2026-08-31,1rwy6xm5h8U,2025-09-18T00:43:45Z,49,0,0,0,2,14,67.42
2026-08-31,rSnz3nrgTFg,2025-09-17T12:21:43Z,38,0,0,0,1,7,30.59
2026-08-31,HTnmcw1VZsc,2025-09-17T00:44:19Z,178,0,0,0,6,13,46.08
2026-08-31,E7qHyD4bGJs,2025-09-16T12:21:39Z,46,0,0,0,1,7,28.110000000000003
2026-08-31,2clRmgMM1Us,2025-09-16T00:43:33Z,77,0,0,0,3,10,38.31
2026-08-31,YMnreQdpm5Y,2025-09-15T12:22:51Z,47,0,0,0,2,11,45.31
2026-08-31,n9WrhduYV3U,2025-09-15T00:53:32Z,66,0,0,0,3,12,60.35
2026-08-31,TjeZN7Gnx04,2025-09-14T12:18:57Z,46,0,0,0,2,15,65.95
2026-08-31,78zx-NQ3wVI,2025-09-14T00:48:31Z,2,0,0,0,0,16,65.13
2026-08-31,YxugVSFp3T0,2025-09-13T22:01:50Z,42,0,0,0,2,19,65.73
2026-08-31,kAI33hsvcUs,2025-08-22T12:20:10Z,75,0,0,0,3,12,43.67
2026-08-31,usvmmNihqZE,2025-08-22T00:45:55Z,50,0,0,0,2,10,44.85
2026-08-31,FJiDKJhqzMk,2025-08-21T12:21:38Z,64,0,0,0,3,11,44.99
2026-08-31,4KNrxnn4LYA,2025-08-21T00:44:57Z,25,0,0,0,0,24,92.3
2026-08-31,F7bl42wdwsk,2025-08-20T12:19:34Z,47,1,0,0,1,17,92.99
2026-08-31,2TQ1xDxSPko,2025-08-20T00:45:59Z,49,0,0,0,2,18,71.35
2026-08-31,2SEMOGewnt0,2025-08-19T12:20:22Z,47,0,0,0,4,18,91.17
2026-08-31,jl43kb2Mrl8,2025-08-19T00:46:39Z,37,0,0,0,0,8,56.11000000000001
2026-08-31,5ghuUk0uXKo,2025-08-18T12:22:15Z,5,0,0,0,1,37,129.19
2026-08-31,sZH-Vd6Q0Pg,2025-08-18T00:53:45Z,26,0,0,0,1,17,66.13
2026-08-31,n27QrIxIwBM,2025-08-17T12:19:46Z,21,0,0,0,1,13,43.56
2026-08-31,tj8faNubOXU,2025-08-17T00:54:38Z,40,0,0,0,1,16,54.55
2026-08-31,96EZNoOx5vk,2025-08-16T12:19:15Z,23,0,0,0,1,14,68.96
2026-08-31,KaojabYOzx0,2025-08-16T00:46:15Z,12,0,0,0,3,66,301.33
2026-08-31,THOj9YbvwsE,2025-08-15T15:23:30Z,6,0,0,0,0,27,82.97
2026-08-31,BZosJFoh2-E,2025-08-14T12:21:40Z,12,0,0,0,0,10,51.93
2026-08-31,TxfJxCoufW8,2025-08-14T00:48:45Z,47,0,0,0,1,18,74.15
2026-08-31,u4SLrBeU4P8,2025-08-13T12:21:24Z,83,0,0,0,5,15,60.91
2026-08-31,Lcr_-bsm-yU,2025-08-13T00:48:58Z,52,0,0,0,1,11,58.28
2026-08-31,loW9tXPftEI,2025-08-12T12:21:02Z,120,0,0,0,4,11,42.64
2026-08-31,mIZqOrlU3V4,2025-08-12T00:48:01Z,50,0,0,0,1,9,49.71
2026-08-31,Vu85YbKD2uA,2025-08-11T12:22:21Z,34,0,0,0,1,13,49.35
2026-08-31,2ihzs4ltkz4,2025-08-11T00:56:43Z,32,0,0,0,1,12,37.95
2026-08-31,cRrYtcVjQIM,2025-08-10T12:18:58Z,31,0,0,0,0,9,47.53
2026-08-31,oMMCSoJOPFY,2025-08-10T00:58:04Z,46,0,0,0,5,21,72.19
2026-08-31,71ERRmCB7uY,2025-08-09T12:20:09Z,37,0,0,0,1,13,52.09
2026-08-31,DOMkPDITAig,2025-08-09T00:47:31Z,71,0,0,0,3,13,49.92
2026-08-31,Z_8PUimecoU,2025-08-08T12:22:09Z,124,0,0,0,8,14,76.75
2026-08-31,798aPt3idGI,2025-08-08T00:55:22Z,32,0,0,0,1,15,49.46
2026-08-31,nJ_CeCMDjgo,2025-08-07T13:02:00Z,74,0,0,0,3,10,45.34
2026-08-31,F6bItVNWey4,2025-08-07T00:53:42Z,73,0,0,0,3,12,62.39
2026-08-31,EjwJ28Zg0Zs,2025-08-06T12:23:15Z,49,0,0,0,1,9,37.62
2026-08-31,NbSU5rDcqA8,2025-08-06T00:55:01Z,49,0,0,0,2,14,50.85999999999999
2026-08-31,OTdnZwnqZto,2025-08-05T12:22:59Z,57,0,0,0,2,13,56.92
2026-08-31,dP37FHj8nHg,2025-08-05T00:53:37Z,89,0,0,0,3,10,64.74
2026-08-31,jWk424bgg84,2025-08-04T12:23:46Z,59,1,0,0,2,21,96.11
2026-08-31,8-zs2bzAYok,2025-08-03T12:19:46Z,55,0,0,0,3,13,53.81
2026-08-31,XWpZCVCgX-A,2025-08-03T00:58:49Z,70,1,0,0,2,13,63.79
2026-08-31,AoN4FPURjpo,2025-08-02T12:20:33Z,50,0,0,0,2,11,48.38
2026-08-31,b1CT89GMN6o,2025-08-02T00:47:59Z,170,0,0,0,9,21,134.87
2026-08-31,ip4v0KcNBTg,2025-08-01T12:22:38Z,123,0,0,0,4,10,45.26
2026-08-31,b9uiF9O5AVk,2025-08-01T01:01:34Z,173,0,0,0,16,13,40.12
2026-08-31,v80VsDnL6vk,2025-07-31T12:21:40Z,40,0,0,0,1,9,39.46
2026-08-31,ukGL5TXbjDc,2025-07-31T02:11:20Z,40,0,0,0,1,9,42.58
2026-08-31,baIn3WnCR_s,2025-07-30T00:52:36Z,117,1,0,0,7,19,106.57
2026-08-31,dHLGC_aLh38,2025-07-29T12:22:49Z,44,0,0,0,1,10,44.03
2026-08-31,8T2wjykQY8M,2025-07-29T00:56:50Z,106,1,0,0,3,8,46.47
2026-08-31,2mlwNI9mKVc,2025-07-28T12:23:00Z,64,0,0,0,3,14,53.43
2026-08-31,ZI_z_4_Pdfg,2025-07-28T00:56:19Z,123,0,0,0,4,10,51.12
2026-08-31,Lm7_gHvmrWc,2025-07-27T12:20:02Z,49,0,0,0,2,14,78.63
2026-08-31,9c3PnUunMrI,2025-07-27T00:56:38Z,69,0,0,0,2,9,53.22
2026-08-31,eohklwMcu8s,2025-07-26T12:20:31Z,77,0,0,0,4,15,52.300000000000004
2026-08-31,JMfUVNqH-v8,2025-07-26T00:50:36Z,56,0,1,0,2,15,57.56
2026-08-31,kCiWEditH2c,2025-07-25T12:22:32Z,99,0,0,0,6,20,63.31
2026-08-31,VzRORbvYeU8,2025-07-25T00:53:02Z,62,0,0,0,3,13,31.15
2026-08-31,TaYTYLmXSpw,2025-07-24T12:23:07Z,61,0,0,0,3,17,68.87
2026-08-31,eojAkEGYKy8,2025-07-24T00:51:50Z,29,0,0,0,1,14,64.98
2026-08-31,jDNLDjwedSI,2025-07-23T12:22:35Z,66,0,0,0,5,21,92.96
2026-08-31,l-MK9FDyZGo,2025-07-23T01:53:38Z,39,0,0,0,1,14,52.93
2026-08-31,MTISyE2GK90,2025-07-22T00:51:23Z,272,1,0,0,20,20,103.61
2026-08-31,xaxoboKmsp8,2025-07-21T12:23:00Z,53,0,0,0,3,15,52.14
2026-08-31,YYQPFxAyXlA,2025-07-21T00:55:19Z,94,0,0,0,4,13,57.26
2026-08-31,C-pKshzaFI4,2025-07-20T12:19:56Z,860,1,0,0,57,14,70.46
2026-08-31,2cXstg2g1oo,2025-07-20T00:58:48Z,107,0,0,0,7,18,61.28
2026-08-31,UUVJFY1I6eQ,2025-07-19T12:19:13Z,181,1,0,0,9,11,57.49999999999999
2026-08-31,72GZYgKfNgY,2025-07-19T00:50:17Z,69,0,0,0,4,13,38.88
2026-08-31,hYqav0qcs-4,2025-07-18T12:21:48Z,117,0,0,0,7,14,61.78
2026-08-31,CA74oLX496k,2025-07-18T00:51:11Z,61,0,0,0,3,17,61.73
2026-08-31,pqSpEEBBZ5Y,2025-07-17T12:20:49Z,158,2,0,0,12,14,74.81
2026-08-31,vHOEW402B9s,2025-07-17T00:51:20Z,63,0,0,0,2,13,55.03
2026-08-31,Y_hYHH0oLzQ,2025-07-16T12:21:49Z,61,0,0,0,2,13,56.84
2026-08-31,sQ9TSjUyYHg,2025-07-16T00:50:53Z,215,0,0,0,18,14,79.2
2026-08-31,wZ_p3BEx0Hw,2025-07-15T12:22:37Z,60,0,0,0,3,13,66.62
2026-08-31,kxtbSj_b_IM,2025-07-15T03:01:40Z,36,0,0,0,1,8,44.73
2026-08-31,VCg1HIvDlmM,2025-07-11T12:21:10Z,25,0,0,0,0,15,58.879999999999995
2026-08-31,CnXoXMSAG78,2025-07-11T00:49:31Z,88,0,0,0,4,12,68.05
2026-08-31,wGfuxxpXlSA,2025-07-10T12:21:07Z,91,0,0,0,4,10,53.59
2026-08-31,I9Ms9geTeu0,2025-07-10T00:48:30Z,31,0,0,0,0,11,52.27
2026-08-31,N8xFDObGXSE,2025-07-09T12:21:31Z,77,0,0,0,3,11,53.16
2026-08-31,oM-LaSVYYnA,2025-07-09T00:49:58Z,66,0,0,0,2,10,51.62
2026-08-31,Yrg3cZU7eJw,2025-07-08T12:20:58Z,233,2,0,0,17,13,79.16
2026-08-31,e7dQ9yvJzZY,2025-07-08T00:48:19Z,89,1,0,0,3,11,49.76
2026-08-31,QGLkukuFr9E,2025-07-07T12:21:02Z,59,0,0,0,2,8,40.58
2026-08-31,ww9LNzzWEnw,2025-07-07T00:53:34Z,52,0,0,0,1,8,29.99
2026-08-31,42IXNsa6d9s,2025-07-06T12:19:21Z,21,0,0,0,1,15,63.56
2026-08-31,JXJySqBADHM,2025-07-06T00:54:22Z,170,0,0,0,5,11,49.86
2026-08-31,zYZkNuHz-yU,2025-07-05T12:18:26Z,27,0,0,0,0,6,27.97
2026-08-31,E0ZN8wJS83Q,2025-07-04T14:52:05Z,64,0,0,0,3,23,94.8
2026-08-31,L_EL5f08i14,2025-07-04T00:48:22Z,100,0,0,0,3,10,46.8
2026-08-31,P5jIY_NCDO8,2025-07-03T12:20:17Z,41,1,0,0,0,7,32.17
2026-08-31,qoOse_duoqg,2025-07-03T00:49:50Z,34,0,0,0,1,10,31.679999999999996
2026-08-31,gMgf71gWSns,2025-07-02T12:20:19Z,43,0,0,0,1,12,56.25
2026-08-31,y6wq_o7vRLQ,2025-07-02T00:47:48Z,58,0,0,0,2,14,62.25000000000001
2026-08-31,gFmJwB7Ae1U,2025-07-01T12:21:07Z,31,0,0,0,0,6,26.52
2026-08-31,iR0ftXc_P6U,2025-07-01T00:57:14Z,236,1,0,0,12,18,72.61
2026-08-31,KIFT3RS-1jo,2025-06-30T12:21:59Z,88,0,0,0,3,12,47.15
2026-08-31,NX6cYcB8-B8,2025-06-30T00:52:39Z,68,1,0,0,2,16,64.75
2026-08-31,qJGTEw8iezU,2025-06-29T12:18:28Z,0,0,0,0,0,0,0
2026-08-31,9j4PZqjGolc,2025-06-29T00:56:34Z,52,0,0,0,1,10,36.27
2026-08-31,l6qVlMe-Z0Q,2025-06-28T12:19:40Z,91,0,0,0,5,15,55.91
2026-08-31,xdzaCKsaYVc,2025-06-28T00:47:46Z,64,0,0,0,2,16,54.64
2026-08-31,2HDA7p1cXq4,2025-06-27T12:21:30Z,46,0,0,0,1,6,21.23
2026-08-31,qzBLxTShQfg,2025-06-27T00:49:17Z,56,0,0,0,2,10,37.29
2026-08-31,o-D6D8NGp1c,2025-06-26T12:20:39Z,178,0,0,1,8,13,72.29
2026-08-31,kCVxPz88TPM,2025-06-26T00:48:31Z,79,1,0,0,3,11,42.07
2026-08-31,PUX24gEV630,2025-06-25T12:20:55Z,46,0,0,0,1,13,65.63
2026-08-31,o-6Buts0ygQ,2025-06-25T00:49:43Z,101,0,0,0,5,21,78.28
2026-08-31,FeI7PXDWAmw,2025-06-24T12:21:56Z,1,0,0,0,0,0,0
2026-08-31,t9dFnLh-wyc,2025-06-24T00:49:31Z,9,0,0,0,0,11,47.89
2026-08-31,GWn867yxYzY,2025-06-23T12:23:46Z,65,0,0,0,2,9,25.72
2026-08-31,DhDhiMwW4DM,2025-06-23T00:53:12Z,54,0,0,0,1,8,31.069999999999997
2026-08-31,Ls4D1v80ALc,2025-06-22T12:18:30Z,67,1,0,0,3,13,47.58
2026-08-31,RrHNCA462xE,2025-06-22T00:53:39Z,85,0,0,0,4,15,82.41
2026-08-31,myCAcQ2_K2k,2025-06-21T12:19:28Z,105,0,0,0,4,14,56.32
2026-08-31,lx6VPZry0ZI,2025-06-21T00:47:14Z,110,1,0,0,3,12,44.1
2026-08-31,G8m1ZRzRIfU,2025-06-20T12:22:06Z,43,0,0,0,2,17,50.63999999999999
2026-08-31,nVYVBPt0Lcw,2025-06-20T00:48:16Z,38,0,0,0,1,9,37.38
2026-08-31,zOKKSAcOFK4,2025-06-19T12:21:02Z,63,0,0,0,3,14,67.43
2026-08-31,bTegbNmSRi4,2025-06-19T00:47:39Z,52,0,0,0,1,8,38.11
2026-08-31,9cv0AGU3f7Y,2025-06-18T12:19:49Z,208,0,0,0,7,11,66.78
2026-08-31,Hio5eRT3P2Y,2025-06-18T00:48:20Z,162,0,0,0,10,15,82.89
2026-08-31,A7yOEADsfLA,2025-06-17T12:20:38Z,87,1,0,0,4,12,70.3
2026-08-31,Q110khFMHL0,2025-06-17T00:47:59Z,71,0,0,0,3,15,79.17
2026-08-31,2h5-mJgktc0,2025-06-16T12:20:45Z,157,0,0,0,7,11,50.01
2026-08-31,qC6aiQLMTX0,2025-06-16T00:50:56Z,47,0,0,0,1,9,34.84
2026-08-31,bjNe7kxRpNk,2025-06-15T12:17:23Z,228,0,0,0,6,9,56.98
2026-08-31,mfh4EENwNF0,2025-06-15T00:55:56Z,176,0,0,0,9,13,47.49
2026-08-31,cvcwwkidXUs,2025-06-14T12:18:35Z,161,0,0,0,6,10,64.43
2026-08-31,WMoc4BUxR7Y,2025-06-14T00:46:37Z,160,1,0,0,8,15,58.540000000000006
2026-08-31,VcSN_Q6tN_w,2025-06-13T12:20:42Z,2,0,0,0,0,0,0
2026-08-31,M9CTXlrO6Hs,2025-06-13T03:51:00Z,135,0,0,0,6,13,60.35
2026-08-31,zK8iBDmYMKA,2025-06-12T12:19:47Z,58,0,0,0,1,7,36.72
2026-08-31,q4XHnjjH9dI,2025-06-12T00:46:46Z,125,0,0,0,4,9,49.65
2026-08-31,dO9QLnnbkW0,2025-06-11T12:20:34Z,78,1,0,0,2,12,52.54
2026-08-31,4JGOMKkIEKI,2025-06-11T00:48:33Z,335,0,0,0,13,13,54.40999999999999
2026-08-31,YTHY2PLYiLY,2025-06-10T12:21:46Z,164,0,1,0,11,20,71.27
2026-08-31,PIYhdRillDg,2025-06-10T00:47:33Z,128,0,0,0,6,16,87.51
2026-08-31,rg0_VgiF3b4,2025-06-09T12:21:30Z,82,0,0,0,3,9,30.130000000000003
2026-08-31,TBaj-KzYc1w,2025-06-09T00:52:08Z,105,0,0,0,5,14,56.3
2026-08-31,pPM8iPJTp_4,2025-06-08T12:22:47Z,4,0,0,0,0,11,42.67
2026-08-31,dEAFsKkgfus,2025-06-08T00:53:02Z,83,0,0,0,3,13,75.2
2026-08-31,bA2Rh8Oe2us,2025-06-07T12:18:17Z,72,0,0,0,2,9,45.5
2026-08-31,Xpk_pToAUSE,2025-06-07T00:47:32Z,52,0,0,0,1,10,49.23
2026-08-31,cqtb3jL81es,2025-06-06T12:20:44Z,71,0,0,0,2,11,46.02
2026-08-31,9LA1iCEEaEU,2025-06-06T00:48:12Z,294,0,0,0,12,11,45.09
2026-08-31,PCy9dpRZ0CA,2025-06-05T16:39:18Z,141,0,0,0,3,9,32.51
2026-08-31,9AZa6pvcq_g,2025-06-05T12:22:21Z,2,0,0,0,0,28,102.4
2026-08-31,HNa-g80gjCY,2025-06-05T00:47:13Z,309,0,0,0,11,10,62.24000000000001
2026-08-31,zaXzhb7zM7c,2025-06-04T12:20:18Z,126,0,0,0,6,15,66.18
2026-08-31,bsCmWKVvCCI,2025-06-04T00:48:29Z,59,0,0,0,2,18,63.190000000000005
2026-08-31,vzEQ52cEtGI,2025-06-03T12:20:25Z,78,0,0,0,4,14,55.92
2026-08-31,r_aMwKtTZS4,2025-06-03T00:48:20Z,42,0,0,0,1,10,41.6
2026-08-31,HGmiusWhzcM,2025-06-02T12:20:07Z,186,0,0,0,8,12,71.3
2026-08-31,jWw6qlFWawc,2025-06-02T00:49:38Z,334,0,0,0,12,13,64.46
2026-08-31,xfSLuWxTnWQ,2025-06-01T12:19:16Z,119,0,0,0,5,11,55.17999999999999
2026-08-31,UsQLO2UBPdI,2025-06-01T00:59:20Z,72,0,0,0,2,9,31.97
2026-08-31,t2V2iI_HdvY,2025-05-31T12:17:47Z,82,0,0,0,2,8,47.07
2026-08-31,Sx_pHwLn43g,2025-05-31T01:32:46Z,87,0,0,0,2,8,46.19
2026-08-31,Pp4fV1ZhBNs,2025-05-30T12:19:48Z,206,0,0,0,17,12,63.6
2026-08-31,c9gpgxcSUmw,2025-05-30T00:46:50Z,6,0,0,0,1,16,72.14
2026-08-31,RZeaNeLIj5c,2025-05-29T12:19:40Z,61,0,0,0,2,14,61.529999999999994
2026-08-31,u7KfW248d0U,2025-05-29T00:47:56Z,74,1,1,0,2,11,59.07
2026-08-31,MSXJYvEJxd4,2025-05-28T18:51:21Z,11,0,0,0,1,14,87.82
2026-08-31,4GOkf4Y8hLk,2025-05-28T12:20:24Z,44,0,0,0,1,11,46.39
2026-08-31,j6nPLmSAPhc,2025-05-28T00:47:43Z,50,0,0,0,2,17,85.08
2026-08-31,wAYHiCNZRas,2025-05-27T12:20:27Z,93,1,0,0,4,11,43.65
2026-08-31,H5d6AZyg010,2025-05-27T00:45:45Z,185,0,0,0,7,12,81
2026-08-31,CAaa6S7pGns,2025-05-26T12:20:12Z,118,0,0,0,4,12,48.51
2026-08-31,yOx0Zjc4MW8,2025-05-26T00:49:08Z,200,2,0,0,13,15,66.14
2026-08-31,wRcGYiRZ4Nk,2025-05-25T12:18:07Z,260,0,0,0,15,14,82.78
2026-08-31,qswT6Ib-wT0,2025-05-25T00:53:24Z,140,0,0,0,5,10,38.39
2026-08-31,TRkwxs18Mz0,2025-05-24T12:19:33Z,96,0,0,0,5,16,50.72
2026-08-31,It9_smZPUHQ,2025-05-24T00:45:36Z,129,0,0,0,5,11,51.35000000000001
2026-08-31,GN0grBkYcZM,2025-05-23T17:33:30Z,91,1,0,0,5,22,81.61
2026-08-31,mL15th4eX-Y,2025-05-23T00:46:14Z,66,0,0,0,2,12,58.72999999999999
2026-08-31,DYgVmkj41kI,2025-05-22T12:20:39Z,70,0,0,0,3,15,69.19
2026-08-31,jbeOx8GjweU,2025-05-22T00:46:51Z,29,0,0,0,0,8,43.17
2026-08-31,FrPl6vsB6eU,2025-05-21T12:19:21Z,240,0,0,0,11,12,65.75
2026-08-31,fusoLfprni4,2025-05-21T00:46:43Z,87,0,0,0,3,9,64.15
2026-08-31,ctfPWK63xTw,2025-05-20T12:21:54Z,63,0,0,0,3,16,66.71
2026-08-31,koXY8jim-jM,2025-05-20T00:47:19Z,91,0,0,0,4,12,51.99
2026-08-31,phs6XlqZhC0,2025-05-19T12:22:22Z,117,0,0,0,3,10,34.92
2026-08-31,IFyfqe1rlMk,2025-05-19T00:48:48Z,91,0,0,0,3,10,64.84
2026-08-31,dPWfCjrsoos,2025-05-18T12:19:04Z,125,1,0,0,5,10,45.11
2026-08-31,RMX1GoAmPKc,2025-05-18T00:50:22Z,88,0,0,0,4,11,60.53999999999999
2026-08-31,ZnBMPMXKo58,2025-05-17T12:19:06Z,59,0,0,0,3,19,74.53
2026-08-31,68TQHx52cCY,2025-05-17T00:44:39Z,0,0,0,0,0,0,0
2026-08-31,VvNeswdrLTI,2025-05-16T12:20:14Z,121,0,0,0,8,23,101.05999999999999
2026-08-31,Xxokvejej1E,2025-05-16T00:47:27Z,178,0,0,0,4,7,38.51
2026-08-31,2t2fxmJbGB0,2025-05-15T12:20:58Z,117,0,0,0,4,9,37.76
2026-08-31,UmC_v0_WE80,2025-05-15T00:44:49Z,54,0,0,0,2,15,78.3
2026-08-31,vlc3XNhFDPw,2025-05-14T12:20:22Z,41,0,0,0,0,15,46.97
2026-08-31,Ej7Dr-jsd-c,2025-05-14T00:46:55Z,46,0,0,0,4,20,81.46
2026-08-31,sRYLe_NG6DI,2025-05-13T12:20:11Z,65,0,0,0,3,23,113.98000000000002
2026-08-31,WkahoEceybs,2025-05-13T00:45:58Z,30,0,0,0,0,4,23.68
2026-08-31,ilM07_lXaBM,2025-05-12T12:24:14Z,94,0,0,0,4,12,78.4
2026-08-31,EecjxHYz0ps,2025-05-12T00:48:11Z,112,0,0,0,6,24,114.62
2026-08-31,7y3o1y5Tu6s,2025-05-11T12:18:04Z,264,1,0,0,11,11,65.62
2026-08-31,NjGtESoHmUc,2025-05-11T00:48:57Z,79,0,0,0,2,13,68.86
2026-08-31,zx5DM9ukBF4,2025-05-10T12:18:50Z,190,1,0,0,7,18,68.17
2026-08-31,XM-IhwOVvCI,2025-05-10T00:43:46Z,307,0,0,0,11,17,73.17
2026-08-31,8pTTszih3v4,2025-05-09T12:18:41Z,172,0,0,0,5,15,70.95
2026-08-31,eTDyTZ5JnEs,2025-05-09T00:45:59Z,37,0,0,0,0,5,27.11
2026-08-31,EuYCO8aNOPM,2025-05-08T12:19:56Z,53,0,0,0,1,9,34.96
2026-08-31,TSzeDjpjmpE,2025-05-08T00:46:54Z,67,0,1,0,3,18,66.21
2026-08-31,NcVWi1QmIKk,2025-05-07T12:25:32Z,68,0,0,0,1,12,55.33
2026-08-31,fnP_PnYebjc,2025-05-07T00:47:00Z,200,0,0,0,8,13,59.14
2026-08-31,t96sT3Qq-FU,2025-05-06T12:24:10Z,80,0,0,0,7,61,227.02
2026-08-31,nSNc4Hb3Zgc,2025-05-06T00:46:35Z,40,0,0,0,0,0,0
2026-08-31,espwjgXy838,2025-05-05T12:20:42Z,52,0,0,0,1,13,53.33
2026-08-31,LOCLJ2Sf3aA,2025-05-05T04:45:43Z,52,0,0,0,1,8,31.069999999999997
2026-08-31,hUkDHR8W8BI,2025-05-04T12:17:45Z,88,0,0,0,45,242,1349.02
2026-08-31,C1d2SYSeaG4,2025-05-04T00:51:37Z,77,1,0,0,2,7,30.44
2026-08-31,235BKRdgpFk,2025-05-03T12:19:16Z,40,0,0,0,1,14,52.89
2026-08-31,-bC8O8QlJgA,2025-05-03T00:43:53Z,225,0,0,0,7,9,43.19
2026-08-31,MDp6r2HuNI8,2025-05-02T12:18:04Z,61,0,0,0,1,19,138.57
2026-08-31,xye9xWprlN8,2025-05-02T00:45:07Z,146,0,0,0,4,9,46.77
2026-08-31,EBBJl9x16o4,2025-05-01T12:18:05Z,85,0,0,0,2,7,43.26
2026-08-31,88yWwTHRxuM,2025-05-01T00:52:04Z,64,0,0,0,2,15,45.47
2026-08-31,03pUihkjQSQ,2025-04-30T12:24:53Z,53,0,0,0,1,8,30.42
2026-08-31,gTvEHz8oUck,2025-04-30T00:44:56Z,62,1,0,0,2,12,69.42
2026-08-31,P8m2FRee-Hs,2025-04-29T12:21:40Z,44,0,0,0,3,17,64.1
2026-08-31,JfSbOr27Kk0,2025-04-29T00:45:24Z,39,0,0,0,0,5,19.24
2026-08-31,4Jr_2QZcyrw,2025-04-28T12:18:58Z,67,0,0,0,1,13,65.41
2026-08-31,Wjr65y4hM1I,2025-04-28T00:45:52Z,154,0,0,0,6,11,79.23
2026-08-31,lUFplL1LBm0,2025-04-27T14:49:02Z,36,0,0,0,0,12,54.29999999999999
2026-08-31,GgOzyu_INak,2025-04-27T00:47:33Z,53,0,0,0,3,40,201.66999999999996
2026-08-31,4MJnNsvo53w,2025-04-26T12:17:53Z,165,0,0,0,5,10,53.92
2026-08-31,4aNpi2uLm4w,2025-04-26T00:44:18Z,76,0,0,0,14,63,234.56
2026-08-31,1gKSlD9axkw,2025-04-25T12:19:43Z,78,0,0,0,3,12,39.19
2026-08-31,5g2ZJyQ--Dc,2025-04-25T00:46:17Z,68,0,0,0,2,9,36.62
2026-08-31,dUZwxBwl_mo,2025-04-24T12:20:22Z,69,0,0,0,2,12,40.26
2026-08-31,xvqqvyp6XYw,2025-04-24T00:44:52Z,71,0,0,0,2,14,54.92
2026-08-31,ofnLcJI_STU,2025-04-23T12:19:57Z,55,0,0,0,2,31,112.42000000000002
2026-08-31,0_hnbylTTBg,2025-04-23T00:45:24Z,153,1,0,0,7,10,65.23
2026-08-31,sr2V6XXheAs,2025-04-22T12:18:44Z,56,0,0,0,3,19,86.4
2026-08-31,GjDII9Fkrqk,2025-04-22T00:44:56Z,74,0,0,0,5,26,105.76
2026-08-31,FYOfw1Zz_Yw,2025-04-21T12:20:31Z,89,1,0,0,4,22,73.58
2026-08-31,ZVHhWsZAEUM,2025-04-21T00:48:25Z,71,0,0,0,3,22,92.88
2026-08-31,epOHwc8AkZw,2025-04-20T12:18:28Z,104,2,0,0,5,16,64.02
2026-08-31,LbiHcD1PyjM,2025-04-20T06:27:20Z,78,0,0,0,2,12,54.559999999999995
2026-08-31,KyiYdze_V-g,2025-04-20T00:47:33Z,69,1,0,0,1,7,36.86
2026-08-31,iP1DR_4yBDU,2025-04-19T12:17:41Z,44,0,0,0,0,8,38.67
2026-08-31,oCmJ_bk3BvM,2025-04-19T00:44:37Z,90,0,0,0,4,15,36.31
2026-08-31,dqnzyOGZ3aI,2025-04-18T12:18:52Z,89,0,0,0,5,20,67.86
2026-08-31,DzUDd9GV8v8,2025-04-18T00:44:31Z,102,0,0,0,2,7,23.8
2026-08-31,6Tbs7lNSTQU,2025-04-17T12:19:31Z,52,1,0,0,3,18,75.55
2026-08-31,0XQnsZrXjn4,2025-04-17T00:42:48Z,36,0,1,0,1,13,105.49
2026-08-31,-P85g9OoT74,2025-04-16T12:19:16Z,189,0,0,0,8,16,61.3
2026-08-31,Yt1uSAQaXz8,2025-04-16T00:45:27Z,47,0,0,0,1,7,29.43
2026-08-31,AUabED30hEw,2025-04-15T15:12:51Z,95,0,0,0,4,12,37.17
2026-08-31,c2_M9MunhjI,2025-04-15T00:47:34Z,79,0,0,0,4,16,35.79
2026-08-31,shu7C6IkoWE,2025-04-14T12:18:22Z,115,0,0,0,5,14,80.84
2026-08-31,1dvZOni6DHo,2025-04-14T00:47:55Z,53,0,0,0,3,16,70.62
2026-08-31,FD5O6wmAudE,2025-04-13T12:18:51Z,83,0,0,0,3,15,47.48
2026-08-31,DPqoAO4lVsw,2025-04-13T02:11:46Z,131,0,0,0,7,14,53.010000000000005
2026-08-31,W8WYIm7c8sE,2025-04-12T12:15:49Z,79,0,0,0,4,15,84.77
2026-08-31,whyud5rF_Xk,2025-04-12T00:44:17Z,139,0,0,0,8,17,56.15
2026-08-31,upeH7p3lYTw,2025-04-11T12:18:52Z,144,0,0,0,7,20,90.99
2026-08-31,zBSSuDCgEg4,2025-04-11T00:45:44Z,60,0,0,0,4,21,72.99
2026-08-31,Jg2B9SPLvTI,2025-04-10T12:20:39Z,45,0,0,0,1,8,21.13
2026-08-31,laUk3okt-Nk,2025-04-10T00:44:23Z,70,0,0,0,3,26,84.14
2026-08-31,_7TFxr97JVQ,2025-04-09T12:19:29Z,45,0,0,0,5,24,83.52
2026-08-31,iR2C0mR60zs,2025-04-09T00:43:22Z,3,0,0,0,0,12,54.56999999999999
2026-08-31,XVyWWogVGdU,2025-04-08T12:18:39Z,61,0,0,0,2,11,55.50000000000001
2026-08-31,YjVpTGo3Q00,2025-04-08T01:17:43Z,72,0,0,0,4,13,46.06
2026-08-31,aVVeiPPLQdE,2025-04-07T12:19:05Z,41,0,0,0,0,5,23.69
2026-08-31,jvEdORakdUc,2025-04-07T00:46:41Z,93,0,0,0,4,12,46.05
2026-08-31,HyV_GfBmgmE,2025-04-06T16:39:59Z,0,0,0,0,0,0,0
2026-08-31,RJmlh-AheTQ,2025-04-06T12:16:35Z,47,0,0,0,8,94,448.36
2026-08-31,tU3rSMeXUuw,2025-04-06T00:47:58Z,51,0,0,0,2,18,54.14
2026-08-31,0sUXYOFYnUg,2025-04-05T16:50:37Z,50,0,0,0,2,11,49.97
2026-08-31,aFvQ5cF82JE,2025-04-05T00:42:56Z,40,1,0,0,1,11,41.35
2026-08-31,A4eccA916zo,2025-04-04T12:19:08Z,55,0,0,0,2,9,30.25
2026-08-31,l3_-NCoPohk,2025-04-04T00:44:25Z,51,0,0,0,1,12,46.25
2026-08-31,3u9WuhDUNtU,2025-04-03T12:19:19Z,37,0,0,0,0,5,18.52
2026-08-31,PqY6Q-C59bQ,2025-04-03T00:42:36Z,136,0,0,0,7,14,79.14
2026-08-31,aEIVU5PDM_Y,2025-04-02T12:19:24Z,72,0,0,0,2,9,35.62
2026-08-31,O9Dvzofzg4A,2025-04-02T00:45:42Z,177,1,0,0,5,11,30.79
2026-08-31,5fRSI_n5JIw,2025-04-01T12:20:46Z,0,0,0,0,0,0,0
2026-08-31,es5FZakBJhA,2025-04-01T00:50:23Z,77,0,0,0,2,8,29.65
2026-08-31,SHgrwzAXJ18,2025-03-31T14:37:48Z,190,0,0,0,9,11,48.85
2026-08-31,wWFiiMJS3aU,2025-03-31T00:45:30Z,33,1,0,0,6,12,75.88
2026-08-31,obRxtdwnJ4E,2025-03-30T12:18:17Z,39,1,0,0,3,9,37.6
2026-08-31,YNErPIYQaiQ,2025-03-30T00:47:15Z,34,0,0,0,4,10,44.34
2026-08-31,W3TZDvxUtd4,2025-03-29T12:17:47Z,12,0,0,0,3,18,52.57000000000001
2026-08-31,Zvspd5LwwKM,2025-03-29T00:43:48Z,7,0,0,0,1,13,37.83
2026-08-31,c1a4TlA0NLg,2025-03-28T12:17:12Z,5,0,0,0,0,8,61.84
2026-08-31,l34VAYFZkZI,2025-03-28T00:42:03Z,19,1,0,0,14,48,300.99
2026-08-31,N3Xhdj3gjF8,2025-03-27T12:21:00Z,19,1,0,0,3,12,56.779999999999994
2026-08-31,EDJVbBzyH88,2025-03-27T00:44:23Z,9,0,0,0,1,13,36.43
2026-08-31,mPXaXEg1RNI,2025-03-26T12:19:23Z,18,0,0,0,2,12,38.96
2026-08-31,O8SgQs2gb5s,2025-03-26T00:43:10Z,18,0,0,0,4,20,87.14
2026-08-31,D9XjF9gEgxw,2025-03-25T12:17:49Z,18,1,0,0,3,12,74.99
2026-08-31,QdKqBGyFeoI,2025-03-25T00:44:34Z,41,0,0,0,9,17,65.26
2026-08-31,Q1Mik5ASShA,2025-03-24T12:19:28Z,5,0,0,0,1,13,54.89000000000001
2026-08-31,tYB89tYADjM,2025-03-24T02:13:38Z,20,0,0,0,2,8,32.69
2026-08-31,pHF0EHiEsNg,2025-03-24T02:05:55Z,0,0,0,0,0,0,0
2026-08-31,eRClnS1LCCs,2025-03-23T01:56:16Z,15,0,0,0,2,15,71.72
2026-08-31,Ae6nHDU2LJw,2025-03-22T01:47:52Z,18,0,0,0,2,9,38.59
2026-08-31,wtfz55vyKnM,2025-03-21T01:53:13Z,5,0,0,0,1,16,50.55
2026-08-31,o6BlyEGFy3g,2025-03-20T01:49:15Z,2,0,0,0,0,21,84.44
2026-08-31,QjyB8oU6W28,2025-03-19T01:49:08Z,29,0,0,0,27,64,429.32
2026-08-31,ELm9sCQzEqY,2025-03-18T01:49:29Z,85,5,0,0,23,17,92.63
2026-08-31,vA_wqVo8ybM,2025-03-17T01:53:20Z,20,0,0,0,5,16,58.07
2026-08-31,kpP9o40QSCE,2025-03-16T15:06:00Z,21,2,0,0,4,13,45.09
2026-08-31,xuI7r8KmQC4,2025-03-15T01:46:33Z,11,0,0,0,1,9,46.8
2026-08-31,tJhCCUKC0b0,2025-03-14T01:47:07Z,11,2,0,0,1,9,45.99
2026-08-31,qBEWNVNlghs,2025-03-13T01:51:02Z,14,0,0,0,3,15,44.32
2026-08-31,4SVv53Ae1KE,2025-03-12T01:48:34Z,8,0,0,0,2,17,56.36
2026-08-31,e0cu6XoXXfY,2025-03-11T01:48:35Z,13,0,0,0,1,9,43.37
2026-08-31,WKwqH0_m7Zo,2025-03-10T17:25:22Z,16,0,0,0,2,13,44.15
2026-08-31,xf9viwThsqg,2025-03-10T01:26:07Z,1,0,0,0,0,0,0
2026-08-31,YbFbt3l-xJc,2025-03-09T01:28:22Z,0,0,0,0,0,0,0
2026-08-31,FxkfLtwKcNE,2025-03-08T20:05:09Z,3,2,0,0,0,24,202.03000000000003
2026-08-31,nLl8OoD-iCM,2025-03-08T19:58:02Z,0,0,0,0,0,0,0
2026-08-31,R0QpJvYe3ws,2025-03-08T19:35:07Z,2,1,0,0,0,18,156.44
2026-08-31,QVX-jvxkoLk,2025-03-08T19:19:02Z,0,0,0,0,0,0,0
2026-08-31,4bCG6ewJmNM,2025-03-08T17:07:15Z,2,1,0,0,0,23,65.72
2026-08-31,HJrfyL_-TXg,2025-03-08T16:51:39Z,1,0,0,0,1,76,218.67999999999998
2026-08-31,h3dcmdIDRM4,2025-03-08T01:21:07Z,0,0,0,0,0,0,0
2026-08-31,fZUa99cHfg0,2025-03-07T18:57:40Z,3,0,0,0,0,7,29.39
2026-08-31,ZV_88UU4x5o,2025-03-06T01:46:56Z,0,0,0,0,0,0,0
2026-08-31,AfhxAw2OO7Q,2025-03-05T01:48:35Z,4,0,0,0,0,8,26.85
2026-08-31,gxpql54tZ1E,2025-03-04T01:48:48Z,0,0,0,0,0,0,0
2026-08-31,QefM0oQMg3I,2025-03-03T01:49:53Z,3,0,0,0,0,12,47.04
2026-08-31,xtMA94JSxz0,2025-03-02T01:51:49Z,0,0,0,0,0,0,0
2026-08-31,yl-gQb5ghw0,2025-03-01T01:54:05Z,3,0,0,0,0,38,98.46
2026-08-31,XG0sXawBMFg,2025-02-28T01:47:51Z,1,0,0,0,0,0,0
2026-08-31,quGd2PQgO5Q,2025-02-27T16:56:20Z,0,0,0,0,0,0,0
2026-08-31,Z-xAjlSj9e4,2025-02-26T01:45:58Z,2,1,0,0,0,29,115.35
2026-08-31,sPxxvTx-T2A,2025-02-25T01:47:16Z,1,1,0,0,0,32,105.15999999999998
2026-08-31,8Ll9pxYdKcs,2025-02-24T01:48:07Z,2,0,0,0,0,11,44.07
2026-08-31,sFi-7B8vS-0,2025-02-23T01:50:09Z,3,0,0,0,0,0,0
2026-08-31,xN95DMjGp0U,2025-02-22T01:41:15Z,2,0,0,0,0,39,162.6
2026-08-31,ZK9LzMSYw-Q,2025-02-21T01:44:57Z,4,0,0,0,0,19,71.48
2026-08-31,zogEMDmfX3c,2025-02-20T01:45:19Z,0,0,0,0,0,0,0
2026-08-31,7_1OlSt7XpU,2025-02-19T03:06:18Z,1,1,0,0,0,27,104.97000000000001
2026-08-31,X6EakGRwYn8,2025-02-18T01:42:59Z,1,0,0,0,0,2,13.18
2026-08-31,rzpvm64KO8o,2025-02-17T01:46:34Z,2,0,0,0,0,0,0
2026-08-31,kNabXfqCMDs,2025-02-16T01:50:44Z,2,0,0,0,0,23,78.33
2026-08-31,V6RSbR44l84,2025-02-15T01:41:33Z,0,0,0,0,0,0,0
2026-08-31,8qctDdJ2VkY,2025-02-14T01:44:57Z,4,0,0,0,0,0,0
2026-08-31,21PzViV1IWM,2025-02-13T01:44:49Z,1,0,0,0,0,34,107.61
2026-08-31,eevzllGqXfg,2025-02-12T01:43:02Z,3,1,0,0,0,22,102.63
2026-08-31,T6VpJaGx-A0,2025-02-11T05:51:11Z,5,0,0,0,1,35,127.38000000000001
2026-08-31,ovy8uhzNckE,2025-02-10T01:45:11Z,0,0,0,0,0,0,0
2026-08-31,YwhqUzLuRMQ,2025-02-09T01:48:20Z,3,0,0,0,0,23,77.82
2026-08-31,CEJDCWfXUZI,2025-02-08T01:39:39Z,5,1,0,0,0,8,42.2
2026-08-31,-bMBiVm0myo,2025-02-07T20:23:53Z,1,0,0,0,0,18,96.64
2026-08-31,WsgDaaSrk3U,2025-02-07T01:44:07Z,1,1,0,0,0,34,111.48
2026-08-31,KCMfOKwANH4,2025-02-06T01:44:49Z,19,6,0,1,4,14,57.31
2026-08-31,Lat74n78zMs,2025-02-05T01:43:04Z,0,0,0,0,0,0,0
2026-08-31,XuCNkec8SX4,2025-02-04T16:34:05Z,19,0,0,0,3,15,81.07
2026-08-31,xQ6CrXPJM5k,2025-02-03T23:26:48Z,2,0,0,0,0,13,51.06
2026-08-31,CdEcz1EAAOg,2025-02-03T23:18:09Z,1,0,0,0,0,22,92.58
2026-08-31,mRiHLfwksz4,2025-02-02T01:46:41Z,2,1,0,0,0,35,99.99
2026-08-31,2qfxXpvdrfk,2025-02-01T01:45:34Z,13,1,0,0,1,16,86.26
2026-08-31,LoWEWRS8uGQ,2025-01-31T01:41:37Z,2,1,0,0,0,24,106.61
2026-08-31,PaaDR3GUNxs,2025-01-30T01:39:17Z,3,1,0,0,0,17,101.64999999999999
2026-08-31,V5c-0tFaJXQ,2025-01-29T01:41:39Z,15,1,0,0,2,15,56.43
2026-08-31,ArOTPV66jAs,2025-01-28T01:40:23Z,2,1,0,0,0,18,95.74
2026-08-31,W6lSWIUXEvk,2025-01-27T01:45:14Z,2,1,0,0,1,71,205.42
2026-08-31,X3voezK8ckw,2025-01-26T23:28:59Z,0,0,0,0,0,0,0
2026-08-31,eRXthPAIScE,2025-01-26T23:19:24Z,1,0,0,0,0,9,70.92
2026-08-31,P8lXctHCMgw,2025-01-25T01:30:54Z,1,0,0,0,0,5,23.58
2026-08-31,Ss39SHWOyfI,2025-01-24T19:08:25Z,0,0,0,0,0,0,0
2026-08-31,mmUNb228ljY,2025-01-22T01:44:25Z,6,0,0,0,1,22,68.39
2026-08-31,zM98d8n98hQ,2025-01-21T01:42:10Z,7,0,0,0,2,23,71.92
2026-08-31,WgdXHLit4_E,2025-01-20T01:44:16Z,2,0,0,0,0,24,68.72
2026-08-31,mcLeYiPBWWE,2025-01-19T01:47:13Z,0,0,0,0,0,0,0
2026-08-31,KghSUgPGjzU,2025-01-18T20:13:50Z,9,2,0,0,2,16,63.2
2026-08-31,hihRQIoVgiI,2025-01-18T20:04:27Z,0,0,0,0,0,0,0
2026-08-31,cZIPJo_zzTs,2025-01-18T18:17:46Z,3,0,0,0,0,10,40.05
2026-08-31,VvjWCkEjBLY,2025-01-18T18:04:26Z,1,0,0,0,0,27,107.07
2026-09-07,ZKB7kdxkl8w,2026-09-07T04:54:06Z,0,0,0,0,0,0,0
2026-09-07,C-7UNxN94qQ,2026-09-06T15:35:38Z,0,0,0,0,0,0,0
2026-09-07,KkWFh66cOnw,2026-09-06T04:51:26Z,0,0,0,0,0,0,0
2026-09-07,uJ1_O2PyjlM,2026-09-05T15:23:05Z,0,0,0,0,0,0,0
2026-09-07,m07Gz48vaS4,2026-09-05T04:40:45Z,65,1,0,0,2,7,25.34
2026-09-07,bhEY_uAcd3o,2026-09-04T16:30:35Z,214,2,0,0,16,11,44.72
2026-09-07,aoNtBy1Y-HQ,2026-09-04T04:48:16Z,169,0,1,0,10,11,65.97
2026-09-07,5wpg9g_yOv0,2026-09-03T16:34:25Z,84,0,0,0,4,9,37.52
2026-09-07,zuSo2LppA4U,2026-09-03T04:42:56Z,0,0,0,0,0,0,0
2026-09-07,sUBjE9ZCAdI,2026-09-02T16:43:59Z,411,3,0,0,114,73,252.69999999999996
2026-09-07,X-3MCbkvflc,2026-09-02T04:46:01Z,29,0,0,0,0,4,25.420000000000005
2026-09-07,OxYgAqV1dw4,2026-09-01T16:47:19Z,253,0,0,0,19,13,72.29
2026-09-07,9bxHyJtKB7g,2026-09-01T05:21:38Z,88,0,0,0,5,13,46.53
2026-09-07,VNx958obK1U,2026-08-31T19:12:29Z,501,2,1,0,42,10,47.49
2026-09-07,ZBv91nbcAx0,2026-08-31T05:47:34Z,475,5,0,0,34,11,62.18
2026-09-07,Uddc_lpnWX0,2026-08-30T16:48:23Z,43,1,0,0,1,7,43.8
2026-09-07,2lzvbpzDTho,2026-08-30T05:33:22Z,208,1,0,0,14,16,74.19
2026-09-07,PHq2Qsaj6q4,2026-08-29T16:49:35Z,943,2,1,0,65,9,41.85
2026-09-07,lBa1wGF7KrE,2026-08-29T07:12:47Z,1,0,0,0,0,0,0
2026-09-07,bILqoV2exOI,2026-08-28T22:30:46Z,46,0,0,0,1,13,43.91
2026-09-07,kKd8DmYTwd4,2026-08-28T11:33:16Z,46,0,0,0,74,1108,5278.06
2026-09-07,Gos7MnyKOCs,2026-08-27T22:27:22Z,246,1,0,0,15,9,61.62
2026-09-07,xLEcv3c18iw,2026-08-27T09:59:40Z,116,1,0,0,11,13,78.76
2026-09-07,wlWQF1KCM30,2026-08-26T13:30:05Z,66,1,0,0,3,7,32.16
2026-09-07,FMq7RgRdEtY,2026-08-26T02:05:41Z,504,2,0,0,29,9,52.42
2026-09-07,SX4RpitrcDQ,2026-08-25T13:18:15Z,456,2,0,0,26,12,50.580000000000005
2026-09-07,wIZq02a7QGQ,2026-08-25T01:58:41Z,75,1,0,0,5,17,73.92
2026-09-07,MYXC3GZYzAg,2026-08-24T13:19:36Z,37,0,0,0,2,13,79.38
2026-09-07,NITxRuctHdc,2026-08-24T02:02:44Z,27,0,0,0,2,11,65.08
2026-09-07,xz2_GagRfuU,2026-08-23T13:08:40Z,102,0,0,0,4,10,42.53
2026-09-07,JPikEohsgJc,2026-08-23T02:05:52Z,361,3,0,0,47,15,58.92000000000001
2026-09-07,u_sXUWh77AU,2026-08-22T13:07:00Z,1050,13,2,0,129,12,51.65
2026-09-07,DjX5ksoWae4,2026-08-22T01:56:15Z,53,1,0,0,1,7,35.21
2026-09-07,_0MNAf8AzNg,2026-08-21T13:18:01Z,0,0,0,0,0,0,0
2026-09-07,3Det8ws7um8,2026-08-21T02:03:16Z,76,3,0,0,5,11,60.709999999999994
2026-09-07,pHCp__GzIdQ,2026-08-20T13:18:43Z,58,1,0,0,7,16,52.03
2026-09-07,L_eRG-pnSPc,2026-08-20T01:57:31Z,63,0,0,0,4,11,47.95
2026-09-07,RkdkNbUyih8,2026-08-19T13:15:57Z,258,25,1,0,27,12,60.27
2026-09-07,vwvQ2GWchLI,2026-08-19T01:58:21Z,142,0,0,0,17,17,126.71999999999998
2026-09-07,zrPdde7PA3g,2026-08-18T13:14:48Z,526,4,0,0,39,11,59.699999999999996
2026-09-07,obv00pIto5s,2026-08-18T01:56:35Z,1001,10,2,0,138,14,62.79
2026-09-07,99b3FGVJ_6U,2026-08-17T13:12:06Z,113,1,0,0,5,10,66.84
2026-09-07,fqMnacfREx0,2026-08-17T01:59:30Z,127,4,0,0,7,11,69.47
2026-09-07,Zk4YLU2mjzs,2026-08-16T13:06:31Z,102,3,0,0,5,8,44.96
2026-09-07,xWI2gRakS1w,2026-08-16T02:03:08Z,132,1,0,0,11,16,69.89
2026-09-07,RuxqEuMRGf4,2026-08-15T13:04:28Z,625,10,0,0,74,13,65.31
2026-09-07,v15uIuWOhvI,2026-08-15T01:56:49Z,368,2,1,0,42,14,46.07
2026-09-07,18DG2whKv3c,2026-08-14T13:50:13Z,603,8,0,0,56,9,61.75999999999999
2026-09-07,g445vjUskQo,2026-08-14T03:05:11Z,513,9,0,0,63,16,65.05
2026-09-07,0IvZDdrOZV4,2026-08-13T13:56:01Z,136,4,0,0,13,15,55.2
2026-09-07,htwHq6cbTMk,2026-08-13T03:05:36Z,395,5,1,0,30,10,50.01
2026-09-07,R_fvKDdL6ts,2026-08-12T13:54:01Z,66,0,0,0,3,7,45.03
2026-09-07,ahmkqgE4bd8,2026-08-12T02:51:51Z,392,1,1,0,28,9,47.13
2026-09-07,qEctJSDifEs,2026-08-11T13:49:02Z,279,3,0,0,19,9,75.14
2026-09-07,sz0PdT4Quyw,2026-08-11T02:34:47Z,141,0,0,0,18,15,57.28
2026-09-07,KbxSVcnPpZ8,2026-08-10T13:51:31Z,88,0,0,0,5,8,44.22
2026-09-07,HZ5Z3fnC9Tw,2026-08-10T02:40:11Z,257,0,0,0,22,10,59.73
2026-09-07,zPcnc3Nbgjo,2026-08-09T13:21:50Z,72,0,0,0,5,9,42.97
2026-09-07,_h7eMMcq124,2026-08-09T02:34:52Z,255,2,0,0,14,9,49.19
2026-09-07,P9GVYWCuXpo,2026-08-08T13:17:40Z,749,6,0,0,211,40,227.18000000000004
2026-09-07,rB64aQ89uIc,2026-08-08T02:27:30Z,329,0,0,0,24,11,52.42
2026-09-07,Y98POqLRLso,2026-08-07T13:45:23Z,112,0,0,0,5,8,40.81
2026-09-07,usksACi3kI0,2026-08-07T03:22:16Z,198,0,0,0,8,6,37.75
2026-09-07,JebpqOV1pIs,2026-08-06T14:42:14Z,101,0,0,0,7,10,40.82
2026-09-07,hrXWJiUtirI,2026-08-06T03:47:48Z,1,0,0,0,0,1,5.21
2026-09-07,3upFaT_RGb0,2026-08-05T14:40:22Z,166,0,1,0,8,7,46.67
2026-09-07,bDugWnzTrJc,2026-08-05T03:41:28Z,191,0,0,0,10,9,53.900000000000006
2026-09-07,8ov7-R0BlrU,2026-08-04T14:46:14Z,708,11,7,1,125,19,99.95
2026-09-07,VIciovZtCdc,2026-08-04T03:46:20Z,37,0,0,0,3,18,72.07
2026-09-07,C-KDoVxcC6E,2026-08-03T15:23:33Z,64,0,0,0,3,9,50.14999999999999
2026-09-07,xkm_3gOgLYY,2026-08-03T04:03:47Z,266,0,0,0,16,9,36.3
2026-09-07,TPW1hWGeuCA,2026-08-02T14:03:57Z,296,0,0,0,14,8,46.73
2026-09-07,oPLnn3gb4Oc,2026-08-02T04:00:02Z,837,5,0,0,57,8,63.7
2026-09-07,mQEqp9Dxa5g,2026-08-01T14:03:30Z,168,0,0,0,9,8,27.800000000000004
2026-09-07,u3BYM-0RABA,2026-08-01T03:57:27Z,197,0,0,0,11,9,49.01
2026-09-07,em41mGEv0Qg,2026-07-31T14:43:42Z,51,0,0,0,2,7,34.85
2026-09-07,I5GBaaCvUiw,2026-07-31T03:57:38Z,64,0,0,0,2,7,29.330000000000002
2026-09-07,2ncWfRH3Emc,2026-07-30T14:38:38Z,15,0,0,0,0,8,59.13
2026-09-07,vkhtlya4qXM,2026-07-30T03:37:33Z,231,5,0,0,11,10,42.71
2026-09-07,-fYxSUwVrgk,2026-07-29T14:36:34Z,64,0,0,0,2,4,35.61
2026-09-07,u4wHuIOz7Qc,2026-07-29T03:47:14Z,32,0,0,0,2,12,74.88
2026-09-07,fHajxNlHty8,2026-07-28T14:46:27Z,125,0,0,0,8,9,46.44
2026-09-07,X3LMPfyttE4,2026-07-28T03:43:57Z,415,0,0,0,34,7,43.98
2026-09-07,TNSZ-pGlZa8,2026-07-27T15:20:25Z,132,0,0,0,8,9,59.32999999999999
2026-09-07,VDH3pSafyE0,2026-07-27T04:10:19Z,0,0,0,0,0,0,0
2026-09-07,LdJdsu09-rI,2026-07-26T14:04:59Z,57,1,0,0,3,10,38.58
2026-09-07,Gc7kRCXGyRI,2026-07-26T04:03:23Z,267,1,0,1,21,11,47.97
2026-09-07,fwFDh05XuFg,2026-07-25T14:09:22Z,161,3,0,0,10,9,40.28
2026-09-07,MVY7DpO8COU,2026-07-24T13:13:08Z,211,2,0,0,17,9,61.14000000000001
2026-09-07,jNo2UcuZHFY,2026-07-24T01:21:57Z,70,2,0,0,5,11,74.57
2026-09-07,oo1YCKBqTQ4,2026-07-23T13:19:34Z,29,0,0,0,2,9,61.58
2026-09-07,FmVS87wYWu8,2026-07-23T01:25:47Z,45,0,0,0,3,7,42.47
2026-09-07,21k3HatOeII,2026-07-22T13:16:25Z,71,0,0,0,2,8,55.27000000000001
2026-09-07,Tti7RzkcUoA,2026-07-22T01:18:14Z,318,2,0,0,24,9,61.8
2026-09-07,8YZVI-fcKDU,2026-07-21T13:11:45Z,42,0,0,0,3,9,36.31
2026-09-07,_JNq0AyEnIY,2026-07-21T01:19:41Z,324,3,0,0,21,8,45.53
2026-09-07,rgiHxOEvqoU,2026-07-20T13:46:52Z,671,9,3,0,70,11,54.09
2026-09-07,rDEBC9ESVAQ,2026-07-20T04:07:41Z,57,1,0,0,3,8,36.66
2026-09-07,zUDgKKXJBgM,2026-07-20T01:23:48Z,52,1,0,0,6,14,65.07
2026-09-07,ayziXl17m0c,2026-07-19T12:47:15Z,94,0,0,0,12,16,66.51
2026-09-07,ZBzGoyJUCx0,2026-07-19T01:20:36Z,923,6,0,0,79,11,57.10999999999999
2026-09-07,n6qM8iR6ims,2026-07-18T21:13:57Z,210,1,0,0,17,10,54.05
2026-09-07,jDnK5ylnhjQ,2026-07-18T21:09:06Z,0,0,0,0,0,0,0
2026-09-07,WWb1AoRuH7g,2026-07-18T18:16:22Z,43,0,0,0,1,8,45.08
2026-09-07,2cZjkK3o1IA,2026-07-16T13:14:47Z,15,0,0,0,0,5,18.9
2026-09-07,eEEdtpL4cyw,2026-07-16T01:20:26Z,37,0,0,0,1,8,31.91
2026-09-07,qvNzVCzWebk,2026-07-15T13:06:06Z,0,0,0,0,0,0,0
2026-09-07,ZBqPVauue_g,2026-07-15T01:11:22Z,1,0,0,0,0,0,0
2026-09-07,5_21Ne0q-Fs,2026-07-14T13:02:31Z,3,0,0,0,0,0,0
2026-09-07,mObNAez-IlQ,2026-07-14T01:13:27Z,0,0,0,0,0,0,0
2026-09-07,QkgCWIwxD3E,2026-07-13T13:56:47Z,0,0,0,0,0,0,0
2026-09-07,Rydumn0lE94,2026-07-13T01:24:34Z,1,0,0,0,0,0,0
2026-09-07,l9AqGu1uTUQ,2026-07-12T12:49:18Z,0,0,0,0,0,0,0
2026-09-07,DDcvqQy8RnE,2026-07-12T01:22:24Z,20,0,0,0,0,6,32.38
2026-09-07,UsOMmaGyYss,2026-07-11T12:47:47Z,0,0,0,0,0,0,0
2026-09-07,TmbiTORWNpI,2026-07-11T01:20:34Z,6,0,0,0,0,13,73.58
2026-09-07,Wh1uSphGS-g,2026-07-10T13:53:03Z,2,0,0,0,0,0,0
2026-09-07,a1O87cs5n1E,2026-07-10T01:26:39Z,24,0,0,0,2,28,204.97
2026-09-07,1ypGKtEuTV0,2026-07-09T14:27:26Z,43,0,0,0,2,12,36.59
2026-09-07,4TSVJGnrMOU,2026-07-09T01:31:13Z,28,0,0,0,1,9,30.130000000000003
2026-09-07,5w14vR6XgGY,2026-07-08T13:24:59Z,31,0,0,0,1,9,40.91
2026-09-07,o7altf6Nuu0,2026-07-08T01:22:41Z,46,0,0,0,1,8,33.25
2026-09-07,aQfDx8zU8lg,2026-07-07T14:03:13Z,36,0,0,0,1,13,64.78
2026-09-07,K0jUxVx52eA,2026-07-07T01:50:04Z,61,0,0,0,3,14,52.77
2026-09-07,uyAcGze4n-8,2026-07-06T14:52:48Z,36,0,0,0,1,8,42.72
2026-09-07,PiM5eyfzzN4,2026-07-06T01:53:42Z,51,0,0,0,1,15,53.56000000000001
2026-09-07,ZKm3JhPECqY,2026-07-05T13:02:55Z,53,0,0,0,1,5,45.76
2026-09-07,lmTMeDUGDcA,2026-07-05T01:46:55Z,31,0,0,0,0,0,1.92
2026-09-07,PyVjO_ly0X4,2026-07-04T12:56:17Z,75,1,0,0,2,9,41.9
2026-09-07,q8qmHdsO2tE,2026-07-04T01:30:33Z,40,0,0,0,1,14,43.8
2026-09-07,2e7Kv0ygByk,2026-07-03T13:30:36Z,58,0,0,0,2,11,55.95
2026-09-07,m7B-a0gAE-w,2026-07-03T01:31:20Z,87,0,0,0,4,16,64.08
2026-09-07,Ew0DhFnRphc,2026-07-02T13:27:43Z,76,0,0,0,1,7,26.5
2026-09-07,COv968CDkps,2026-07-02T02:00:41Z,28,0,0,0,0,9,41.35
2026-09-07,XN8m2g_KtSU,2026-07-01T14:03:24Z,9,0,0,0,0,0,0
2026-09-07,VLtrJCd8z2U,2026-07-01T02:07:26Z,27,0,0,0,0,18,80.87
2026-09-07,y10BJK79lS0,2026-06-30T13:52:00Z,48,0,0,0,2,34,149.32
2026-09-07,t0RB-eM8FE0,2026-06-30T02:02:00Z,74,0,0,0,5,53,215
2026-09-07,Uy6Am6bGpHo,2026-06-29T15:26:01Z,75,0,0,0,1,11,58.68
2026-09-07,aLBldXz93uI,2026-06-29T02:07:15Z,36,0,0,0,0,0,0
2026-09-07,7tyZTlgVMSE,2026-06-28T13:11:17Z,54,1,0,0,1,12,47.88
2026-09-07,WPGLuU5qiZ4,2026-06-28T02:06:54Z,44,0,0,0,1,31,130.83
2026-09-07,Ow2ZB_F-Mhs,2026-06-27T13:05:26Z,26,0,0,0,0,0,0
2026-09-07,KUsMC7ES9V4,2026-06-27T01:56:51Z,47,0,0,0,1,12,44.14
2026-09-07,UzDEeT_P2BM,2026-06-26T13:57:43Z,30,0,0,0,0,11,42.16
2026-09-07,PHwXbGtrJ9w,2026-06-26T02:03:33Z,115,0,0,0,5,15,55.2
2026-09-07,TfSGBtZyZtw,2026-06-25T13:59:36Z,1,0,0,0,0,0,0
2026-09-07,uLwi4BDdcOY,2026-06-25T02:01:41Z,17,0,0,0,1,15,60.13
2026-09-07,k-oVHVz0yLQ,2026-06-24T14:01:26Z,22,0,0,0,1,10,57.02
2026-09-07,2-VYQaD0K5w,2026-06-24T01:57:02Z,0,0,0,0,0,0,0
2026-09-07,b3fM56tOEZ8,2026-06-23T14:16:14Z,5,0,0,0,0,0,0
2026-09-07,TnIK09MnzMk,2026-06-23T01:58:15Z,27,0,0,0,1,11,58.709999999999994
2026-09-07,7wOS6HW3iJ0,2026-06-22T16:23:58Z,51,0,0,0,1,10,65.99
2026-09-07,THoUiYynamI,2026-06-22T02:51:05Z,40,0,0,0,1,16,76.83
2026-09-07,-1CXUMdWWWc,2026-06-20T13:22:38Z,38,1,0,0,1,10,48.71
2026-09-07,9IYU_ID1nvc,2026-06-20T02:04:39Z,48,0,0,0,1,11,61.04999999999999
2026-09-07,6rQrwPWhAZk,2026-06-19T14:37:42Z,15,0,0,0,1,21,127.69
2026-09-07,AwS-N3wGtIY,2026-06-19T02:43:46Z,45,0,0,0,1,12,39.12
2026-09-07,aep0ZaK_uuE,2026-06-18T14:42:11Z,41,0,0,0,2,15,59.20000000000001
2026-09-07,1XviKdnqqxQ,2026-06-18T02:15:40Z,25,0,0,0,1,10,37.72
2026-09-07,RKpXQF2Cvac,2026-06-17T14:48:19Z,17,0,0,0,1,10,37.74
2026-09-07,PoBImeODvcM,2026-06-17T02:17:14Z,21,0,0,0,0,18,80.5
2026-09-07,58Ln6cOHzWQ,2026-06-16T16:21:13Z,17,0,0,0,0,10,34.64
2026-09-07,IRfpl8J1tyg,2026-06-16T02:32:11Z,0,0,0,0,0,0,0
2026-09-07,OSAxctK1YeQ,2026-06-15T16:51:19Z,16,0,0,0,0,28,143
2026-09-07,WMtdvIuqN78,2026-06-15T02:19:02Z,4,0,0,0,0,26,96.7
2026-09-07,Z_hZZdpQsCU,2026-06-14T13:25:32Z,16,0,0,0,0,7,37.3
2026-09-07,hvtBrQnNDTc,2026-06-14T02:14:04Z,3,0,0,0,0,0,0
2026-09-07,QEvCOl6UYB4,2026-06-13T13:20:43Z,23,0,0,0,1,11,49.24
2026-09-07,TNWEvgtxnws,2026-06-13T02:04:01Z,42,0,0,0,1,13,57.09000000000001
2026-09-07,O3nuyJrtDbI,2026-06-12T14:33:48Z,15,0,0,0,1,16,54.25
2026-09-07,FamOoF1b858,2026-06-12T02:10:07Z,54,0,0,0,2,11,62.46000000000001
2026-09-07,9HUpoJQxuTQ,2026-06-11T15:30:02Z,103,1,1,0,12,24,87.58
2026-09-07,Pa5-pkP2oLo,2026-06-11T02:15:02Z,2,0,0,0,0,22,95.87
2026-09-07,2vuAyeMlSZc,2026-06-10T14:48:29Z,17,0,0,0,0,15,56.86
2026-09-07,EfSnigy5qWs,2026-06-10T02:03:57Z,15,0,0,0,0,6,24.56
2026-09-07,CA54_6wBYU4,2026-06-09T14:17:03Z,8,0,0,0,0,4,18.68
2026-09-07,4F9n4ASSoyo,2026-06-09T01:54:09Z,8,0,0,0,0,37,113.64000000000001
2026-09-07,-nvuU_y_8_E,2026-06-08T15:50:06Z,16,0,0,0,1,15,48.89
2026-09-07,cQ-oMf-_1QQ,2026-06-04T14:29:35Z,2,0,0,0,0,24,104.68000000000002
2026-09-07,rr6nzN5oJ2c,2026-06-04T02:29:58Z,17,0,0,0,0,10,40.06
2026-09-07,QRM6UUMHLmI,2026-06-03T16:12:16Z,50,1,0,0,2,15,69.05
2026-09-07,dJxm8EmuEWA,2026-06-03T02:31:24Z,34,0,0,0,0,10,60.64000000000001
2026-09-07,_3Tyz7MMKfs,2026-06-02T15:54:12Z,1,0,0,0,0,0,0
2026-09-07,cdBTZtGTRLc,2026-06-02T02:14:16Z,79,0,0,0,3,15,62.96000000000001
2026-09-07,aB8JK_oSzsg,2026-06-01T17:12:39Z,20,0,0,0,0,4,18.33
2026-09-07,_CQ21b00USk,2026-06-01T02:13:33Z,37,0,0,0,1,11,49.46
2026-09-07,z0RgE3ICznk,2026-05-31T13:10:15Z,102,0,0,0,1,4,18.85
2026-09-07,zScHM9PLz8I,2026-05-31T02:06:20Z,36,0,0,0,0,8,26.82
2026-09-07,k5zn4acPpUI,2026-05-30T12:59:58Z,30,0,0,0,1,16,73.23
2026-09-07,_-68Vupc72E,2026-05-30T01:53:35Z,38,0,0,0,1,12,45.54
2026-09-07,IEzcuLqB4Hk,2026-05-29T14:35:28Z,38,0,0,0,0,6,27.82
2026-09-07,nE-fK666H-k,2026-05-29T02:09:20Z,32,0,0,0,1,21,73.89
2026-09-07,SQWL2XXURlQ,2026-05-27T14:50:57Z,35,0,0,0,0,8,34.17
2026-09-07,NECLIdtBb8Y,2026-05-27T02:04:03Z,9,0,0,0,0,16,75.76
2026-09-07,Jx5vFFIw3aQ,2026-05-26T14:32:39Z,29,0,0,0,0,13,68.51
2026-09-07,N1Kx1hncTtk,2026-05-26T01:55:43Z,36,0,0,0,2,16,82.01
2026-09-07,O7nWBuiKCMA,2026-05-25T14:30:01Z,47,0,0,0,1,11,51.61
2026-09-07,YOXFrbyZE18,2026-05-25T02:06:02Z,60,0,0,0,2,12,34.88
2026-09-07,5bTXHxmRRrI,2026-05-24T12:56:25Z,38,0,0,0,1,6,32.98
2026-09-07,R5rNaCViup0,2026-05-24T01:58:12Z,11,0,0,0,0,15,60.38
2026-09-07,5hbmKcjQBKo,2026-05-23T12:55:21Z,39,0,0,0,1,8,48.15
2026-09-07,d7lMOez3lo0,2026-05-23T01:51:29Z,44,0,0,0,2,13,56.58
2026-09-07,rDP66Dc87y0,2026-05-22T14:11:36Z,48,0,0,0,1,8,42.23
2026-09-07,eNtTaxr27X4,2026-05-22T02:01:52Z,2,0,0,0,0,0,0
2026-09-07,6oJofI4mv7Y,2026-05-21T14:38:00Z,40,0,0,0,1,11,55.87
2026-09-07,Divf9JOY8NI,2026-05-21T01:59:19Z,9,0,0,0,0,5,18.67
2026-09-07,NuMUIm_H2yE,2026-05-20T02:00:21Z,7,0,0,0,0,4,17.5
2026-09-07,aqtLfLz69JQ,2026-05-19T14:31:09Z,15,0,0,0,1,12,41.67
2026-09-07,zl2E9fzMFIM,2026-05-19T01:59:36Z,37,0,0,0,1,11,59.01
2026-09-07,9zytdpS8BGY,2026-05-18T14:51:14Z,38,0,0,0,2,14,67.55
2026-09-07,xxmD4auX9u8,2026-05-18T01:59:58Z,29,0,0,0,0,10,43.17
2026-09-07,pEOupFWnI18,2026-05-17T12:50:45Z,22,0,0,0,1,13,59.67
2026-09-07,zZgNLXkpCzk,2026-05-17T01:52:36Z,44,0,0,0,1,13,36.96
2026-09-07,_F2w2zepTzY,2026-05-16T12:55:42Z,35,0,0,0,4,21,74.08
2026-09-07,p8TVoKVG2Hg,2026-05-16T01:34:56Z,38,0,0,0,1,10,34.09
2026-09-07,vjf6FlxFNPU,2026-05-15T13:23:55Z,30,0,0,0,0,13,83.34
2026-09-07,vClAbUxtC9k,2026-05-15T01:55:20Z,52,0,0,0,2,11,37.89
2026-09-07,IfcStfSD-xE,2026-05-14T13:25:35Z,5,0,0,0,0,12,63.16
2026-09-07,kC771l-ZIMs,2026-05-14T01:56:23Z,45,0,0,0,2,24,96.23
2026-09-07,JAj8Z0JF9bw,2026-05-13T01:53:55Z,35,0,0,0,1,19,68.1
2026-09-07,QNAMVsSV9fU,2026-05-12T13:33:14Z,20,0,0,0,0,8,52.019999999999996
2026-09-07,CujpPVcgKf8,2026-05-12T01:47:48Z,42,0,0,0,1,11,53.36
2026-09-07,n8PhjWs1VC4,2026-05-11T14:19:53Z,38,0,0,0,0,6,24.33
2026-09-07,U2N9JcGK0tw,2026-05-11T01:51:46Z,13,0,0,0,0,9,67.64
2026-09-07,kkq2lla3Ijk,2026-05-10T12:48:46Z,80,0,0,0,2,8,50.61
2026-09-07,hG-FHHrwj8k,2026-05-10T01:45:58Z,48,0,0,0,0,7,32.04
2026-09-07,rkZQY4ctBzs,2026-05-09T12:48:40Z,35,0,0,0,0,6,33.75
2026-09-07,cWvDojw7QAw,2026-05-09T01:32:30Z,6,0,0,0,0,0,0
2026-09-07,cb00sZJAhfY,2026-05-08T13:05:32Z,0,0,0,0,0,0,0
2026-09-07,ineAlKZZgT8,2026-05-08T01:49:27Z,9,0,0,0,0,0,0
2026-09-07,vLqETKLW6OM,2026-05-07T13:26:03Z,39,0,0,0,1,9,39.73
2026-09-07,Yi9VlhJH_CY,2026-05-07T01:33:00Z,25,0,0,0,0,9,35.33
2026-09-07,WoXydzDKD1s,2026-05-06T13:26:40Z,39,0,0,0,0,5,23.52
2026-09-07,cLCvISVXvCA,2026-05-06T02:37:34Z,0,0,0,0,0,0,0
2026-09-07,oMlnEP5n5xw,2026-05-05T01:30:04Z,20,0,0,0,0,14,50.63999999999999
2026-09-07,atW-HBIAlxQ,2026-05-04T13:19:03Z,24,0,0,0,0,9,52.54
2026-09-07,Mf8NfWdVVds,2026-05-04T01:29:13Z,354,0,0,0,7,11,62.24000000000001
2026-09-07,O-6GZJkof9Q,2026-05-03T12:42:39Z,45,0,0,0,1,9,36.55
2026-09-07,vzE-eDX_rBc,2026-05-03T01:30:33Z,37,0,0,0,1,9,38.64
2026-09-07,Q0DFFs6cgTA,2026-05-02T12:43:32Z,32,0,0,0,1,14,55.81
2026-09-07,bAXO4HlnAA4,2026-05-02T01:26:27Z,31,0,0,0,0,15,85.5
2026-09-07,bR-d2N5QaNs,2026-05-01T12:51:37Z,66,0,0,0,1,9,44.21
2026-09-07,E0MprQIfkkA,2026-05-01T01:49:52Z,178,0,0,0,4,9,35.38
2026-09-07,TtKVgo-PB9Q,2026-04-30T13:18:02Z,59,0,0,0,1,10,40.19
2026-09-07,7LuNcXo11nU,2026-04-30T01:34:45Z,40,0,0,0,1,11,37.57
2026-09-07,t5Qmur-4n3M,2026-04-29T13:19:22Z,35,0,0,0,1,20,77.36
2026-09-07,eM7d4r-pfW8,2026-04-29T01:49:26Z,78,0,0,0,2,9,28.63
2026-09-07,4EaCBpZRPMo,2026-04-28T13:27:12Z,23,0,0,0,0,12,58.489999999999995
2026-09-07,ql5yIIiP79M,2026-04-28T04:50:56Z,48,0,0,0,1,15,69.18
2026-09-07,mSifBN2lxHw,2026-04-26T12:38:05Z,46,0,0,0,1,8,52.239999999999995
2026-09-07,IJMaVrHNfyc,2026-04-26T01:24:19Z,48,0,0,0,1,9,42.91
2026-09-07,oYJhnmW0AaI,2026-04-25T12:37:39Z,29,0,0,0,0,0,0
2026-09-07,Tu6dvaFUK70,2026-04-25T01:16:39Z,39,0,0,0,0,16,56.39999999999999
2026-09-07,gZSr5qx8oeg,2026-04-24T12:55:48Z,28,0,0,0,0,7,32.61
2026-09-07,i0iIsb9n9VM,2026-04-24T01:22:16Z,28,0,0,0,0,17,85.34
2026-09-07,pdpS-_jLTVE,2026-04-23T12:57:27Z,38,0,0,0,1,23,95.02
2026-09-07,JksOCivT2Bc,2026-04-23T01:23:23Z,36,0,0,0,0,10,38.6
2026-09-07,YDbmBfmYgN0,2026-04-22T12:57:53Z,102,0,0,0,2,10,39.25
2026-09-07,bSqSTFuAvf8,2026-04-22T01:17:16Z,106,0,0,0,2,8,41.46
2026-09-07,3QLoo5Qs8VE,2026-04-21T12:57:21Z,50,0,0,0,1,9,37.25
2026-09-07,zBcr6A0X_mk,2026-04-21T01:19:14Z,70,0,0,0,2,16,61.71
2026-09-07,ZIqroAx4CZE,2026-04-20T13:02:58Z,35,0,0,0,0,13,53.73
2026-09-07,DNgq_qW1fA0,2026-04-20T01:21:35Z,62,0,0,0,1,6,27.73
2026-09-07,zqaDMDkpZDo,2026-04-20T00:32:54Z,50,0,0,0,1,20,91.95
2026-09-07,GI6Aqq2E6vE,2026-04-18T12:35:57Z,94,1,0,0,2,7,33.1
2026-09-07,S8WCu3_OkLQ,2026-04-18T01:13:14Z,77,1,0,0,1,14,54.79999999999999
2026-09-07,T0DREMCs_tM,2026-04-17T12:54:43Z,21,0,0,0,0,17,51.13999999999999
2026-09-07,HCHvfX-xRlc,2026-04-17T01:18:54Z,31,0,0,0,0,14,85.92
2026-09-07,6fQe1YosVJw,2026-04-16T13:03:38Z,1,0,0,0,0,0,0
2026-09-07,om2Y9-WmjuE,2026-04-16T01:22:06Z,4,0,0,0,0,0,0
2026-09-07,XVvAky0zLB8,2026-04-15T12:57:13Z,39,0,0,0,1,15,55.25
2026-09-07,hKwwTsuCZJk,2026-04-15T01:16:59Z,68,0,0,0,2,11,50.629999999999995
2026-09-07,fJpzcD4bFNA,2026-04-14T12:57:49Z,46,0,0,0,0,5,22.43
2026-09-07,-AS2aH34UOg,2026-04-14T01:19:35Z,0,0,0,0,0,0,0
2026-09-07,12F1wsmOYOY,2026-04-13T01:20:52Z,57,0,0,0,1,11,41.55
2026-09-07,9wid0pEfNso,2026-04-12T12:37:53Z,6,0,0,0,0,0,0
2026-09-07,BYzdCmSths0,2026-04-12T01:19:31Z,51,0,0,0,1,13,49.96
2026-09-07,SIA9YHj7IzE,2026-04-11T17:59:14Z,94,0,0,0,3,17,66.14
2026-09-07,KHax2aPAOLM,2026-04-08T01:14:48Z,63,1,0,0,2,14,56.11999999999999
2026-09-07,x48Y5AiqNL4,2026-04-07T12:55:32Z,66,0,0,0,2,12,34.87
2026-09-07,Dm-N0t4-3L4,2026-04-07T01:12:45Z,37,0,0,0,0,12,60.35
2026-09-07,O7hMpgD9I_w,2026-04-06T12:43:44Z,49,1,0,0,1,11,63.62
2026-09-07,XA5MI3B6y3s,2026-04-06T01:14:24Z,155,0,0,0,7,9,48.1
2026-09-07,syLtpZe97p0,2026-04-05T12:32:18Z,74,1,0,0,1,10,35.03
2026-09-07,tDEdhE0wjIs,2026-04-04T12:30:34Z,126,0,0,0,6,16,53.83
2026-09-07,-Fme6XarNok,2026-04-04T01:05:49Z,63,0,0,0,1,9,44.73
2026-09-07,qWE6WMKLZQ4,2026-04-03T12:37:56Z,77,0,0,0,2,16,60.74
2026-09-07,6aUEBmQLjO0,2026-04-03T01:13:04Z,64,0,0,0,2,12,42.37
2026-09-07,f0gyZCEFFhQ,2026-04-02T12:45:50Z,35,0,0,0,0,4,16.71
2026-09-07,UA2UmThZEKE,2026-04-02T01:09:22Z,105,0,0,0,3,11,44.19
2026-09-07,gpaghTLJEzQ,2026-04-01T12:50:55Z,63,0,1,0,2,15,58.11999999999999
2026-09-07,zrZ-lr-lvgU,2026-04-01T02:38:18Z,63,0,0,0,1,6,38.86
2026-09-07,n0FOvZvGh5Y,2026-03-31T01:12:37Z,34,0,0,0,2,11,47.99
2026-09-07,b7ksr31Qkf0,2026-03-30T12:49:48Z,0,0,0,0,0,0,0
2026-09-07,fYBNO_nCOD4,2026-03-30T01:15:12Z,67,0,0,0,1,14,56.84
2026-09-07,z9rFY8GLOOY,2026-03-29T12:29:50Z,67,0,0,0,1,10,50.16
2026-09-07,WO8uAQLhGIE,2026-03-29T01:13:54Z,63,0,0,0,1,11,51.33
2026-09-07,5wUh_6vu2Go,2026-03-28T12:29:44Z,11,0,0,0,0,19,92.38
2026-09-07,JdpsABS7pKw,2026-03-28T01:06:42Z,38,0,0,0,0,13,45.12
2026-09-07,C_L3cdiUtoc,2026-03-27T12:38:06Z,29,0,0,0,1,9,33.43
2026-09-07,r8F0QXGNJbM,2026-03-27T01:10:49Z,32,0,0,0,1,11,55.74
2026-09-07,2Dd0b5yRvwo,2026-03-26T12:46:11Z,36,0,0,0,1,9,47.92
2026-09-07,LmctWQZyEvA,2026-03-26T01:11:07Z,1,0,0,0,0,0,0
2026-09-07,vHhsy6xkkSY,2026-03-25T12:39:16Z,0,0,0,0,0,0,0
2026-09-07,2BYS3ku1_Qs,2026-03-25T01:07:56Z,4,0,0,0,0,0,0
2026-09-07,hjkriefSr1w,2026-03-24T12:43:37Z,56,0,0,0,1,14,52.7
2026-09-07,XdFwGAuSE7U,2026-03-24T05:02:03Z,61,0,0,0,1,8,47.11
2026-09-07,-JFTX50ZtQk,2026-03-21T12:24:49Z,212,0,0,0,5,18,81.89
2026-09-07,Zq2m1kRL6q0,2026-03-21T01:00:27Z,119,1,0,0,4,11,38.02
2026-09-07,AKLcTliJFL8,2026-03-20T12:33:26Z,37,0,0,0,0,8,29.4
2026-09-07,fhhV1egGhNI,2026-03-20T01:03:37Z,53,0,0,0,1,7,37.97
2026-09-07,j-bjsPsftRo,2026-03-19T12:37:00Z,47,0,0,0,1,14,51.790000000000006
2026-09-07,-4NwUpvi8ng,2026-03-19T01:07:12Z,103,0,0,0,3,14,68.37
2026-09-07,W0c6udxdcHY,2026-03-18T12:43:23Z,40,0,0,0,0,5,18.7
2026-09-07,4nItZBXbg1E,2026-03-18T01:08:15Z,33,0,0,0,0,4,18.64
2026-09-07,ep1qq76H6ks,2026-03-17T12:43:33Z,72,0,0,0,2,15,56.69
2026-09-07,UNuHYP9-wqo,2026-03-17T01:04:36Z,74,0,0,0,1,10,45.69
2026-09-07,b_6YnowMPpM,2026-03-16T12:44:40Z,81,1,0,0,3,11,39.95
2026-09-07,V40i1wyTyC8,2026-03-16T01:11:58Z,61,0,0,0,1,7,34.06
2026-09-07,YKR_FyTNu3M,2026-03-15T12:27:36Z,55,0,0,0,2,14,58.650000000000006
2026-09-07,eFJKq7ChQVE,2026-03-15T01:11:23Z,61,0,0,0,1,6,36.17
2026-09-07,sqh-tKCq2UA,2026-03-14T12:25:56Z,62,0,0,0,1,10,40.39
2026-09-07,OaGDrxJs5jE,2026-03-14T01:01:50Z,89,0,0,0,2,8,28.499999999999996
2026-09-07,xOKf3tbA7to,2026-03-13T12:33:53Z,90,1,0,0,3,14,44
2026-09-07,NaHEZrAUApQ,2026-03-13T01:02:51Z,60,0,0,0,1,8,30.409999999999997
2026-09-07,u8j6UgwcAWE,2026-03-12T12:33:58Z,184,0,0,0,4,12,40.31
2026-09-07,4143nMw1ySw,2026-03-12T00:56:59Z,48,0,0,0,0,0,0
2026-09-07,-DQSkoMoQZw,2026-03-11T12:34:00Z,63,0,0,0,2,13,54.04
2026-09-07,BveJhXXeWew,2026-03-11T01:00:33Z,63,0,0,0,2,15,51.080000000000005
2026-09-07,b87wxLO0_f4,2026-03-10T12:34:31Z,89,1,0,0,2,7,26.05
2026-09-07,qBqjHbqsBEM,2026-03-10T00:59:16Z,64,0,0,0,1,20,74.93
2026-09-07,pDMzcV3D7Hc,2026-03-09T12:45:57Z,72,0,0,0,1,10,45.5
2026-09-07,DehiGK5t_uQ,2026-03-09T01:04:03Z,47,0,0,0,1,9,41.24
2026-09-07,5LLvE-nWsac,2026-03-08T12:26:54Z,183,1,0,0,8,14,47.03
2026-09-07,ytglD92ZCKY,2026-03-08T01:03:40Z,77,0,0,0,2,9,42.51
2026-09-07,D43fOoEvRiU,2026-03-07T18:20:23Z,42,0,0,0,0,7,24.38
2026-09-07,PQekC8_mq9U,2026-03-05T12:34:57Z,47,0,0,0,1,22,95.56
2026-09-07,2EqR9wS2Q8I,2026-03-05T01:04:18Z,99,0,0,0,3,10,43.69
2026-09-07,Ycci77WFitE,2026-03-04T12:31:37Z,128,0,0,0,6,15,65.49
2026-09-07,h_1EvAZD-8s,2026-03-04T01:01:20Z,105,0,0,0,2,9,41.17
2026-09-07,n-0NrVBgWGA,2026-03-03T12:33:14Z,72,0,0,0,2,11,40.51
2026-09-07,ixoTePG8L7k,2026-03-03T01:04:39Z,45,0,0,0,1,6,38.75
2026-09-07,dkcprpuQVwU,2026-03-02T12:32:20Z,40,0,0,0,1,13,54.31
2026-09-07,A53opaIG3a0,2026-03-02T01:02:30Z,94,0,0,0,3,7,46.23
2026-09-07,DfcBrzVHQ90,2026-03-01T12:25:26Z,74,0,0,0,2,11,39.94
2026-09-07,iykldQ76W7Q,2026-03-01T01:10:37Z,177,0,0,0,11,17,57.32000000000001
2026-09-07,nlnvOR4QLow,2026-02-28T12:22:45Z,49,0,0,0,1,15,75.02
2026-09-07,2vORckqweJ8,2026-02-28T00:56:51Z,63,0,0,0,1,15,54.50000000000001
2026-09-07,UnNlXUaYBU4,2026-02-27T12:32:55Z,79,0,0,0,3,27,117.89
2026-09-07,pPXch1Fsu6Q,2026-02-27T01:03:37Z,48,0,0,0,1,17,60.56
2026-09-07,7jX6bNGmVsk,2026-02-26T16:25:07Z,30,0,0,0,0,11,69.81
2026-09-07,IzdKRyCenzc,2026-02-26T01:02:37Z,31,0,0,0,1,15,50.74999999999999
2026-09-07,96oYUXW1pBw,2026-02-25T12:38:01Z,34,0,0,0,2,16,62.17
2026-09-07,3Pp3MUfmhNE,2026-02-25T01:08:19Z,0,0,0,0,0,0,0
2026-09-07,Hb78GB9PtEY,2026-02-24T12:37:32Z,33,1,0,0,0,7,40.07
2026-09-07,Jbq-Eap63y8,2026-02-24T01:03:00Z,79,0,0,0,2,15,68.75
2026-09-07,TNz0IN0G0xo,2026-02-23T12:36:36Z,0,0,0,0,0,0,0
2026-09-07,B01SjrM0O2Q,2026-02-23T01:03:48Z,58,0,0,0,1,17,97.81
2026-09-07,rX6MPpz51FE,2026-02-22T12:24:18Z,33,0,0,0,0,5,26.32
2026-09-07,6Mr6AlNDiT8,2026-02-22T01:05:02Z,0,0,0,0,0,0,0
2026-09-07,EU_EZFH_g2o,2026-02-21T12:24:14Z,5,0,0,0,0,0,0
2026-09-07,wFXehYoCg9E,2026-02-21T01:00:07Z,50,0,0,0,1,12,61.46
2026-09-07,SXe6AH6SFSk,2026-02-20T12:33:18Z,28,0,0,0,0,23,95.2
2026-09-07,9uOhp9bPWmM,2026-02-20T01:01:38Z,9,0,0,0,0,6,29.520000000000003
2026-09-07,aQUnfLgpEq0,2026-02-19T12:36:05Z,8,0,0,0,0,0,0
2026-09-07,vRLOsY8jCf0,2026-02-19T03:42:50Z,76,0,1,0,2,11,53.400000000000006
2026-09-07,OCBFsNL9PNU,2026-02-17T01:04:42Z,110,0,0,0,4,17,63
2026-09-07,PXWcYPr7Omo,2026-02-16T12:34:48Z,130,0,0,0,4,15,87.07
2026-09-07,X55oBmu1ezo,2026-02-16T01:04:58Z,42,0,0,0,0,4,22.5
2026-09-07,3mUEEsOzNqU,2026-02-15T12:25:24Z,41,0,0,0,1,10,41.87
2026-09-07,qzsX1iUsMnM,2026-02-15T01:07:42Z,64,0,0,0,3,27,99.34
2026-09-07,89JtSG4iVsA,2026-02-14T12:23:30Z,41,0,0,0,1,11,51.46999999999999
2026-09-07,PcOD2_1othA,2026-02-14T01:02:42Z,60,0,0,0,2,10,38.61
2026-09-07,lBorBD-wejA,2026-02-13T12:33:39Z,126,0,0,0,3,13,43.9
2026-09-07,klumNyrvIQg,2026-02-13T01:09:16Z,131,0,0,0,5,13,45.88
2026-09-07,tJ0B_ZSe4-0,2026-02-12T12:37:06Z,154,1,0,0,7,12,69.81
2026-09-07,xwxQmh3BrH4,2026-02-12T01:05:11Z,57,0,0,0,2,11,47.28
2026-09-07,KBtePfFvUws,2026-02-11T12:40:50Z,119,0,0,0,5,14,62.39
2026-09-07,uODHjXY2kqc,2026-02-11T01:12:56Z,50,0,0,0,2,13,51.89
2026-09-07,4Njh8cdvW5w,2026-02-10T12:44:28Z,34,0,0,0,0,6,40.65
2026-09-07,8pEemfuXl74,2026-02-10T01:15:16Z,55,0,0,0,1,30,101
2026-09-07,b4tny2EG7kM,2026-02-09T12:40:24Z,158,0,0,0,6,9,48.97
2026-09-07,QLzyNIxy-0k,2026-02-09T01:06:08Z,86,0,0,0,2,18,94.9
2026-09-07,k_bGGxcqkWQ,2026-02-08T12:24:47Z,43,0,0,0,1,12,60.56
2026-09-07,QUvyUEOIFcY,2026-02-08T01:20:22Z,92,0,0,0,4,17,70.06
2026-09-07,_yj8qFj_c_o,2026-02-07T12:24:22Z,127,0,0,0,7,11,44.66
2026-09-07,pdT4jk2KxU4,2026-02-07T00:59:32Z,48,0,0,0,1,8,46.19
2026-09-07,rbq64uH4irY,2026-02-06T12:33:39Z,69,0,0,0,1,11,36.05
2026-09-07,FRrzAOfIsh0,2026-02-06T01:00:14Z,153,0,0,0,5,11,51.53
2026-09-07,YFHRUTj8xeE,2026-02-05T12:35:00Z,59,0,0,0,2,14,56.43
2026-09-07,FZBy_yqhT5g,2026-02-05T01:02:53Z,133,0,0,0,6,9,45.93
2026-09-07,LN9z5FPHDmA,2026-02-04T12:33:27Z,125,1,0,0,5,9,43
2026-09-07,gNravpCcDCo,2026-02-04T01:00:45Z,0,0,0,0,0,0,0
2026-09-07,1VcsP7QNhxw,2026-02-03T12:33:18Z,90,0,0,0,4,17,70.66
2026-09-07,MUXCB4BxKbc,2026-02-03T01:04:27Z,45,0,0,0,1,11,53.56000000000001
2026-09-07,5l3UTqchtpg,2026-02-02T12:32:40Z,60,0,0,0,3,14,58.36
2026-09-07,SvIn_cEBJG0,2026-02-02T01:04:39Z,82,0,0,0,13,93,388.53
2026-09-07,SoyzMc1na_8,2026-02-01T12:24:24Z,42,0,0,0,1,10,44.12
2026-09-07,07Mfq1dhiJg,2026-02-01T01:11:17Z,63,0,0,0,2,19,70.07
2026-09-07,Ztqx3Myofwo,2026-01-31T12:24:07Z,56,0,0,0,1,9,27.43
2026-09-07,bsaD1cSmXkA,2026-01-31T00:58:35Z,43,0,0,0,0,14,54.02
2026-09-07,sWUfDxSRdp0,2026-01-30T12:28:50Z,136,0,0,0,4,10,74.3
2026-09-07,H2W6mhWfeMU,2026-01-30T01:00:51Z,89,0,0,0,6,15,60.35
2026-09-07,Gc53wfoTpu4,2026-01-29T16:02:58Z,38,0,0,0,1,12,48.93
2026-09-07,PgbAGpSsB1I,2026-01-28T00:54:02Z,109,0,0,0,3,13,45.05
2026-09-07,1yCT5-9hUmA,2026-01-27T12:24:29Z,37,0,0,0,0,0,0
2026-09-07,SUWQ8Allb_M,2026-01-26T12:24:55Z,163,0,0,0,7,12,53.55
2026-09-07,ViOQ5c1vM1I,2026-01-26T00:57:53Z,105,0,0,0,3,15,63.17
2026-09-07,ozxoy8JJgag,2026-01-25T00:58:33Z,37,0,0,0,0,9,42.17
2026-09-07,SjE0oaTOM2U,2026-01-24T12:21:37Z,210,0,0,0,7,22,65.76
2026-09-07,fUyA8HoBxm4,2026-01-24T00:50:34Z,102,0,0,0,4,11,49.77
2026-09-07,kUeBkvKtifE,2026-01-23T12:23:51Z,76,0,0,0,2,11,53.16
2026-09-07,1NjWzWWPYGk,2026-01-23T00:53:23Z,98,0,0,0,4,15,67.07
2026-09-07,1yw_y7DZILM,2026-01-22T12:25:46Z,130,0,0,0,7,11,47.97
2026-09-07,ieBibN_NFi4,2026-01-22T00:54:16Z,105,0,0,0,5,22,71.26
2026-09-07,Lzn8i_3QxyQ,2026-01-21T12:24:55Z,88,0,0,0,3,18,82.08
2026-09-07,b7-hRk00vBY,2026-01-21T02:03:34Z,309,1,0,0,16,13,52.35999999999999
2026-09-07,wzrCnh_cx38,2026-01-19T12:24:52Z,60,0,0,0,1,10,42.96
2026-09-07,nFiWF8pBOdE,2026-01-19T00:56:21Z,157,1,0,0,5,11,54.52
2026-09-07,ailU9L3hHCA,2026-01-18T12:19:45Z,208,0,0,0,5,9,72.35
2026-09-07,tEbQwwQB0UI,2026-01-18T00:57:50Z,82,0,0,0,1,12,47.4
2026-09-07,Y0Fj37HV_o4,2026-01-17T12:19:41Z,56,1,0,0,1,5,27.91
2026-09-07,pmg5-dykDZU,2026-01-17T00:49:25Z,110,0,0,0,4,13,65.72
2026-09-07,kaIHDp90cf4,2026-01-16T12:22:00Z,70,0,0,0,2,9,55.45
2026-09-07,KNtqlDQDY10,2026-01-16T00:52:38Z,224,1,0,0,8,12,65.42
2026-09-07,3vq3Zd6uxtU,2026-01-15T12:24:16Z,243,2,0,0,13,14,48.02
2026-09-07,ySxlAX5nhjU,2026-01-15T00:50:13Z,93,0,0,0,4,16,61.6
2026-09-07,njCG2PJKEpA,2026-01-14T12:24:19Z,103,0,0,0,4,10,37.06
2026-09-07,C1TOy6a0dxI,2026-01-14T00:53:28Z,173,2,0,0,6,9,58.17
2026-09-07,rN0DF7i_3wU,2026-01-13T12:25:10Z,36,0,0,0,0,5,18.23
2026-09-07,WRwrZDyTJ2o,2026-01-13T05:18:51Z,38,0,0,0,1,9,41.77
2026-09-07,5VDp8xr8PMw,2026-01-12T00:55:14Z,189,0,0,0,7,14,74.82
2026-09-07,-eFSzJLoCmk,2026-01-11T12:21:09Z,165,0,0,0,7,13,59.3
2026-09-07,k-rUw2TVYs8,2026-01-11T00:57:40Z,151,0,0,0,5,10,49.1
2026-09-07,Md2_HGkjEmQ,2026-01-10T12:19:57Z,166,0,0,0,5,11,52.96999999999999
2026-09-07,SUCUfIo6MH4,2026-01-10T00:50:48Z,82,0,0,0,3,13,56.87
2026-09-07,FFNwRRPqXLc,2026-01-09T12:22:37Z,50,0,0,0,1,8,47.93
2026-09-07,QSTdknWa4gQ,2026-01-08T12:24:04Z,40,0,0,0,1,7,31.96
2026-09-07,DazZAvrhRKI,2026-01-08T00:50:30Z,110,0,0,0,2,8,48.12
2026-09-07,cqhF9hro86M,2026-01-07T12:22:59Z,112,0,0,0,2,10,54.59
2026-09-07,Qjze3mrpiaE,2026-01-07T00:50:57Z,36,0,0,0,0,11,78.67
2026-09-07,SUI99n7yB_U,2026-01-06T00:51:02Z,102,0,0,0,3,9,51.03
2026-09-07,2nIDH-gIDhQ,2026-01-05T12:23:37Z,75,0,0,0,2,8,32.7
2026-09-07,wXEuAdlXM_M,2026-01-05T04:59:54Z,79,0,0,0,1,10,48.88
2026-09-07,xjP-OITrIT4,2025-12-31T00:52:35Z,48,0,0,0,1,8,27.02
2026-09-07,yh4jE0h28KA,2025-12-30T12:22:50Z,107,0,0,0,3,13,57.75
2026-09-07,_lBSpyvMgjw,2025-12-30T00:49:10Z,302,0,0,0,5,6,39.08
2026-09-07,9xKSMqEzQAM,2025-12-29T00:56:57Z,90,0,0,0,4,18,60.25
2026-09-07,OPdvBceQCCE,2025-12-28T12:19:38Z,63,0,0,0,1,8,50.44
2026-09-07,18FMuOikGQE,2025-12-28T00:57:32Z,41,0,0,0,0,17,80.45
2026-09-07,lAIIM4vuUSs,2025-12-27T12:20:12Z,92,0,0,0,2,10,50.43
2026-09-07,eaCy2RgCOe8,2025-12-27T00:48:31Z,127,1,0,0,6,15,71.01
2026-09-07,S4SHNb3-W3Q,2025-12-26T12:21:04Z,61,0,0,0,1,9,47.22
2026-09-07,1goDD83ipeQ,2025-12-26T00:50:19Z,95,0,0,0,4,17,71.45
2026-09-07,DmhxO5mlvxo,2025-12-25T12:22:02Z,115,0,0,0,4,12,51.24999999999999
2026-09-07,AKbv7xTvxnQ,2025-12-25T00:49:59Z,96,1,0,0,3,13,50.97999999999999
2026-09-07,0wI-gF3lGLM,2025-12-24T12:21:25Z,75,0,0,0,2,16,80.38
2026-09-07,9ieCGBvL-Bg,2025-12-24T03:45:47Z,51,0,0,0,1,8,40.12
2026-09-07,uGeiWkgtDP8,2025-12-22T00:53:16Z,130,1,0,0,5,13,65.78
2026-09-07,McHdknbY2cU,2025-12-21T12:19:35Z,44,1,0,0,1,15,71.9
2026-09-07,aN61kpao8HI,2025-12-21T00:54:41Z,187,0,0,0,5,11,49.01
2026-09-07,LP9DKhWavDA,2025-12-20T12:21:03Z,47,0,0,0,1,8,24.28
2026-09-07,fDS63LcxhNk,2025-12-20T00:47:34Z,151,0,0,0,4,13,46.68
2026-09-07,2HxaPdFdrAE,2025-12-19T12:21:23Z,305,0,0,0,13,12,60.06
2026-09-07,zP021DqgYA4,2025-12-19T00:49:03Z,146,0,0,0,3,10,53.26
2026-09-07,UMYm5lJHF6s,2025-12-18T12:21:22Z,89,0,1,0,3,13,82.36
2026-09-07,6j1gLZK5aJQ,2025-12-18T00:46:26Z,48,1,0,0,1,11,50.18
2026-09-07,a-0M7qv4ECM,2025-12-17T12:23:19Z,68,0,0,0,1,11,39.25
2026-09-07,lF9gvPG7YEY,2025-12-17T00:45:41Z,48,0,0,0,1,13,81.34
2026-09-07,or2vlbZ8PUo,2025-12-16T12:21:46Z,41,0,0,0,0,7,49.05
2026-09-07,w0u7iPVS4kg,2025-12-16T00:50:07Z,49,0,0,0,2,15,69.61
2026-09-07,ChBrBKj_FL0,2025-12-15T12:23:43Z,80,1,0,0,2,7,33.02
2026-09-07,pkVeQWwOH1M,2025-12-14T00:55:44Z,71,0,0,0,1,10,35.54
2026-09-07,tdK_vfJlYIU,2025-12-13T12:19:52Z,56,1,0,0,1,7,25.19
2026-09-07,rKfPskTw4uE,2025-12-13T00:46:03Z,55,0,0,0,1,10,62.43
2026-09-07,X253-VhbDHQ,2025-12-12T12:22:27Z,38,0,0,0,0,32,131.93
2026-09-07,kWgeQ8_3gf4,2025-12-12T00:49:39Z,107,0,0,0,3,9,42.79
2026-09-07,XAzSHS1CHFY,2025-12-11T12:22:27Z,73,0,0,0,1,9,64.15
2026-09-07,L6Wc8lnn4DU,2025-12-11T00:51:08Z,1658,0,0,0,42,14,50.83
2026-09-07,MtheX2OJMDQ,2025-12-10T12:22:34Z,55,0,0,0,0,5,23.83
2026-09-07,E1ibjYdkrbQ,2025-12-10T00:49:51Z,33,0,0,0,0,0,0
2026-09-07,U5_e3bmCbZY,2025-12-09T12:22:22Z,39,0,0,0,1,8,40.45
2026-09-07,t2DSE_ojmik,2025-12-06T00:47:45Z,77,0,0,0,3,25,75.8
2026-09-07,SRE8VHmGAqw,2025-12-05T12:22:14Z,61,0,0,0,2,12,56.50999999999999
2026-09-07,1avSfbfo6nQ,2025-12-05T00:49:35Z,91,1,0,0,2,19,64.34
2026-09-07,qL9y-Y4m8YY,2025-12-04T12:22:55Z,37,0,0,0,0,5,22.41
2026-09-07,XfbgEEaqypE,2025-12-04T00:49:06Z,54,0,0,0,1,6,21.96
2026-09-07,eFDnU8gaEJM,2025-12-03T00:47:59Z,48,0,0,0,0,4,22.28
2026-09-07,hxIwlu8ep-k,2025-12-02T12:23:15Z,55,0,0,0,1,13,52.87
2026-09-07,K3wSItDBg1k,2025-12-02T00:48:54Z,100,0,0,0,3,15,57.37
2026-09-07,hA9HyqaFyHM,2025-12-01T12:22:12Z,35,0,0,0,0,4,19.7
2026-09-07,tZQoZXF9Ud4,2025-12-01T00:58:59Z,102,0,0,0,1,4,19.94
2026-09-07,f-c69bkm6io,2025-11-30T12:18:54Z,91,0,0,0,3,10,50.36999999999999
2026-09-07,MsaO1qV-Ln0,2025-11-30T00:56:14Z,78,0,0,0,1,6,29.07
2026-09-07,BFEdIXRH-Fo,2025-11-29T00:47:12Z,58,0,0,0,1,17,53.03
2026-09-07,aFMkajr0L0o,2025-11-28T00:46:39Z,117,0,0,0,3,9,33.46
2026-09-07,HijWOdHKdH0,2025-11-27T12:22:09Z,116,0,0,0,5,21,85.38
2026-09-07,XVyf5d0eCE8,2025-11-27T00:46:29Z,54,0,0,0,1,10,52.31
2026-09-07,-KPak8LRUiA,2025-11-26T12:22:12Z,47,0,0,0,0,5,23.29
2026-09-07,FMgGUvkXlkI,2025-11-26T00:48:06Z,64,0,0,0,1,11,43.69
2026-09-07,DLiRMEwNnDc,2025-11-25T12:22:48Z,96,0,0,0,2,10,37.3
2026-09-07,bhWV305AZCg,2025-11-25T00:46:53Z,48,0,0,0,1,8,32.41
2026-09-07,NA7EumyAw4s,2025-11-24T12:21:38Z,38,0,0,0,0,4,15.770000000000001
2026-09-07,BQIHokBkLZM,2025-11-23T12:19:00Z,157,1,0,0,8,17,65.4
2026-09-07,7y-j8FAsFM8,2025-11-23T00:54:00Z,112,0,0,0,3,14,76.71
2026-09-07,DWwGPzpDyr8,2025-11-22T12:19:18Z,30,0,0,0,0,4,13.350000000000001
2026-09-07,UrD-Q-oBE-k,2025-11-22T00:45:23Z,123,0,0,0,2,14,61.42999999999999
2026-09-07,Q9VgwFN3UIg,2025-11-21T12:20:39Z,37,0,0,0,0,5,19.63
2026-09-07,oZ1KoF4YsaU,2025-11-21T00:47:44Z,42,0,0,0,1,12,46.25
2026-09-07,DEdYVTobd2c,2025-11-20T12:21:38Z,65,0,0,0,1,10,48.47
2026-09-07,Pvy_Sx_1IU8,2025-11-20T00:45:47Z,98,0,0,0,3,9,50.42
2026-09-07,W6nZEkKaMns,2025-11-19T12:21:58Z,60,0,0,0,2,18,72.17
2026-09-07,DCe_h8sqrhA,2025-11-19T00:49:16Z,36,0,0,0,0,8,28.859999999999996
2026-09-07,vMCVHEX6X-4,2025-11-18T12:22:09Z,22,1,0,0,0,9,36
2026-09-07,Qbqrzbs0TY8,2025-11-18T00:47:59Z,44,0,0,0,1,7,24.75
2026-09-07,lqXVwyhxzwQ,2025-11-17T12:21:08Z,54,0,0,0,2,12,62.69
2026-09-07,KzpeOdp-c1U,2025-11-17T00:49:32Z,28,0,0,0,1,14,47.49
2026-09-07,__BTJr7239g,2025-11-16T12:17:43Z,28,0,0,0,0,9,66.43
2026-09-07,tY5h-MOkj0k,2025-11-16T00:50:03Z,38,0,0,0,1,7,45.82
2026-09-07,7qvvyYK7pjM,2025-11-15T12:18:21Z,90,0,0,0,5,16,83.88
2026-09-07,bEBT1HmsU0w,2025-11-15T00:45:59Z,46,0,0,0,1,12,63.16
2026-09-07,EC3qu-J6O3o,2025-11-14T12:21:09Z,34,0,0,0,0,10,54.059999999999995
2026-09-07,Lu_GOCfqqsE,2025-11-14T00:47:41Z,99,0,0,0,3,10,44.19
2026-09-07,BmX41hUYTEo,2025-11-13T12:22:25Z,45,0,0,0,1,10,49.78
2026-09-07,bmt7t2cUv0g,2025-11-13T00:47:51Z,49,0,0,0,1,10,39.11
2026-09-07,maKQnP1Fbm0,2025-11-12T12:22:16Z,44,0,0,0,0,6,24.21
2026-09-07,dfi7G15BoPU,2025-11-12T00:48:22Z,146,0,0,0,5,14,53.90999999999999
2026-09-07,EaW6off6I-g,2025-11-11T12:21:15Z,25,0,0,0,0,5,22.01
2026-09-07,x4iAzzoynWo,2025-11-11T00:48:12Z,69,0,0,0,2,11,48.53
2026-09-07,uf8gxiLsKt4,2025-11-10T12:21:45Z,80,1,0,0,2,9,36.44
2026-09-07,IrFYVHvsGGI,2025-11-10T00:50:07Z,109,2,1,0,5,19,73.74
2026-09-07,nM5RQOj527Q,2025-11-09T20:46:27Z,67,0,0,0,1,7,48.87
2026-09-07,9X9J9HcnjRQ,2025-11-08T12:17:39Z,47,0,0,0,0,8,58.050000000000004
2026-09-07,tmyiz1EyOJ0,2025-11-08T00:44:46Z,28,0,0,0,0,4,23.9
2026-09-07,aiE5zJEb4LQ,2025-11-07T12:21:37Z,9,0,0,0,0,0,0
2026-09-07,RL-aV22hT3Q,2025-11-07T00:48:10Z,60,0,0,0,1,18,61.9
2026-09-07,iqjcjekQ4DA,2025-11-06T12:20:18Z,53,0,0,0,1,8,52.18000000000001
2026-09-07,0_Qr1FDSRUQ,2025-11-06T00:48:24Z,115,0,0,0,7,23,70.33
2026-09-07,VBWrqM7y_nY,2025-11-05T12:22:42Z,7,0,0,0,0,5,17.81
2026-09-07,7MDyZHXM6SQ,2025-11-05T00:48:17Z,189,0,0,0,5,11,64.9
2026-09-07,mFP_gIstEt8,2025-11-04T00:47:50Z,75,1,0,0,2,10,60.27
2026-09-07,5o0kd4B5OG8,2025-11-03T12:22:17Z,60,0,0,0,1,8,27.83
2026-09-07,6_QsBHeIods,2025-11-03T00:50:50Z,71,0,0,0,1,6,23.61
2026-09-07,ey4lxj-MxF8,2025-11-02T00:51:27Z,67,0,0,0,1,14,54.7
2026-09-07,d-oDeuxr9YY,2025-11-01T12:19:24Z,42,0,0,0,1,10,48.59
2026-09-07,qu68AwRcQUs,2025-11-01T00:49:48Z,44,0,0,0,1,9,34.72
2026-09-07,FpraVnRBn_g,2025-10-31T12:22:10Z,26,0,0,0,0,8,30.070000000000004
2026-09-07,YbyoErWHPrQ,2025-10-31T00:49:14Z,189,0,0,0,5,9,27.440000000000005
2026-09-07,r2GTq9pmDSw,2025-10-30T12:20:36Z,70,0,0,0,3,17,85.82
2026-09-07,DiOCz3pzEJQ,2025-10-30T00:47:38Z,105,0,0,0,3,13,60.49
2026-09-07,atBZitOWh8s,2025-10-29T15:48:23Z,11,0,0,0,1,18,78.78
2026-09-07,8iSmE8YXGKE,2025-10-29T00:49:21Z,41,0,0,0,1,8,41.28
2026-09-07,Cl-_JI9q_Vk,2025-10-28T12:21:06Z,86,0,0,0,3,13,54.18999999999999
2026-09-07,MzZ_20dPW-Y,2025-10-28T00:47:00Z,50,0,0,0,2,13,50.2
2026-09-07,0jhH6KZpmL8,2025-10-27T12:25:22Z,42,0,0,0,1,15,35.83
2026-09-07,FnNJckzMN4I,2025-10-27T00:50:00Z,62,0,0,0,11,75,345.36
2026-09-07,EHmOrNhP6eU,2025-10-26T12:20:55Z,35,0,0,0,1,19,64.42
2026-09-07,kaF2LpvGDE8,2025-10-26T00:48:33Z,67,0,0,0,2,9,44.47
2026-09-07,MrNfRJleZa4,2025-10-25T12:20:50Z,77,0,0,0,5,18,57.96
2026-09-07,cxkwv1-VWKM,2025-10-25T00:44:59Z,33,0,0,0,1,12,66.78
2026-09-07,CMt6N9OYHc4,2025-10-24T12:22:09Z,52,0,0,0,2,16,53.77000000000001
2026-09-07,fsKpdj-hOBc,2025-10-24T00:45:25Z,30,0,0,0,0,11,41.39
2026-09-07,g5WH6g6SXzo,2025-10-23T12:23:47Z,2,0,0,0,0,23,87.78
2026-09-07,whO3TbZRN2s,2025-10-23T00:46:43Z,123,1,0,0,5,16,47.28
2026-09-07,9udR2t3StDg,2025-10-22T12:21:57Z,147,1,0,0,8,12,54.25
2026-09-07,rPz60XxcTho,2025-10-22T01:47:39Z,26,0,0,0,0,11,42.26
2026-09-07,Z05lza3afe0,2025-10-20T12:21:15Z,72,0,0,0,4,18,66.29
2026-09-07,5b5VRHg-xnM,2025-10-20T00:50:25Z,62,0,0,0,2,20,102.51999999999998
2026-09-07,6ge3dzSKuAU,2025-10-19T12:19:54Z,48,0,0,0,2,16,60.75000000000001
2026-09-07,qjVcEZB3imM,2025-10-19T00:51:20Z,24,0,0,0,0,11,60.02000000000001
2026-09-07,qf7bSeDljc4,2025-10-18T12:19:43Z,3,0,0,0,0,20,87.87
2026-09-07,rbTkKE75_c0,2025-10-18T00:43:16Z,68,0,0,0,3,11,53.05
2026-09-07,ri2RZwr5J_4,2025-10-17T12:22:47Z,63,0,0,0,3,15,60.8
2026-09-07,v1zftajT1M0,2025-10-17T00:46:54Z,35,0,0,0,1,9,36.8
2026-09-07,pG8D3fHo7Kc,2025-10-16T12:21:59Z,109,1,0,0,27,97,444.34
2026-09-07,vQrRjChYLTc,2025-10-16T00:47:28Z,1,0,0,0,0,26,92.31
2026-09-07,xQVwOjXeNg0,2025-10-15T12:22:00Z,8,0,0,0,0,0,0
2026-09-07,iM0KR2-32f0,2025-10-15T00:47:34Z,4,0,0,0,0,14,52.57000000000001
2026-09-07,QkRtBzgp7LY,2025-10-14T12:23:44Z,14,0,0,0,0,20,87.39
2026-09-07,67qAhXRjlfA,2025-10-14T00:43:57Z,156,0,0,0,7,16,87.48
2026-09-07,SDLOOe8fi1M,2025-10-11T12:18:01Z,156,1,0,0,5,13,90.37
2026-09-07,b9tm03RKVpI,2025-10-11T00:42:33Z,19,0,0,0,0,7,44.05
2026-09-07,aDZm7fyKxZg,2025-10-10T12:22:18Z,54,0,0,0,2,18,88.29
2026-09-07,5gf43PikwPY,2025-10-10T00:44:00Z,251,0,0,0,23,32,163.81
2026-09-07,zgkkKMEvI4c,2025-10-09T12:22:48Z,67,0,0,0,2,10,39
2026-09-07,nsWYanXH4WQ,2025-10-09T00:45:59Z,25,0,0,0,1,17,55.279999999999994
2026-09-07,LQrAelHASPo,2025-10-08T12:22:30Z,19,0,0,0,1,16,82.67
2026-09-07,TovBq4xQFsc,2025-10-08T00:44:25Z,3,0,0,0,0,17,85.95
2026-09-07,Fl0RC5BJ3Pk,2025-10-07T12:22:14Z,75,0,0,0,3,16,82.9
2026-09-07,083VndBSBQA,2025-10-07T00:44:03Z,4,0,0,0,0,26,102.42
2026-09-07,9c2q7_r-q2Y,2025-10-06T12:22:15Z,4,0,0,0,1,35,116.06
2026-09-07,YGxrFAg3YOg,2025-10-05T12:19:04Z,70,0,0,0,3,17,82.2
2026-09-07,GcTz74gCsok,2025-10-05T00:49:33Z,55,0,0,0,3,26,118.53
2026-09-07,xvsX438rApQ,2025-10-04T19:15:22Z,38,0,0,0,1,17,92.17
2026-09-07,wsQMaYdr88Q,2025-09-20T12:18:35Z,146,1,0,0,7,12,51.22
2026-09-07,n4yje0t1LrQ,2025-09-20T00:43:59Z,44,0,0,0,1,19,49.76
2026-09-07,bvSYCI4URs8,2025-09-19T12:20:04Z,50,0,0,0,2,13,67.56
2026-09-07,SvIlF1anibo,2025-09-19T00:45:59Z,79,0,0,0,3,15,69
2026-09-07,G__3jx9sIcE,2025-09-18T12:21:43Z,135,0,0,0,8,15,63.019999999999996
2026-09-07,1rwy6xm5h8U,2025-09-18T00:43:45Z,49,0,0,0,2,14,67.42
2026-09-07,rSnz3nrgTFg,2025-09-17T12:21:43Z,38,0,0,0,1,7,30.59
2026-09-07,HTnmcw1VZsc,2025-09-17T00:44:19Z,178,0,0,0,6,13,46.08
2026-09-07,E7qHyD4bGJs,2025-09-16T12:21:39Z,46,0,0,0,1,7,28.110000000000003
2026-09-07,2clRmgMM1Us,2025-09-16T00:43:33Z,77,0,0,0,3,10,38.31
2026-09-07,YMnreQdpm5Y,2025-09-15T12:22:51Z,47,0,0,0,2,11,45.31
2026-09-07,n9WrhduYV3U,2025-09-15T00:53:32Z,66,0,0,0,3,12,60.35
2026-09-07,TjeZN7Gnx04,2025-09-14T12:18:57Z,46,0,0,0,2,15,65.95
2026-09-07,78zx-NQ3wVI,2025-09-14T00:48:31Z,2,0,0,0,0,16,65.13
2026-09-07,YxugVSFp3T0,2025-09-13T22:01:50Z,43,0,0,0,2,19,65.73
2026-09-07,kAI33hsvcUs,2025-08-22T12:20:10Z,75,0,0,0,3,12,43.67
2026-09-07,usvmmNihqZE,2025-08-22T00:45:55Z,51,0,0,0,2,10,44.85
2026-09-07,FJiDKJhqzMk,2025-08-21T12:21:38Z,64,0,0,0,3,11,44.99
2026-09-07,4KNrxnn4LYA,2025-08-21T00:44:57Z,25,0,0,0,0,24,92.3
2026-09-07,F7bl42wdwsk,2025-08-20T12:19:34Z,47,1,0,0,1,17,92.99
2026-09-07,2TQ1xDxSPko,2025-08-20T00:45:59Z,49,0,0,0,2,18,71.35
2026-09-07,2SEMOGewnt0,2025-08-19T12:20:22Z,47,0,0,0,4,18,91.17
2026-09-07,jl43kb2Mrl8,2025-08-19T00:46:39Z,39,0,0,0,0,8,56.11000000000001
2026-09-07,5ghuUk0uXKo,2025-08-18T12:22:15Z,5,0,0,0,1,37,129.19
2026-09-07,sZH-Vd6Q0Pg,2025-08-18T00:53:45Z,26,0,0,0,1,17,66.13
2026-09-07,n27QrIxIwBM,2025-08-17T12:19:46Z,21,0,0,0,1,13,43.56
2026-09-07,tj8faNubOXU,2025-08-17T00:54:38Z,40,0,0,0,1,16,54.55
2026-09-07,96EZNoOx5vk,2025-08-16T12:19:15Z,23,0,0,0,1,14,68.96
2026-09-07,KaojabYOzx0,2025-08-16T00:46:15Z,12,0,0,0,3,66,301.33
2026-09-07,THOj9YbvwsE,2025-08-15T15:23:30Z,6,0,0,0,0,27,82.97
2026-09-07,BZosJFoh2-E,2025-08-14T12:21:40Z,12,0,0,0,0,10,51.93
2026-09-07,TxfJxCoufW8,2025-08-14T00:48:45Z,47,0,0,0,1,18,74.15
2026-09-07,u4SLrBeU4P8,2025-08-13T12:21:24Z,83,0,0,0,5,15,60.91
2026-09-07,Lcr_-bsm-yU,2025-08-13T00:48:58Z,52,0,0,0,1,11,58.28
2026-09-07,loW9tXPftEI,2025-08-12T12:21:02Z,120,0,0,0,4,11,42.64
2026-09-07,mIZqOrlU3V4,2025-08-12T00:48:01Z,50,0,0,0,1,9,49.71
2026-09-07,Vu85YbKD2uA,2025-08-11T12:22:21Z,34,0,0,0,1,13,49.35
2026-09-07,2ihzs4ltkz4,2025-08-11T00:56:43Z,32,0,0,0,1,12,37.95
2026-09-07,cRrYtcVjQIM,2025-08-10T12:18:58Z,31,0,0,0,0,9,47.53
2026-09-07,oMMCSoJOPFY,2025-08-10T00:58:04Z,46,0,0,0,5,21,72.19
2026-09-07,71ERRmCB7uY,2025-08-09T12:20:09Z,37,0,0,0,1,13,52.09
2026-09-07,DOMkPDITAig,2025-08-09T00:47:31Z,71,0,0,0,3,13,49.92
2026-09-07,Z_8PUimecoU,2025-08-08T12:22:09Z,124,0,0,0,8,14,76.75
2026-09-07,798aPt3idGI,2025-08-08T00:55:22Z,32,0,0,0,1,15,49.46
2026-09-07,nJ_CeCMDjgo,2025-08-07T13:02:00Z,74,0,0,0,3,10,45.34
2026-09-07,F6bItVNWey4,2025-08-07T00:53:42Z,73,0,0,0,3,12,62.39
2026-09-07,EjwJ28Zg0Zs,2025-08-06T12:23:15Z,49,0,0,0,1,9,37.62
2026-09-07,NbSU5rDcqA8,2025-08-06T00:55:01Z,49,0,0,0,2,14,50.85999999999999
2026-09-07,OTdnZwnqZto,2025-08-05T12:22:59Z,57,0,0,0,2,13,56.92
2026-09-07,dP37FHj8nHg,2025-08-05T00:53:37Z,89,0,0,0,3,10,64.74
2026-09-07,jWk424bgg84,2025-08-04T12:23:46Z,59,1,0,0,2,21,96.11
2026-09-07,8-zs2bzAYok,2025-08-03T12:19:46Z,55,0,0,0,3,13,53.81
2026-09-07,XWpZCVCgX-A,2025-08-03T00:58:49Z,70,1,0,0,2,13,63.79
2026-09-07,AoN4FPURjpo,2025-08-02T12:20:33Z,52,0,0,0,2,13,57.10999999999999
2026-09-07,b1CT89GMN6o,2025-08-02T00:47:59Z,171,0,0,0,9,21,133.98
2026-09-07,ip4v0KcNBTg,2025-08-01T12:22:38Z,123,0,0,0,4,10,45.26
2026-09-07,b9uiF9O5AVk,2025-08-01T01:01:34Z,173,0,0,0,16,13,40.12
2026-09-07,v80VsDnL6vk,2025-07-31T12:21:40Z,40,0,0,0,1,9,39.46
2026-09-07,ukGL5TXbjDc,2025-07-31T02:11:20Z,40,0,0,0,1,9,42.58
2026-09-07,baIn3WnCR_s,2025-07-30T00:52:36Z,117,1,0,0,7,19,106.57
2026-09-07,dHLGC_aLh38,2025-07-29T12:22:49Z,44,0,0,0,1,10,44.03
2026-09-07,8T2wjykQY8M,2025-07-29T00:56:50Z,106,1,0,0,3,8,46.47
2026-09-07,2mlwNI9mKVc,2025-07-28T12:23:00Z,65,0,0,0,3,13,49.28
2026-09-07,ZI_z_4_Pdfg,2025-07-28T00:56:19Z,123,0,0,0,4,10,51.12
2026-09-07,Lm7_gHvmrWc,2025-07-27T12:20:02Z,49,0,0,0,2,14,78.63
2026-09-07,9c3PnUunMrI,2025-07-27T00:56:38Z,69,0,0,0,2,9,53.22
2026-09-07,eohklwMcu8s,2025-07-26T12:20:31Z,77,0,0,0,4,15,52.300000000000004
2026-09-07,JMfUVNqH-v8,2025-07-26T00:50:36Z,58,0,1,0,2,15,57.56
2026-09-07,kCiWEditH2c,2025-07-25T12:22:32Z,99,0,0,0,6,20,63.31
2026-09-07,VzRORbvYeU8,2025-07-25T00:53:02Z,64,0,0,0,3,13,31.15
2026-09-07,TaYTYLmXSpw,2025-07-24T12:23:07Z,61,0,0,0,3,17,68.87
2026-09-07,eojAkEGYKy8,2025-07-24T00:51:50Z,29,0,0,0,1,14,64.98
2026-09-07,jDNLDjwedSI,2025-07-23T12:22:35Z,66,0,0,0,5,21,92.96
2026-09-07,l-MK9FDyZGo,2025-07-23T01:53:38Z,39,0,0,0,1,14,52.93
2026-09-07,MTISyE2GK90,2025-07-22T00:51:23Z,272,1,0,0,20,20,103.61
2026-09-07,xaxoboKmsp8,2025-07-21T12:23:00Z,53,0,0,0,3,15,52.14
2026-09-07,YYQPFxAyXlA,2025-07-21T00:55:19Z,94,0,0,0,4,13,57.26
2026-09-07,C-pKshzaFI4,2025-07-20T12:19:56Z,861,1,0,0,57,14,70.56
2026-09-07,2cXstg2g1oo,2025-07-20T00:58:48Z,108,0,0,0,7,18,61.28
2026-09-07,UUVJFY1I6eQ,2025-07-19T12:19:13Z,181,1,0,0,9,11,57.49999999999999
2026-09-07,72GZYgKfNgY,2025-07-19T00:50:17Z,69,0,0,0,4,13,38.88
2026-09-07,hYqav0qcs-4,2025-07-18T12:21:48Z,117,0,0,0,7,14,61.78
2026-09-07,CA74oLX496k,2025-07-18T00:51:11Z,61,0,0,0,3,17,61.73
2026-09-07,pqSpEEBBZ5Y,2025-07-17T12:20:49Z,158,2,0,0,12,14,74.81
2026-09-07,vHOEW402B9s,2025-07-17T00:51:20Z,63,0,0,0,2,13,55.03
2026-09-07,Y_hYHH0oLzQ,2025-07-16T12:21:49Z,61,0,0,0,2,13,56.84
2026-09-07,sQ9TSjUyYHg,2025-07-16T00:50:53Z,216,0,0,0,18,14,79.2
2026-09-07,wZ_p3BEx0Hw,2025-07-15T12:22:37Z,60,0,0,0,3,13,66.62
2026-09-07,kxtbSj_b_IM,2025-07-15T03:01:40Z,38,0,0,0,1,8,44.73
2026-09-07,VCg1HIvDlmM,2025-07-11T12:21:10Z,25,0,0,0,0,15,58.879999999999995
2026-09-07,CnXoXMSAG78,2025-07-11T00:49:31Z,88,0,0,0,4,12,68.05
2026-09-07,wGfuxxpXlSA,2025-07-10T12:21:07Z,91,0,0,0,4,10,53.59
2026-09-07,I9Ms9geTeu0,2025-07-10T00:48:30Z,31,0,0,0,0,11,52.27
2026-09-07,N8xFDObGXSE,2025-07-09T12:21:31Z,77,0,0,0,3,11,53.16
2026-09-07,oM-LaSVYYnA,2025-07-09T00:49:58Z,66,0,0,0,2,10,51.62
2026-09-07,Yrg3cZU7eJw,2025-07-08T12:20:58Z,233,2,0,0,17,13,79.16
2026-09-07,e7dQ9yvJzZY,2025-07-08T00:48:19Z,89,1,0,0,3,11,49.76
2026-09-07,QGLkukuFr9E,2025-07-07T12:21:02Z,59,0,0,0,2,8,40.58
2026-09-07,ww9LNzzWEnw,2025-07-07T00:53:34Z,55,0,0,0,2,19,66.95
2026-09-07,42IXNsa6d9s,2025-07-06T12:19:21Z,21,0,0,0,1,15,63.56
2026-09-07,JXJySqBADHM,2025-07-06T00:54:22Z,170,0,0,0,5,11,49.86
2026-09-07,zYZkNuHz-yU,2025-07-05T12:18:26Z,27,0,0,0,0,6,27.97
2026-09-07,E0ZN8wJS83Q,2025-07-04T14:52:05Z,64,0,0,0,3,23,94.8
2026-09-07,L_EL5f08i14,2025-07-04T00:48:22Z,100,0,0,0,3,10,46.8
2026-09-07,P5jIY_NCDO8,2025-07-03T12:20:17Z,41,1,0,0,0,7,32.17
2026-09-07,qoOse_duoqg,2025-07-03T00:49:50Z,34,0,0,0,1,10,31.679999999999996
2026-09-07,gMgf71gWSns,2025-07-02T12:20:19Z,43,0,0,0,1,12,56.25
2026-09-07,y6wq_o7vRLQ,2025-07-02T00:47:48Z,58,0,0,0,2,14,62.25000000000001
2026-09-07,gFmJwB7Ae1U,2025-07-01T12:21:07Z,31,0,0,0,0,6,26.52
2026-09-07,iR0ftXc_P6U,2025-07-01T00:57:14Z,236,1,0,0,12,18,72.61
2026-09-07,KIFT3RS-1jo,2025-06-30T12:21:59Z,88,0,0,0,3,12,47.15
2026-09-07,NX6cYcB8-B8,2025-06-30T00:52:39Z,68,1,0,0,2,16,64.75
2026-09-07,qJGTEw8iezU,2025-06-29T12:18:28Z,0,0,0,0,0,0,0
2026-09-07,9j4PZqjGolc,2025-06-29T00:56:34Z,52,0,0,0,1,10,36.27
2026-09-07,l6qVlMe-Z0Q,2025-06-28T12:19:40Z,91,0,0,0,5,15,55.91
2026-09-07,xdzaCKsaYVc,2025-06-28T00:47:46Z,64,0,0,0,2,16,54.64
2026-09-07,2HDA7p1cXq4,2025-06-27T12:21:30Z,46,0,0,0,1,6,21.23
2026-09-07,qzBLxTShQfg,2025-06-27T00:49:17Z,56,0,0,0,2,10,37.29
2026-09-07,o-D6D8NGp1c,2025-06-26T12:20:39Z,178,0,0,1,8,13,72.29
2026-09-07,kCVxPz88TPM,2025-06-26T00:48:31Z,79,1,0,0,3,11,42.07
2026-09-07,PUX24gEV630,2025-06-25T12:20:55Z,46,0,0,0,1,13,65.63
2026-09-07,o-6Buts0ygQ,2025-06-25T00:49:43Z,101,0,0,0,5,21,78.28
2026-09-07,FeI7PXDWAmw,2025-06-24T12:21:56Z,1,0,0,0,0,0,0
2026-09-07,t9dFnLh-wyc,2025-06-24T00:49:31Z,9,0,0,0,0,11,47.89
2026-09-07,GWn867yxYzY,2025-06-23T12:23:46Z,65,0,0,0,2,9,25.72
2026-09-07,DhDhiMwW4DM,2025-06-23T00:53:12Z,54,0,0,0,1,8,31.069999999999997
2026-09-07,Ls4D1v80ALc,2025-06-22T12:18:30Z,67,1,0,0,3,13,47.58
2026-09-07,RrHNCA462xE,2025-06-22T00:53:39Z,85,0,0,0,4,15,82.41
2026-09-07,myCAcQ2_K2k,2025-06-21T12:19:28Z,105,0,0,0,4,14,56.32
2026-09-07,lx6VPZry0ZI,2025-06-21T00:47:14Z,110,1,0,0,3,12,44.1
2026-09-07,G8m1ZRzRIfU,2025-06-20T12:22:06Z,43,0,0,0,2,17,50.63999999999999
2026-09-07,nVYVBPt0Lcw,2025-06-20T00:48:16Z,38,0,0,0,1,9,37.38
2026-09-07,zOKKSAcOFK4,2025-06-19T12:21:02Z,63,0,0,0,3,14,67.43
2026-09-07,bTegbNmSRi4,2025-06-19T00:47:39Z,52,0,0,0,1,8,38.11
2026-09-07,9cv0AGU3f7Y,2025-06-18T12:19:49Z,208,0,0,0,7,11,66.78
2026-09-07,Hio5eRT3P2Y,2025-06-18T00:48:20Z,162,0,0,0,10,15,82.89
2026-09-07,A7yOEADsfLA,2025-06-17T12:20:38Z,87,1,0,0,4,12,70.3
2026-09-07,Q110khFMHL0,2025-06-17T00:47:59Z,71,0,0,0,3,15,79.17
2026-09-07,2h5-mJgktc0,2025-06-16T12:20:45Z,158,0,0,0,7,11,51.45000000000001
2026-09-07,qC6aiQLMTX0,2025-06-16T00:50:56Z,47,0,0,0,1,9,34.84
2026-09-07,bjNe7kxRpNk,2025-06-15T12:17:23Z,228,0,0,0,6,9,56.98
2026-09-07,mfh4EENwNF0,2025-06-15T00:55:56Z,176,0,0,0,9,13,47.49
2026-09-07,cvcwwkidXUs,2025-06-14T12:18:35Z,162,0,0,0,7,10,65.43
2026-09-07,WMoc4BUxR7Y,2025-06-14T00:46:37Z,160,1,0,0,8,15,58.540000000000006
2026-09-07,VcSN_Q6tN_w,2025-06-13T12:20:42Z,2,0,0,0,0,0,0
2026-09-07,M9CTXlrO6Hs,2025-06-13T03:51:00Z,135,0,0,0,6,13,60.35
2026-09-07,zK8iBDmYMKA,2025-06-12T12:19:47Z,58,0,0,0,1,7,36.72
2026-09-07,q4XHnjjH9dI,2025-06-12T00:46:46Z,125,0,0,0,4,9,49.65
2026-09-07,dO9QLnnbkW0,2025-06-11T12:20:34Z,78,1,0,0,2,12,52.54
2026-09-07,4JGOMKkIEKI,2025-06-11T00:48:33Z,335,0,0,0,13,13,54.40999999999999
2026-09-07,YTHY2PLYiLY,2025-06-10T12:21:46Z,164,0,1,0,11,20,71.27
2026-09-07,PIYhdRillDg,2025-06-10T00:47:33Z,128,0,0,0,6,16,87.51
2026-09-07,rg0_VgiF3b4,2025-06-09T12:21:30Z,82,0,0,0,3,9,30.130000000000003
2026-09-07,TBaj-KzYc1w,2025-06-09T00:52:08Z,105,0,0,0,5,14,56.3
2026-09-07,pPM8iPJTp_4,2025-06-08T12:22:47Z,4,0,0,0,0,11,42.67
2026-09-07,dEAFsKkgfus,2025-06-08T00:53:02Z,83,0,0,0,3,13,75.2
2026-09-07,bA2Rh8Oe2us,2025-06-07T12:18:17Z,72,0,0,0,2,9,45.5
2026-09-07,Xpk_pToAUSE,2025-06-07T00:47:32Z,52,0,0,0,1,10,49.23
2026-09-07,cqtb3jL81es,2025-06-06T12:20:44Z,71,0,0,0,2,11,46.02
2026-09-07,9LA1iCEEaEU,2025-06-06T00:48:12Z,294,0,0,0,12,11,45.09
2026-09-07,PCy9dpRZ0CA,2025-06-05T16:39:18Z,141,0,0,0,3,9,32.51
2026-09-07,9AZa6pvcq_g,2025-06-05T12:22:21Z,2,0,0,0,0,28,102.4
2026-09-07,HNa-g80gjCY,2025-06-05T00:47:13Z,309,0,0,0,11,10,62.24000000000001
2026-09-07,zaXzhb7zM7c,2025-06-04T12:20:18Z,126,0,0,0,6,15,66.18
2026-09-07,bsCmWKVvCCI,2025-06-04T00:48:29Z,59,0,0,0,2,18,63.190000000000005
2026-09-07,vzEQ52cEtGI,2025-06-03T12:20:25Z,78,0,0,0,4,14,55.92
2026-09-07,r_aMwKtTZS4,2025-06-03T00:48:20Z,42,0,0,0,1,10,41.6
2026-09-07,HGmiusWhzcM,2025-06-02T12:20:07Z,186,0,0,0,8,12,71.3
2026-09-07,jWw6qlFWawc,2025-06-02T00:49:38Z,334,0,0,0,12,13,64.46
2026-09-07,xfSLuWxTnWQ,2025-06-01T12:19:16Z,119,0,0,0,5,11,55.17999999999999
2026-09-07,UsQLO2UBPdI,2025-06-01T00:59:20Z,72,0,0,0,2,9,31.97
2026-09-07,t2V2iI_HdvY,2025-05-31T12:17:47Z,82,0,0,0,2,8,47.07
2026-09-07,Sx_pHwLn43g,2025-05-31T01:32:46Z,87,0,0,0,2,8,46.19
2026-09-07,Pp4fV1ZhBNs,2025-05-30T12:19:48Z,206,0,0,0,17,12,63.6
2026-09-07,c9gpgxcSUmw,2025-05-30T00:46:50Z,6,0,0,0,1,16,72.14
2026-09-07,RZeaNeLIj5c,2025-05-29T12:19:40Z,61,0,0,0,2,14,61.529999999999994
2026-09-07,u7KfW248d0U,2025-05-29T00:47:56Z,74,1,1,0,2,11,59.07
2026-09-07,MSXJYvEJxd4,2025-05-28T18:51:21Z,11,0,0,0,1,14,87.82
2026-09-07,4GOkf4Y8hLk,2025-05-28T12:20:24Z,44,0,0,0,1,11,46.39
2026-09-07,j6nPLmSAPhc,2025-05-28T00:47:43Z,50,0,0,0,2,17,85.08
2026-09-07,wAYHiCNZRas,2025-05-27T12:20:27Z,93,1,0,0,4,11,43.65
2026-09-07,H5d6AZyg010,2025-05-27T00:45:45Z,186,0,0,0,7,12,81
2026-09-07,CAaa6S7pGns,2025-05-26T12:20:12Z,118,0,0,0,4,12,48.51
2026-09-07,yOx0Zjc4MW8,2025-05-26T00:49:08Z,200,2,0,0,13,15,66.14
2026-09-07,wRcGYiRZ4Nk,2025-05-25T12:18:07Z,261,0,0,0,15,14,82.78
2026-09-07,qswT6Ib-wT0,2025-05-25T00:53:24Z,140,0,0,0,5,10,38.39
2026-09-07,TRkwxs18Mz0,2025-05-24T12:19:33Z,96,0,0,0,5,16,50.72
2026-09-07,It9_smZPUHQ,2025-05-24T00:45:36Z,129,0,0,0,5,11,51.35000000000001
2026-09-07,GN0grBkYcZM,2025-05-23T17:33:30Z,91,1,0,0,5,22,81.61
2026-09-07,mL15th4eX-Y,2025-05-23T00:46:14Z,66,0,0,0,2,12,58.72999999999999
2026-09-07,DYgVmkj41kI,2025-05-22T12:20:39Z,71,0,0,0,3,15,67.04
2026-09-07,jbeOx8GjweU,2025-05-22T00:46:51Z,29,0,0,0,0,8,43.17
2026-09-07,FrPl6vsB6eU,2025-05-21T12:19:21Z,240,0,0,0,11,12,65.75
2026-09-07,fusoLfprni4,2025-05-21T00:46:43Z,87,0,0,0,3,9,64.15
2026-09-07,ctfPWK63xTw,2025-05-20T12:21:54Z,63,0,0,0,3,16,66.71
2026-09-07,koXY8jim-jM,2025-05-20T00:47:19Z,91,0,0,0,4,12,51.99
2026-09-07,phs6XlqZhC0,2025-05-19T12:22:22Z,117,0,0,0,3,10,34.92
2026-09-07,IFyfqe1rlMk,2025-05-19T00:48:48Z,91,0,0,0,3,10,64.84
2026-09-07,dPWfCjrsoos,2025-05-18T12:19:04Z,125,1,0,0,5,10,45.11
2026-09-07,RMX1GoAmPKc,2025-05-18T00:50:22Z,88,0,0,0,4,11,60.53999999999999
2026-09-07,ZnBMPMXKo58,2025-05-17T12:19:06Z,59,0,0,0,3,19,74.53
2026-09-07,68TQHx52cCY,2025-05-17T00:44:39Z,0,0,0,0,0,0,0
2026-09-07,VvNeswdrLTI,2025-05-16T12:20:14Z,121,0,0,0,8,23,101.05999999999999
2026-09-07,Xxokvejej1E,2025-05-16T00:47:27Z,178,0,0,0,4,7,38.51
2026-09-07,2t2fxmJbGB0,2025-05-15T12:20:58Z,117,0,0,0,4,9,37.76
2026-09-07,UmC_v0_WE80,2025-05-15T00:44:49Z,55,0,0,0,2,15,78.3
2026-09-07,vlc3XNhFDPw,2025-05-14T12:20:22Z,41,0,0,0,0,15,46.97
2026-09-07,Ej7Dr-jsd-c,2025-05-14T00:46:55Z,46,0,0,0,4,20,81.46
2026-09-07,sRYLe_NG6DI,2025-05-13T12:20:11Z,65,0,0,0,3,23,113.98000000000002
2026-09-07,WkahoEceybs,2025-05-13T00:45:58Z,30,0,0,0,0,4,23.68
2026-09-07,ilM07_lXaBM,2025-05-12T12:24:14Z,94,0,0,0,4,12,78.4
2026-09-07,EecjxHYz0ps,2025-05-12T00:48:11Z,112,0,0,0,6,24,114.62
2026-09-07,7y3o1y5Tu6s,2025-05-11T12:18:04Z,264,1,0,0,11,11,65.62
2026-09-07,NjGtESoHmUc,2025-05-11T00:48:57Z,79,0,0,0,2,13,68.86
2026-09-07,zx5DM9ukBF4,2025-05-10T12:18:50Z,190,1,0,0,7,18,68.17
2026-09-07,XM-IhwOVvCI,2025-05-10T00:43:46Z,307,0,0,0,11,17,73.17
2026-09-07,8pTTszih3v4,2025-05-09T12:18:41Z,172,0,0,0,5,15,70.95
2026-09-07,eTDyTZ5JnEs,2025-05-09T00:45:59Z,37,0,0,0,0,5,27.11
2026-09-07,EuYCO8aNOPM,2025-05-08T12:19:56Z,53,0,0,0,1,9,34.96
2026-09-07,TSzeDjpjmpE,2025-05-08T00:46:54Z,67,0,1,0,3,18,66.21
2026-09-07,NcVWi1QmIKk,2025-05-07T12:25:32Z,68,0,0,0,1,12,55.33
2026-09-07,fnP_PnYebjc,2025-05-07T00:47:00Z,200,0,0,0,8,13,59.14
2026-09-07,t96sT3Qq-FU,2025-05-06T12:24:10Z,80,0,0,0,7,61,227.02
2026-09-07,nSNc4Hb3Zgc,2025-05-06T00:46:35Z,40,0,0,0,0,0,0
2026-09-07,espwjgXy838,2025-05-05T12:20:42Z,52,0,0,0,1,13,53.33
2026-09-07,LOCLJ2Sf3aA,2025-05-05T04:45:43Z,52,0,0,0,1,8,31.069999999999997
2026-09-07,hUkDHR8W8BI,2025-05-04T12:17:45Z,88,0,0,0,45,242,1349.02
2026-09-07,C1d2SYSeaG4,2025-05-04T00:51:37Z,77,1,0,0,2,7,30.44
2026-09-07,235BKRdgpFk,2025-05-03T12:19:16Z,40,0,0,0,1,14,52.89
2026-09-07,-bC8O8QlJgA,2025-05-03T00:43:53Z,225,0,0,0,7,9,43.19
2026-09-07,MDp6r2HuNI8,2025-05-02T12:18:04Z,61,0,0,0,1,19,138.57
2026-09-07,xye9xWprlN8,2025-05-02T00:45:07Z,146,0,0,0,4,9,46.77
2026-09-07,EBBJl9x16o4,2025-05-01T12:18:05Z,85,0,0,0,2,7,43.26
2026-09-07,88yWwTHRxuM,2025-05-01T00:52:04Z,64,0,0,0,2,15,45.47
2026-09-07,03pUihkjQSQ,2025-04-30T12:24:53Z,53,0,0,0,1,8,30.42
2026-09-07,gTvEHz8oUck,2025-04-30T00:44:56Z,62,1,0,0,2,12,69.42
2026-09-07,P8m2FRee-Hs,2025-04-29T12:21:40Z,44,0,0,0,3,17,64.1
2026-09-07,JfSbOr27Kk0,2025-04-29T00:45:24Z,39,0,0,0,0,5,19.24
2026-09-07,4Jr_2QZcyrw,2025-04-28T12:18:58Z,67,0,0,0,1,13,65.41
2026-09-07,Wjr65y4hM1I,2025-04-28T00:45:52Z,154,0,0,0,6,11,79.23
2026-09-07,lUFplL1LBm0,2025-04-27T14:49:02Z,36,0,0,0,0,12,54.29999999999999
2026-09-07,GgOzyu_INak,2025-04-27T00:47:33Z,53,0,0,0,3,40,201.66999999999996
2026-09-07,4MJnNsvo53w,2025-04-26T12:17:53Z,165,0,0,0,5,10,53.92
2026-09-07,4aNpi2uLm4w,2025-04-26T00:44:18Z,76,0,0,0,14,63,234.56
2026-09-07,1gKSlD9axkw,2025-04-25T12:19:43Z,78,0,0,0,3,12,39.19
2026-09-07,5g2ZJyQ--Dc,2025-04-25T00:46:17Z,68,0,0,0,2,9,36.62
2026-09-07,dUZwxBwl_mo,2025-04-24T12:20:22Z,69,0,0,0,2,12,40.26
2026-09-07,xvqqvyp6XYw,2025-04-24T00:44:52Z,71,0,0,0,2,14,54.92
2026-09-07,ofnLcJI_STU,2025-04-23T12:19:57Z,55,0,0,0,2,31,112.42000000000002
2026-09-07,0_hnbylTTBg,2025-04-23T00:45:24Z,153,1,0,0,7,10,65.23
2026-09-07,sr2V6XXheAs,2025-04-22T12:18:44Z,56,0,0,0,3,19,86.4
2026-09-07,GjDII9Fkrqk,2025-04-22T00:44:56Z,74,0,0,0,5,26,105.76
2026-09-07,FYOfw1Zz_Yw,2025-04-21T12:20:31Z,89,1,0,0,4,22,73.58
2026-09-07,ZVHhWsZAEUM,2025-04-21T00:48:25Z,71,0,0,0,3,22,92.88
2026-09-07,epOHwc8AkZw,2025-04-20T12:18:28Z,105,2,0,0,5,16,64.02
2026-09-07,LbiHcD1PyjM,2025-04-20T06:27:20Z,79,0,0,0,2,12,54.559999999999995
2026-09-07,KyiYdze_V-g,2025-04-20T00:47:33Z,69,1,0,0,1,7,36.86
2026-09-07,iP1DR_4yBDU,2025-04-19T12:17:41Z,44,0,0,0,0,8,38.67
2026-09-07,oCmJ_bk3BvM,2025-04-19T00:44:37Z,90,0,0,0,4,15,36.31
2026-09-07,dqnzyOGZ3aI,2025-04-18T12:18:52Z,89,0,0,0,5,20,67.86
2026-09-07,DzUDd9GV8v8,2025-04-18T00:44:31Z,102,0,0,0,2,7,23.8
2026-09-07,6Tbs7lNSTQU,2025-04-17T12:19:31Z,52,1,0,0,3,18,75.55
2026-09-07,0XQnsZrXjn4,2025-04-17T00:42:48Z,36,0,1,0,1,13,105.49
2026-09-07,-P85g9OoT74,2025-04-16T12:19:16Z,189,0,0,0,8,16,61.3
2026-09-07,Yt1uSAQaXz8,2025-04-16T00:45:27Z,47,0,0,0,1,7,29.43
2026-09-07,AUabED30hEw,2025-04-15T15:12:51Z,95,0,0,0,4,12,37.17
2026-09-07,c2_M9MunhjI,2025-04-15T00:47:34Z,79,0,0,0,4,16,35.79
2026-09-07,shu7C6IkoWE,2025-04-14T12:18:22Z,115,0,0,0,5,14,80.84
2026-09-07,1dvZOni6DHo,2025-04-14T00:47:55Z,53,0,0,0,3,16,70.62
2026-09-07,FD5O6wmAudE,2025-04-13T12:18:51Z,83,0,0,0,3,15,47.48
2026-09-07,DPqoAO4lVsw,2025-04-13T02:11:46Z,131,0,0,0,7,14,53.010000000000005
2026-09-07,W8WYIm7c8sE,2025-04-12T12:15:49Z,79,0,0,0,4,15,84.77
2026-09-07,whyud5rF_Xk,2025-04-12T00:44:17Z,140,0,0,0,8,17,56.15
2026-09-07,upeH7p3lYTw,2025-04-11T12:18:52Z,144,0,0,0,7,20,90.99
2026-09-07,zBSSuDCgEg4,2025-04-11T00:45:44Z,60,0,0,0,4,21,72.99
2026-09-07,Jg2B9SPLvTI,2025-04-10T12:20:39Z,45,0,0,0,1,8,21.13
2026-09-07,laUk3okt-Nk,2025-04-10T00:44:23Z,70,0,0,0,3,26,84.14
2026-09-07,_7TFxr97JVQ,2025-04-09T12:19:29Z,45,0,0,0,5,24,83.52
2026-09-07,iR2C0mR60zs,2025-04-09T00:43:22Z,3,0,0,0,0,12,54.56999999999999
2026-09-07,XVyWWogVGdU,2025-04-08T12:18:39Z,61,0,0,0,2,11,55.50000000000001
2026-09-07,YjVpTGo3Q00,2025-04-08T01:17:43Z,72,0,0,0,4,13,46.06
2026-09-07,aVVeiPPLQdE,2025-04-07T12:19:05Z,41,0,0,0,0,5,23.69
2026-09-07,jvEdORakdUc,2025-04-07T00:46:41Z,93,0,0,0,4,12,46.05
2026-09-07,HyV_GfBmgmE,2025-04-06T16:39:59Z,0,0,0,0,0,0,0
2026-09-07,RJmlh-AheTQ,2025-04-06T12:16:35Z,47,0,0,0,8,94,448.36
2026-09-07,tU3rSMeXUuw,2025-04-06T00:47:58Z,51,0,0,0,2,18,54.14
2026-09-07,0sUXYOFYnUg,2025-04-05T16:50:37Z,50,0,0,0,2,11,49.97
2026-09-07,aFvQ5cF82JE,2025-04-05T00:42:56Z,40,1,0,0,1,11,41.35
2026-09-07,A4eccA916zo,2025-04-04T12:19:08Z,55,0,0,0,2,9,30.25
2026-09-07,l3_-NCoPohk,2025-04-04T00:44:25Z,51,0,0,0,1,12,46.25
2026-09-07,3u9WuhDUNtU,2025-04-03T12:19:19Z,37,0,0,0,0,5,18.52
2026-09-07,PqY6Q-C59bQ,2025-04-03T00:42:36Z,136,0,0,0,7,14,79.14
2026-09-07,aEIVU5PDM_Y,2025-04-02T12:19:24Z,72,0,0,0,2,9,35.62
2026-09-07,O9Dvzofzg4A,2025-04-02T00:45:42Z,177,1,0,0,5,11,30.79
2026-09-07,5fRSI_n5JIw,2025-04-01T12:20:46Z,0,0,0,0,0,0,0
2026-09-07,es5FZakBJhA,2025-04-01T00:50:23Z,77,0,0,0,2,8,29.65
2026-09-07,SHgrwzAXJ18,2025-03-31T14:37:48Z,190,0,0,0,9,11,48.85
2026-09-07,wWFiiMJS3aU,2025-03-31T00:45:30Z,33,1,0,0,6,12,75.88
2026-09-07,obRxtdwnJ4E,2025-03-30T12:18:17Z,39,1,0,0,3,9,37.6
2026-09-07,YNErPIYQaiQ,2025-03-30T00:47:15Z,34,0,0,0,4,10,44.34
2026-09-07,W3TZDvxUtd4,2025-03-29T12:17:47Z,12,0,0,0,3,18,52.57000000000001
2026-09-07,Zvspd5LwwKM,2025-03-29T00:43:48Z,7,0,0,0,1,13,37.83
2026-09-07,c1a4TlA0NLg,2025-03-28T12:17:12Z,5,0,0,0,0,8,61.84
2026-09-07,l34VAYFZkZI,2025-03-28T00:42:03Z,19,1,0,0,14,48,300.99
2026-09-07,N3Xhdj3gjF8,2025-03-27T12:21:00Z,19,1,0,0,3,12,56.779999999999994
2026-09-07,EDJVbBzyH88,2025-03-27T00:44:23Z,9,0,0,0,1,13,36.43
2026-09-07,mPXaXEg1RNI,2025-03-26T12:19:23Z,18,0,0,0,2,12,38.96
2026-09-07,O8SgQs2gb5s,2025-03-26T00:43:10Z,18,0,0,0,4,20,87.14
2026-09-07,D9XjF9gEgxw,2025-03-25T12:17:49Z,18,1,0,0,3,12,74.99
2026-09-07,QdKqBGyFeoI,2025-03-25T00:44:34Z,41,0,0,0,9,17,65.26
2026-09-07,Q1Mik5ASShA,2025-03-24T12:19:28Z,5,0,0,0,1,13,54.89000000000001
2026-09-07,tYB89tYADjM,2025-03-24T02:13:38Z,20,0,0,0,2,8,32.69
2026-09-07,pHF0EHiEsNg,2025-03-24T02:05:55Z,0,0,0,0,0,0,0
2026-09-07,eRClnS1LCCs,2025-03-23T01:56:16Z,15,0,0,0,2,15,71.72
2026-09-07,Ae6nHDU2LJw,2025-03-22T01:47:52Z,18,0,0,0,2,9,38.59
2026-09-07,wtfz55vyKnM,2025-03-21T01:53:13Z,6,0,0,0,1,16,50.55
2026-09-07,o6BlyEGFy3g,2025-03-20T01:49:15Z,2,0,0,0,0,21,84.44
2026-09-07,QjyB8oU6W28,2025-03-19T01:49:08Z,31,0,0,0,28,61,411.77000000000004
2026-09-07,ELm9sCQzEqY,2025-03-18T01:49:29Z,86,5,0,0,23,17,92.63
2026-09-07,vA_wqVo8ybM,2025-03-17T01:53:20Z,20,0,0,0,5,16,58.07
2026-09-07,kpP9o40QSCE,2025-03-16T15:06:00Z,21,2,0,0,4,13,45.09
2026-09-07,xuI7r8KmQC4,2025-03-15T01:46:33Z,11,0,0,0,1,9,46.8
2026-09-07,tJhCCUKC0b0,2025-03-14T01:47:07Z,11,2,0,0,1,9,45.99
2026-09-07,qBEWNVNlghs,2025-03-13T01:51:02Z,14,0,0,0,3,15,44.32
2026-09-07,4SVv53Ae1KE,2025-03-12T01:48:34Z,8,0,0,0,2,17,56.36
2026-09-07,e0cu6XoXXfY,2025-03-11T01:48:35Z,13,0,0,0,1,9,43.37
2026-09-07,WKwqH0_m7Zo,2025-03-10T17:25:22Z,16,0,0,0,2,13,44.15
2026-09-07,xf9viwThsqg,2025-03-10T01:26:07Z,1,0,0,0,0,0,0
2026-09-07,YbFbt3l-xJc,2025-03-09T01:28:22Z,0,0,0,0,0,0,0
2026-09-07,FxkfLtwKcNE,2025-03-08T20:05:09Z,3,2,0,0,0,24,202.03000000000003
2026-09-07,nLl8OoD-iCM,2025-03-08T19:58:02Z,0,0,0,0,0,0,0
2026-09-07,R0QpJvYe3ws,2025-03-08T19:35:07Z,2,1,0,0,0,18,156.44
2026-09-07,QVX-jvxkoLk,2025-03-08T19:19:02Z,0,0,0,0,0,0,0
2026-09-07,4bCG6ewJmNM,2025-03-08T17:07:15Z,2,1,0,0,0,23,65.72
2026-09-07,HJrfyL_-TXg,2025-03-08T16:51:39Z,1,0,0,0,1,76,218.67999999999998
2026-09-07,h3dcmdIDRM4,2025-03-08T01:21:07Z,0,0,0,0,0,0,0
2026-09-07,fZUa99cHfg0,2025-03-07T18:57:40Z,3,0,0,0,0,7,29.39
2026-09-07,ZV_88UU4x5o,2025-03-06T01:46:56Z,0,0,0,0,0,0,0
2026-09-07,AfhxAw2OO7Q,2025-03-05T01:48:35Z,4,0,0,0,0,8,26.85
2026-09-07,gxpql54tZ1E,2025-03-04T01:48:48Z,0,0,0,0,0,0,0
2026-09-07,QefM0oQMg3I,2025-03-03T01:49:53Z,3,0,0,0,0,12,47.04
2026-09-07,xtMA94JSxz0,2025-03-02T01:51:49Z,0,0,0,0,0,0,0
2026-09-07,yl-gQb5ghw0,2025-03-01T01:54:05Z,3,0,0,0,0,38,98.46
2026-09-07,XG0sXawBMFg,2025-02-28T01:47:51Z,1,0,0,0,0,0,0
2026-09-07,quGd2PQgO5Q,2025-02-27T16:56:20Z,0,0,0,0,0,0,0
2026-09-07,Z-xAjlSj9e4,2025-02-26T01:45:58Z,2,1,0,0,0,29,115.35
2026-09-07,sPxxvTx-T2A,2025-02-25T01:47:16Z,1,1,0,0,0,32,105.15999999999998
2026-09-07,8Ll9pxYdKcs,2025-02-24T01:48:07Z,2,0,0,0,0,11,44.07
2026-09-07,sFi-7B8vS-0,2025-02-23T01:50:09Z,3,0,0,0,0,0,0
2026-09-07,xN95DMjGp0U,2025-02-22T01:41:15Z,2,0,0,0,0,39,162.6
2026-09-07,ZK9LzMSYw-Q,2025-02-21T01:44:57Z,4,0,0,0,0,19,71.48
2026-09-07,zogEMDmfX3c,2025-02-20T01:45:19Z,0,0,0,0,0,0,0
2026-09-07,7_1OlSt7XpU,2025-02-19T03:06:18Z,1,1,0,0,0,27,104.97000000000001
2026-09-07,X6EakGRwYn8,2025-02-18T01:42:59Z,1,0,0,0,0,2,13.18
2026-09-07,rzpvm64KO8o,2025-02-17T01:46:34Z,2,0,0,0,0,0,0
2026-09-07,kNabXfqCMDs,2025-02-16T01:50:44Z,2,0,0,0,0,23,78.33
2026-09-07,V6RSbR44l84,2025-02-15T01:41:33Z,0,0,0,0,0,0,0
2026-09-07,8qctDdJ2VkY,2025-02-14T01:44:57Z,4,0,0,0,0,0,0
2026-09-07,21PzViV1IWM,2025-02-13T01:44:49Z,1,0,0,0,0,34,107.61
2026-09-07,eevzllGqXfg,2025-02-12T01:43:02Z,3,1,0,0,0,22,102.63
2026-09-07,T6VpJaGx-A0,2025-02-11T05:51:11Z,5,0,0,0,1,35,127.38000000000001
2026-09-07,ovy8uhzNckE,2025-02-10T01:45:11Z,0,0,0,0,0,0,0
2026-09-07,YwhqUzLuRMQ,2025-02-09T01:48:20Z,3,0,0,0,0,23,77.82
2026-09-07,CEJDCWfXUZI,2025-02-08T01:39:39Z,5,1,0,0,0,8,42.2
2026-09-07,-bMBiVm0myo,2025-02-07T20:23:53Z,1,0,0,0,0,18,96.64
2026-09-07,WsgDaaSrk3U,2025-02-07T01:44:07Z,1,1,0,0,0,34,111.48
2026-09-07,KCMfOKwANH4,2025-02-06T01:44:49Z,19,6,0,1,4,14,57.31
2026-09-07,Lat74n78zMs,2025-02-05T01:43:04Z,0,0,0,0,0,0,0
2026-09-07,XuCNkec8SX4,2025-02-04T16:34:05Z,19,0,0,0,3,15,81.07
2026-09-07,xQ6CrXPJM5k,2025-02-03T23:26:48Z,2,0,0,0,0,13,51.06
2026-09-07,CdEcz1EAAOg,2025-02-03T23:18:09Z,1,0,0,0,0,22,92.58
2026-09-07,mRiHLfwksz4,2025-02-02T01:46:41Z,2,1,0,0,0,35,99.99
2026-09-07,2qfxXpvdrfk,2025-02-01T01:45:34Z,13,1,0,0,1,16,86.26
2026-09-07,LoWEWRS8uGQ,2025-01-31T01:41:37Z,2,1,0,0,0,24,106.61
2026-09-07,PaaDR3GUNxs,2025-01-30T01:39:17Z,3,1,0,0,0,17,101.64999999999999
2026-09-07,V5c-0tFaJXQ,2025-01-29T01:41:39Z,15,1,0,0,2,15,56.43
2026-09-07,ArOTPV66jAs,2025-01-28T01:40:23Z,2,1,0,0,0,18,95.74
2026-09-07,W6lSWIUXEvk,2025-01-27T01:45:14Z,2,1,0,0,1,71,205.42
2026-09-07,X3voezK8ckw,2025-01-26T23:28:59Z,0,0,0,0,0,0,0
2026-09-07,eRXthPAIScE,2025-01-26T23:19:24Z,1,0,0,0,0,9,70.92
2026-09-07,P8lXctHCMgw,2025-01-25T01:30:54Z,1,0,0,0,0,5,23.58
2026-09-07,Ss39SHWOyfI,2025-01-24T19:08:25Z,0,0,0,0,0,0,0
2026-09-07,mmUNb228ljY,2025-01-22T01:44:25Z,6,0,0,0,1,22,68.39
2026-09-07,zM98d8n98hQ,2025-01-21T01:42:10Z,7,0,0,0,2,23,71.92
2026-09-07,WgdXHLit4_E,2025-01-20T01:44:16Z,2,0,0,0,0,24,68.72
2026-09-07,mcLeYiPBWWE,2025-01-19T01:47:13Z,0,0,0,0,0,0,0
2026-09-07,KghSUgPGjzU,2025-01-18T20:13:50Z,9,2,0,0,2,16,63.2
2026-09-07,hihRQIoVgiI,2025-01-18T20:04:27Z,0,0,0,0,0,0,0
2026-09-07,cZIPJo_zzTs,2025-01-18T18:17:46Z,3,0,0,0,0,10,40.05
2026-09-07,VvjWCkEjBLY,2025-01-18T18:04:26Z,1,0,0,0,0,27,107.07
