video_id,published_at,age_days,upload_slot,title,question,answers,topic,duration,views,likes,comments,residual
KghSUgPGjzU,2025-01-18T20:13:50Z,547.3,20,AskReddit Daily: What's the creepiest display of intelligence you've seen by another human?  #shorts,What's the creepiest display of intelligence you've seen by another human?,I knew a guy who worked retail and was able to memorize customer credit card numbers.  My dog pretending to be a cat when I'm mad. I will never trust that kid at my library who was doing calculus at like 12,other,PT26S,9,2,0,-1.5536977602878808
WgdXHLit4_E,2025-01-20T01:44:16Z,546.1,1,"AskReddit Daily: People who let their instrusive thoughts win once, what did you do? #shorts","People who let their instrusive thoughts win once, what did you do?","Set fire to my father's newspaper. While he was reading it. I threw a bottle out the window without thinking when driving and stopped my car to clean it up because I felt bad. I put my foot in front of the girl I liked during english class, she stumbled on it and hated me forever.",dark-morbid,PT36S,2,0,0,-2.7573724851160666
zM98d8n98hQ,2025-01-21T01:42:10Z,545.1,1,AskReddit Daily: How do you feel about Elon Musk's salutes during the inauguration?  #shorts,How do you feel about Elon Musk's salutes during the inauguration?,"Not great, Bob! It was on r/conservative — someone was actually questioning it and bringing to light how horrible it is. It’s now deleted. It was up for less than 15 min. One of the richest men in the world that has unnatural amount of influence over the US President does a Nazi salute?",other,PT32S,7,0,0,-1.7763006453675465
mmUNb228ljY,2025-01-22T01:44:25Z,544.1,1,AskReddit Daily: What are your thoughts of a Reddit wide ban of x links? #shorts,What are your thoughts of a Reddit wide ban of x links?,"My honest opinion is I’d like to see the internet become decentralized again and less monetized.  Considering I left X and the dumb site won't let me access 90% of the links without logging in, I'm all for it. I never used twitter anyway, so I am all for it.",other,PT33S,5,0,0,-2.0637389503533714
P8lXctHCMgw,2025-01-25T01:30:54Z,541.1,1,AskReddit Daily: what's something that you know you're better than 98% of people at? #shorts,what's something that you know you're better than 98% of people at?,Picking the wrong line at the grocery store. Driving trains. Better than 99.9% of people even. Making a really high pitched squeak sound in the back of my throat that makes coyotes bark back at me.,other,PT24S,1,0,0,-3.161620682574239
eRXthPAIScE,2025-01-26T23:19:24Z,539.2,23,AskReddit Daily: What did your parents have that you never will? #shorts,What did your parents have that you never will?,I will never have a son as cool as theirs. A house Kids.,nostalgia,PT13S,1,0,0,-3.1611523101064267
W6lSWIUXEvk,2025-01-27T01:45:14Z,539.1,1,AskReddit Daily: What’s an urban legend you know that’s actually true? #shorts,What’s an urban legend you know that’s actually true?,"Beast of Bodmin in the UK, apart from anything else they recently found and confirmed droppings left behind are from a big cat. It isn’t a legend yet, but as long as Old Bridge NJ exists, there will be the story of the mysteriously large dump of pasta next to a river that was labeled a terroristic act. Lotta people in this thread just posting urban legends that aren't actually true.",other,PT35S,2,1,0,-2.755662304208081
ArOTPV66jAs,2025-01-28T01:40:23Z,538.1,1,AskReddit Daily: What made you gain a significant amount of weight? #shorts,What made you gain a significant amount of weight?,"Alcohol. Unhappy relationship and no self-confidence, I thought nobody cared how I looked and started eating unhealthy comfort food Stress",health-body,PT19S,2,1,0,-2.7554170345262676
V5c-0tFaJXQ,2025-01-29T01:41:39Z,537.1,1,AskReddit Daily: What's a problem only attractive people have? #shorts,What's a problem only attractive people have?,"Having to differentiate between “are they my friend” or “are they just trying to fuck me” People pursuing you just to see if they have access. They’re rarely interested in getting to know you, they just want to experience you. The fear of, or actually losing their looks. Not much of an issue if they were never attractive to begin with.",sex-adjacent,PT28S,15,1,0,-1.0811938282845124
PaaDR3GUNxs,2025-01-30T01:39:17Z,536.1,1,AskReddit Daily: What is something you wish people in the world were less ignorant of? #shorts,What is something you wish people in the world were less ignorant of?,Basic economics. How governments function. History. So few people seem to know the human story well.,life-advice,PT17S,3,1,0,-2.467241580250956
LoWEWRS8uGQ,2025-01-31T01:41:37Z,535.1,1,AskReddit Daily: Do you shower in the morning or when you go to sleep? And why? #shorts,Do you shower in the morning or when you go to sleep? And why?,"Before bed, I don't like the feeling of dragging the day's germs into bed with me. I'm an evening shower person because I'm not getting out of bed one moment earlier than I absolutely have to. Team Both",health-body,PT23S,2,1,0,-2.7546757753502726
2qfxXpvdrfk,2025-02-01T01:45:34Z,534.1,1,"AskReddit Daily: You are asked to rename Earth, what are you calling it? #shorts","You are asked to rename Earth, what are you calling it?",The Sphere. Terra for sure Planet. It follows the same logic as ‘sun’ and ‘moon’.,other,PT19S,13,1,0,-1.213982113975638
mRiHLfwksz4,2025-02-02T01:46:41Z,533.1,1,AskReddit Daily: How are you staying positive right now? #shorts,How are you staying positive right now?,I got a really good pathology report on my melanoma. It's GONE 🤸‍♀️🤸‍♀️🤸‍♀️🤸‍♀️🤸‍♀️ Positive is negative for me.  Right this minute? I'm eating a family size bowl of mashed potatoes. Keeping my circle small and peaceful and letting go what I can’t control. I can’t control what goes on in the world but I can control how I treat others and do.,life-advice,PT36S,2,1,0,-2.754178556469725
xQ6CrXPJM5k,2025-02-03T23:26:48Z,531.2,23,AskReddit Daily: What’s a normal thing in real life Reddit just seems to hate? #shorts,What’s a normal thing in real life Reddit just seems to hate?,"Marriages where someone does a small thing wrong and it *doesn't* end in divorce. Going out of your way occasionally to be kind or courteous to someone else, even if you don't technically owe them anything, and even if it might inconvenience you. Talking to others or searching the internet to find answers",other,PT27S,2,0,0,-2.75370458521647
XuCNkec8SX4,2025-02-04T16:34:05Z,530.4,16,AskReddit Daily: What are some hidden gem subreddits that are criminally underrated? #shorts,What are some hidden gem subreddits that are criminally underrated?,r/rentnerzeigenaufdinge for German pensioners pointing at things. r/amish r/amish is still one of the best jokes on the internet.,other,PT19S,19,0,0,-0.856406468400595
Lat74n78zMs,2025-02-05T01:43:04Z,530.1,1,AskReddit Daily: What is your reason to stay alive? #shorts,What is your reason to stay alive?,"My list of people that I have to outlive at all costs is pretty long.  Pure spite I haven't really known for about 15 years now. The new monster hunter game comes out this month. That's pretty cool, I guess.",other,PT25S,0,0,0,-3.852043449462663
KCMfOKwANH4,2025-02-06T01:44:49Z,529.1,1,AskReddit Daily: What's your opinion of the 50501 protests happening right now? #shorts,What's your opinion of the 50501 protests happening right now?,"Everyone has the right to protest and should if they choose to. If I didn’t use Reddit I wouldn’t know it was even happening  Haven't seen any things on my local news about it I support it, any peaceful protest is ok with me.",politics-news,PT25S,18,6,0,-0.9073538846997855
WsgDaaSrk3U,2025-02-07T01:44:07Z,528.1,1,"AskReddit Daily: What's something that isn't therapy, but feels like therapy? #shorts","What's something that isn't therapy, but feels like therapy?","Laughing so hard with a friend that your stomach muscles ache Walking into the woods and bathing in the sunlight and coolness. There’s something about trees that gives me a sense of calm. That and petting cats and dogs. Lying on the floor, staring at the ceiling, and letting my existential crisis play like a slideshow. Surprisingly calming.",health-body,PT31S,1,1,0,-3.1583950500767966
CEJDCWfXUZI,2025-02-08T01:39:39Z,527.1,1,AskReddit Daily: How worried are you about the rise of fascism? #shorts,How worried are you about the rise of fascism?,I'm much more worried about the rise of people who don't know what fascism is. 10/10. And I’m worried about tech feudalism 12/10 It's past my bedtime & I'm awake.,other,PT20S,3,1,0,-2.464997419211733
YwhqUzLuRMQ,2025-02-09T01:48:20Z,526.1,1,AskReddit Daily: What is the scariest post you’ve stumbled upon on reddit? #shorts,What is the scariest post you’ve stumbled upon on reddit?,The man who risked damaging his cylinder Ask a rapist. Shit was demented and thoroughly scrubbed from the site. The description of how bad rabies is:,dark-morbid,PT30S,2,0,0,-2.7524262664467303
ovy8uhzNckE,2025-02-10T01:45:11Z,525.1,1,AskReddit Daily: What did you only find out about women when you got a girlfriend? #shorts,What did you only find out about women when you got a girlfriend?,"The time leading up to the period can sometimes be worse than the time on the period. You dont have to give her suggestions and solutions to her problems. She just wants to rant Skincare. I was a “put some water on my face in the morning” kind of guy. Now she’s got me using sunscreen, moisturizer, hair masks and cleanser. I’m radiant",relationships-dating,PT32S,0,0,0,-3.8507869195230553
T6VpJaGx-A0,2025-02-11T05:51:11Z,523.9,5,"AskReddit Daily: The US to stop producing pennies, what do you think? #shorts","The US to stop producing pennies, what do you think?",Canada did it 7-8 years ago.   It’s been better About time? The U.S. no longer makes any cents.,money-work,PT28S,5,0,0,-2.0587315705656546
eevzllGqXfg,2025-02-12T01:43:02Z,523.1,1,AskReddit Daily: Do you think you’re attractive? Why or why not? #shorts,Do you think you’re attractive? Why or why not?,"I'm gorgeous in mirrors, but look terrible in photos. Yes. My grandmother said I'm beautiful. I call myself “deniably handsome”. Some people find me very attractive, but it isn’t undeniable.",relationships-dating,PT22S,3,1,0,-2.463987119159425
21PzViV1IWM,2025-02-13T01:44:49Z,522.1,1,"AskReddit Daily: lets ignore the US for a second, how’s the rest of the world doing? #shorts","lets ignore the US for a second, how’s the rest of the world doing?","Portugal here. We haven't had a Political scandal in almost 48h, so I'd say we're doing pretty good. The war continues, people are dying, the shelling doesn’t stop, greetings to everyone from Ukraine It's grey in the UK. So same as usual.",politics-news,PT32S,1,0,0,-3.1568803515080646
8qctDdJ2VkY,2025-02-14T01:44:57Z,521.1,1,"AskReddit Daily: Bartenders of Reddit, what was the wildest thing you witnessed on the job? #shorts","Bartenders of Reddit, what was the wildest thing you witnessed on the job?","A lightbulb fell out of the fitting, and hit a guy on the head. He thought someone had thrown it. A massive pub brawl ensued. Obligatory not a bartender but a patron I seen a girl go from crying about her dad dying to getting finger blasted on top of the bar in the space of 5 mins I saw a guy stab our bouncer in the neck with a screwdriver. It turned out this guy had previous violent felonies. Our bouncer recovered after surgery, the guy got 20 years in jail.",other,PT39S,4,0,0,-2.240335475375847
V6RSbR44l84,2025-02-15T01:41:33Z,520.1,1,AskReddit Daily: You wake up tomorrow and the year is 2001. What do you do? #shorts,You wake up tomorrow and the year is 2001. What do you do?,"Take my wife to the oncologist. I can tell you this much, I ain’t traveling anywhere via flight waiting for 09 to invest everything in bitcoin",hypotheticals,PT20S,0,0,0,-3.849519380625673
kNabXfqCMDs,2025-02-16T01:50:44Z,519.1,1,AskReddit Daily: What’s an adult problem nobody prepared you for? #shorts,What’s an adult problem nobody prepared you for?,"How much of your time revolves around eating and/or making food; cooking, washing dishes, cleaning sinks, even just selecting what to eat - so much damn time Realising your parents are not the person you think they were as you grow older. Dust. There is dust everywhere. There is so much dust, and it accumulates so fast!",life-advice,PT30S,2,0,0,-2.750650365731639
rzpvm64KO8o,2025-02-17T01:46:34Z,518.1,1,AskReddit Daily: what do you think is the biggest scandal in human history ? #shorts,what do you think is the biggest scandal in human history ?,Plastic is good for the environment because it is recyclable. “This is premium grade copper.” Religion,politics-news,PT18S,2,0,0,-2.750395513117814
X6EakGRwYn8,2025-02-18T01:42:59Z,517.1,1,AskReddit Daily: Which profession is going to get wiped out in the next 5-10 years? #shorts,Which profession is going to get wiped out in the next 5-10 years?,"By the looks of it, being a federal employee Journalist apparently Really hoping to see real estate agents disappear in the near future",money-work,PT19S,1,0,0,-3.1556051737858053
7_1OlSt7XpU,2025-02-19T03:06:18Z,516.0,3,AskReddit Daily: What happens if the president ignores the Supreme Court? #shorts,What happens if the president ignores the Supreme Court?,"Nothing happens unless congress holds the president accountable. Theoretically, impeachment. But if Congress is unwilling to initiate the process, or unable to follow through with it, nothing happens. Susan Collins will be disappointed and might even sigh.",politics-news,PT26S,1,1,0,-3.1553337333522036
zogEMDmfX3c,2025-02-20T01:45:19Z,515.1,1,AskReddit Daily: What will Americans do if Social Security is reduced or done away with? #shorts,What will Americans do if Social Security is reduced or done away with?,"History tells us the answer is likely ""Die penniless."" Elderly people with low income will do what they did before social security - slowly die in the streets. Social Security keeps HALF of the senior population out of poverty. ",politics-news,PT26S,0,0,0,-3.848238280063361
ZK9LzMSYw-Q,2025-02-21T01:44:57Z,514.1,1,AskReddit Daily: What do you think about junk food being banned from SNAP benefits? #shorts,What do you think about junk food being banned from SNAP benefits?,What’s the definition of junk food? Like frozen pizza or meal ? Or we talking twinkies and candy? People want to control poor people rather than do anything to help them Let's ban billionaires from buying presidents first. Then we can talk about the soda pop.,other,PT27S,4,0,0,-2.2385428553673368
xN95DMjGp0U,2025-02-22T01:41:15Z,513.1,1,AskReddit Daily: What’s the greatest “one hit wonder” song of all-time? #shorts,What’s the greatest “one hit wonder” song of all-time?,Norman Greenbaum wrote *Spirit in the Sky* in just 15 minutes back in 1969 and has reportedly sustained himself solely on its royalties ever since. Haddaway - What is Love That Thing You Do,other,PT24S,2,0,0,-2.749111063557815
sFi-7B8vS-0,2025-02-23T01:50:09Z,512.1,1,AskReddit Daily: How did Trump's presidency impact your life so far? #shorts,How did Trump's presidency impact your life so far?,Waking up to some bull shit every morning and not being able to escape him or Musk anywhere on the internet. That alone is fucking torture I’m on Reddit like way too much I own a roofing company and my supplier told me they're going to have to double the price of a box of nails.,politics-news,PT26S,3,0,0,-2.461168809802241
8Ll9pxYdKcs,2025-02-24T01:48:07Z,511.1,1,"AskReddit Daily: People who are literally always late, why? #shorts","People who are literally always late, why?","I ended a friendship once because she was able to be on time for work, class, and events she planned, but never anything I planned. It was a choice she was making. I really really don’t want to be there this thread is just full of people making excuses taking no responsibility at all.",life-advice,PT27S,2,0,0,-2.7485921582937713
sPxxvTx-T2A,2025-02-25T01:47:16Z,510.1,1,"AskReddit Daily: What have you been genetically blessed with, and nerfed with? #shorts","What have you been genetically blessed with, and nerfed with?","I'm 62 with abundant hair and not a speck of gray.  A voice that was made for radio. And a face that was made for radio. When I gain weight, it goes first to my ass, hips and thighs, they get rounder and give me an overall curvy shape. Belly mostly flat. The problem is that I am a hetero male.",health-body,PT31S,1,1,0,-3.1537978228736825
Z-xAjlSj9e4,2025-02-26T01:45:58Z,509.1,1,AskReddit Daily: What membership is worth every single penny? #shorts,What membership is worth every single penny?,"Library Card - Free books, movies, and more! Costco and National Park Annual Pass Tsa Precheck. 100 bucks for 5 years is 100% worth it if you even fly once a year. Especially if that annual travel is over the holidays.",money-work,PT26S,2,1,0,-2.7480728437454376
quGd2PQgO5Q,2025-02-27T16:56:20Z,507.4,16,AskReddit Daily: What death of a famous person actually affected you most? #shorts,What death of a famous person actually affected you most?,Robin Williams :( Anthony Bourdain Alan Rickman. I was a huge fan of his since the 1980s. A superlative actor,fame-celebrity,PT19S,0,0,0,-3.846259488689029
XG0sXawBMFg,2025-02-28T01:47:51Z,507.1,1,AskReddit Daily: What’s a family secret that was revealed by a family dna history website? #shorts,What’s a family secret that was revealed by a family dna history website?,"My mom is related to a bootlegger, a horse thief, and someone named Dorkus My great grandparent was adopted and mixed race. We always thought we were just a bunch of white people. Turns out we are a little Asian too. Turns out we have the Olympic long distance running gene in our family. It allows you to run farther than a majority of the population for longer.",other,PT33S,1,0,0,-3.153015862388104
yl-gQb5ghw0,2025-03-01T01:54:05Z,506.1,1,AskReddit Daily: What are your thoughts on the Donald trump Zelenskyy conference just now? #shorts,What are your thoughts on the Donald trump Zelenskyy conference just now?,I honestly think I just watched history. This will be in school books some day If you want the long and short of it World leaders have learned two pieces of valuable information this week:,politics-news,PT39S,3,0,0,-2.4596059013994127
xtMA94JSxz0,2025-03-02T01:51:49Z,505.1,1,AskReddit Daily: How do you feel about the growing movement to boycott the USA? #shorts,How do you feel about the growing movement to boycott the USA?,"I live here and I would love to boycott this place. As an American thank you for supporting us by boycotting us!  Make MAGA hurt! I can’t blame anyone for wanting distance from the US, right now. I’m *in* the fucking US and I wish I could distance myself. I want *no part* of this Trump bullshit.",other,PT29S,0,0,0,-3.8456385090953544
QefM0oQMg3I,2025-03-03T01:49:53Z,504.1,1,"AskReddit Daily: Realistically, what happens to the US if we withdraw from NATO? #shorts","Realistically, what happens to the US if we withdraw from NATO?",The US dollar is done for. There is a reason why USD is the reserve currency of the world. Honestly it’s hard to tell but you become much weaker and a easier target for China We go from America First to America Alone.  Not a good place to be in a gutter fight.,politics-news,PT27S,3,0,0,-2.4590818157196255
gxpql54tZ1E,2025-03-04T01:48:48Z,503.1,1,AskReddit Daily: Whats a universally loved food that you secretly think is trash? #shorts,Whats a universally loved food that you secretly think is trash?,Any Oreo that isn’t Oreo flavored Any over-the-top fussy designed cake made of fondant. You need fondant to hold the shape of a lot of those ornate looks but the texture is like rubber and play-doh has more flavor. Twinkies... Why are they so damn greasy!?,other,PT26S,0,0,0,-3.8451131688042173
AfhxAw2OO7Q,2025-03-05T01:48:35Z,502.1,1,AskReddit Daily: [Breaking News] 2025 Donald Trump speech to a joint session of Congress #shorts,[Breaking News] 2025 Donald Trump speech to a joint session of Congress,"Dear God, if you smite Trump, Elon and Vance on live television tonight I will believe you exist.  Public stroke, please Will the subtitles be in Russian or English?",other,PT30S,3,0,0,-2.458555117817836
ZV_88UU4x5o,2025-03-06T01:46:56Z,501.1,1,AskReddit Daily: What is something that is stopping humanity from progressing forward? #shorts,What is something that is stopping humanity from progressing forward?,Greed Wilful ignorance. Stupidity.,other,PT13S,0,0,0,-3.8445855267004037
fZUa99cHfg0,2025-03-07T18:57:40Z,499.3,18,"AskReddit Daily: Those of you who grew up poor, what was your favorite meal? #shorts","Those of you who grew up poor, what was your favorite meal?","Toasted bread with butter and cinnamon sugar. So good. Tortilla chips with cheese melted on top What my grandma called, ""egg surprise."" She'd boil an egg and the surprise would be if it was hardboiled, softboiled, or basically raw. It was the only thing she could ""cook.""",other,PT27S,3,0,0,-2.457836529588209
h3dcmdIDRM4,2025-03-08T01:21:07Z,499.1,1,AskReddit Daily: Which show started 10/10 and ended 10/10? #shorts,Which show started 10/10 and ended 10/10?,Chernobyl by HBO Band of Brothers Mind Hunter but it just...ended.,other,PT15S,0,0,0,-3.8440601926344833
4bCG6ewJmNM,2025-03-08T17:07:15Z,498.4,17,"AskReddit Daily: People who’ve dated athletes, what was it like? #shorts","People who’ve dated athletes, what was it like?",Does a fitness model count?  This was pre-instagram.  She was a cross country skiier. Her heart rate was like 38-40 bpm She had super strong thighs. Could last forever in bed. Dated a dancer.,relationships-dating,PT35S,2,1,0,-2.745273300424379
FxkfLtwKcNE,2025-03-08T20:05:09Z,498.3,20,AskReddit Daily: What movie made you cry the first time you saw it? #shorts,What movie made you cry the first time you saw it?,The Land Before Time Up Coco,other,PT12S,3,2,0,-2.457558371829627
YbFbt3l-xJc,2025-03-09T01:28:22Z,498.1,1,AskReddit Daily: What’s a sign that someone is way smarter than they let on? #shorts,What’s a sign that someone is way smarter than they let on?,"People who ask perceptive questions, which show a deep and considered comprehension of what's being said and meant, and how this interacts with the wider picture. Very quick wit. You have to be smart to process and deliver. The fact that they're not letting on how smart they are.  ",other,PT31S,0,0,0,-3.8437930175912545
xf9viwThsqg,2025-03-10T01:26:07Z,497.1,1,AskReddit Daily: What is a dead giveaway that someone finds you attractive? #shorts,What is a dead giveaway that someone finds you attractive?,They focus more on you in a group of people Women tend to get physically touchy. Physical touch they don't normally give others,relationships-dating,PT20S,1,0,0,-3.15037988141196
WKwqH0_m7Zo,2025-03-10T17:25:22Z,496.4,17,"AskReddit Daily: Doctors of Reddit, what do we *not* know about the human body? #shorts","Doctors of Reddit, what do we *not* know about the human body?","One of the few ABSOLUTES in medical science is that nobody born blind has ever developed schizophrenia. OBGYN here: we still don’t know exactly what makes labor start. We know all about the mechanics and physiology, but we don’t know what makes the average uterus say it’s “go time.” There's still *a lot* about the immune system that's undiscovered",other,PT31S,16,0,0,-1.0101359781600037
e0cu6XoXXfY,2025-03-11T01:48:35Z,496.1,1,AskReddit Daily: What’s a modern trend you hope disappears in the next 5 years? #shorts,What’s a modern trend you hope disappears in the next 5 years?,"Subscription services for everything, just allow me to buy it once! Subscriptions for features in cars Treating politicians like Celebrities instead of Public servants.",other,PT21S,13,0,0,-1.2041986560101674
4SVv53Ae1KE,2025-03-12T01:48:34Z,495.1,1,"AskReddit Daily: What did you think would never happen to you, until it did? #shorts","What did you think would never happen to you, until it did?","A flock of birds shit on me. And they missed everyone else standing nearby. Found out I was the guy in the friend group everyone kept around as a joke and to mess around with. I really thought they cared about me, and I loved them.  Cancer. I was a health food nut. Turned out it was from 9/11. Oh yeah. And witnessing 9/11.",other,PT31S,8,0,0,-1.6457639565528157
qBEWNVNlghs,2025-03-13T01:51:02Z,494.1,1,AskReddit Daily: People who have ‘rage quit’ a job on the spot—what happened? #shorts,People who have ‘rage quit’ a job on the spot—what happened?,"I told my boss I was miscarrying and needed to go to the hospital. She said I needed to wait until the end of my shift. I was a receptionist for a real estate agency. I walked out and never came back. My boss wanted my coworker to come to work the day after her best friend got murdered. I quit so we couldn't open. I fell and cracked my head open, the following day they accused me of doing it on purpose",money-work,PT35S,14,0,0,-1.1346698776279536
tJhCCUKC0b0,2025-03-14T01:47:07Z,493.1,1,AskReddit Daily: What's an underrated pizza topping? #shorts,What's an underrated pizza topping?,Roasted garlic Banana peppers Sun Dried tomatoes. They crisp up and get awesome and are a punch of flavour when you get one. 10/10.,other,PT21S,11,2,0,-1.3575456205345438
xuI7r8KmQC4,2025-03-15T01:46:33Z,492.1,1,AskReddit Daily: What's a 'modern convenience' that actually made your life harder? #shorts,What's a 'modern convenience' that actually made your life harder?,Just let me use the website! I hate having to download a damn app for everything. Constantly being available to contact Scanning QR code to access the menu and order the food,other,PT21S,11,0,0,-1.3572766432701888
kpP9o40QSCE,2025-03-16T15:06:00Z,490.5,15,AskReddit Daily: If you could visit your teenage self for 10 seconds what would say ? #shorts,If you could visit your teenage self for 10 seconds what would say ?,WOULD NOT MATTER. “Go to a cardiologist. You have an undiagnosed congenital heart condition and will be asymptomatic until it is almost too late.” You have ADD and should get on meds now,hypotheticals,PT29S,20,2,0,-0.7972412960308541
vA_wqVo8ybM,2025-03-17T01:53:20Z,490.1,1,AskReddit Daily: People who don't want children what is your biggest reasons? #shorts,People who don't want children what is your biggest reasons?,"Because the desire is simply not there, and I can’t think of anything more selfish than just having them anyway. Kids deserve to be wanted. Because I saw how exhausted parents look I was parentified as a child. Ive already raised many children. My time is for me now and reparenting myself.",relationships-dating,PT28S,20,0,0,-0.7971197707543003
ELm9sCQzEqY,2025-03-18T01:49:29Z,489.1,1,"AskReddit Daily: People who have stopped going to church, what made you stop? #shorts","People who have stopped going to church, what made you stop?",I stopped being forced to go. Holier than thou pastor was screwing his secretary for years while married. They seemed to want money more than anything else.,life-advice,PT19S,85,5,0,0.6129750977880248
QjyB8oU6W28,2025-03-19T01:49:08Z,488.1,1,AskReddit Daily: What’s one “type” you’ll never date again? #shorts,What’s one “type” you’ll never date again?,Alcoholic “Intellectuals” who never admit they’re wrong about anything emotionally avoidant,relationships-dating,PT15S,26,0,0,-0.5452641112053311
wtfz55vyKnM,2025-03-21T01:53:13Z,486.1,1,AskReddit Daily: What are signs that a person genuinely is unintelligent? #shorts,What are signs that a person genuinely is unintelligent?,"Consistently failing to grasp basic logic, refusing to consider new information, or making the same poor decisions repeatedly despite evidence. They don’t want to understand and/or learn. Inability to see a problem or scenario from another person’s point of view. ",life-advice,PT32S,5,0,0,-2.0487964889383266
Ae6nHDU2LJw,2025-03-22T01:47:52Z,485.1,1,"AskReddit Daily: What ""little"" thing made you recognize you were an alcoholic? #shorts","What ""little"" thing made you recognize you were an alcoholic?","When I realized I ‘needed’ a drink to do basic adulting… like laundry or answering emails. When I started lying about it and hiding bottles Drinking 2 or 3 bottles of wine a night. If there wasn't any in the house, I would start crying.",other,PT25S,18,0,0,-0.8958450293152587
eRClnS1LCCs,2025-03-23T01:56:16Z,484.1,1,"AskReddit Daily: Which celebrity gives you ""I sold my soul to the devil"" vibes? #shorts","Which celebrity gives you ""I sold my soul to the devil"" vibes?","Tom Cruise, but the devil is Scientology Jeff Bezos. Dude went from looking like a nerdy bookstore owner to a **Lex Luthor final form** real quick. Kenneth Copeland. It’s kinda obvious.",other,PT22S,14,0,0,-1.1319586840504585
tYB89tYADjM,2025-03-24T02:13:38Z,483.0,2,"AskReddit Daily: How do you feel about DOGE slashing the IRS workforce by 20% (18,000 jobs)? #shorts","How do you feel about DOGE slashing the IRS workforce by 20% (18,000 jobs)?",Just waiting for taxes to go down due to all of this efficiency. It's very obvious that this is a move to prevent them being able to audit complicated cases Sounds like it’s time for my taxes to get creative.,politics-news,PT25S,20,0,0,-0.7952090432654821
Q1Mik5ASShA,2025-03-24T12:19:28Z,482.6,12,"AskReddit Daily: Which fictional ""happily ever after"" couple definitely breaks up, and why? #shorts","Which fictional ""happily ever after"" couple definitely breaks up, and why?","Ms. Piggy and Kermit the Frog have some red flags in their relationship. Ted and Robin, from HIMYM, for many obvious reasons Sandra Bullock and Keanu Reeves at the end of Speed. A relationship built on adrenaline and PTSD.",hypotheticals,PT25S,5,0,0,-2.0478565226394694
QdKqBGyFeoI,2025-03-25T00:44:34Z,482.1,0,AskReddit Daily: What’s one thing your dad said to you that you’ll never forget? #shorts,What’s one thing your dad said to you that you’ll never forget?,"You can always come back home. ""Go ahead and call the cops. If I'm going to jail, I'm going for a reason. I'll end you in the five minutes it takes them to get here."" If you see someone without a smile give them yours.",nostalgia,PT27S,41,0,0,-0.10180419813201125
D9XjF9gEgxw,2025-03-25T12:17:49Z,481.6,12,"AskReddit Daily: If you can only eat 1 fruit for the rest of your life, what would it be ? #shorts","If you can only eat 1 fruit for the rest of your life, what would it be ?",Strawberries! Raspberries Are grilled cheese sandwiches a fruit?,hypotheticals,PT17S,18,1,0,-0.8949024183958523
O8SgQs2gb5s,2025-03-26T00:43:10Z,481.1,0,"AskReddit Daily: People who don’t hit snooze in the morning, what is your secret? #shorts","People who don’t hit snooze in the morning, what is your secret?","I just set my alarm for the exact time I need to wake up. It’s called living on the edge. I have a 5 year old human alarm clock who does not have a snooze function, sadly As soon as my eyes open, I am just awake.",life-advice,PT24S,18,0,0,-0.8947599000920881
mPXaXEg1RNI,2025-03-26T12:19:23Z,480.6,12,"AskReddit Daily: People who don’t hit snooze in the morning, what is your secret? #shorts","People who don’t hit snooze in the morning, what is your secret?",I just set my alarm for the exact time I need to wake up. It’s called living on the edge. It just makes it worse. No amount of snoozes ever feels any better.  Hearing the alarm again in 10 minutes is more annoying than just getting up.,life-advice,PT31S,18,0,0,-0.8946266379969812
EDJVbBzyH88,2025-03-27T00:44:23Z,480.1,0,AskReddit Daily: What’s a common mistake people make when building their own home? #shorts,What’s a common mistake people make when building their own home?,"Underspending on the things that are hard to later change (insulation, air sealing, mechanical, framing, windows, etc). Not thinking about the practical side of construction. 1. Not coordinating with an interior designer. Not leaving enough budget for landscaping.  Not understanding wind and sun exposure.  Not focusing enough on lighting.",money-work,PT36S,9,0,0,-1.5363377759506713
N3Xhdj3gjF8,2025-03-27T12:21:00Z,479.6,12,AskReddit Daily: What job requires high Tolerance for getting yelled at? #shorts,What job requires high Tolerance for getting yelled at?,Call center / Customer service Social workers and teachers—By parents or by the children they are helping.  the nicer the restaurant the angrier the chef in my experience so i say professional cook,other,PT22S,19,1,0,-0.8430569785879318
l34VAYFZkZI,2025-03-28T00:42:03Z,479.1,0,AskReddit Daily: What’s a sign that someone was a bully in the past? #shorts,What’s a sign that someone was a bully in the past?,They still are one. They are a real estate agent They message you on social media for their MLM scheme.,other,PT16S,19,1,0,-0.8429146910853893
c1a4TlA0NLg,2025-03-28T12:17:12Z,478.6,12,"AskReddit Daily: What is the worst response to ""Are you cheating on me?""? #shorts","What is the worst response to ""Are you cheating on me?""?","""Define cheating"" Technically no. “I wish”",relationships-dating,PT13S,5,0,0,-2.0467538820771423
Zvspd5LwwKM,2025-03-29T00:43:48Z,478.1,0,AskReddit Daily: What is something more traumatizing than people realize? #shorts,What is something more traumatizing than people realize?,"overprotective upbringings, many children live with deep rooted self limiting beliefs that impact their careers and lives Being laid off. After it happens once, you fear for the loss of your future jobs at all times. An infestation of any kind in your home. ",dark-morbid,PT35S,7,0,0,-1.7589281570154998
W3TZDvxUtd4,2025-03-29T12:17:47Z,477.6,12,AskReddit Daily: What is something more traumatizing than people realize? #shorts,What is something more traumatizing than people realize?,"Being laid off. After it happens once, you fear for the loss of your future jobs at all times. An infestation of any kind in your home.  overprotective upbringings, many children live with deep rooted self limiting beliefs that impact their careers and lives",dark-morbid,PT35S,12,0,0,-1.2732866727775893
YNErPIYQaiQ,2025-03-30T00:47:15Z,477.1,0,AskReddit Daily: What are examples of ‘being picked last in gym class’ as an adult? #shorts,What are examples of ‘being picked last in gym class’ as an adult?,Finding out your “friends” went out on the town. They never called or texted. Being sat at the randoms table at a wedding When everyone goes out for walk/coffee/lunch at work and no one asking if you want to join.,life-advice,PT24S,34,0,0,-0.28274346205634204
obRxtdwnJ4E,2025-03-30T12:18:17Z,476.6,12,AskReddit Daily: How is life 5 years after COVID? Are you better or worse off? #shorts,How is life 5 years after COVID? Are you better or worse off?,"I still feel like 2017 was 3 years ago Better. Covid made remote work a common thing. Thanks to that I was able to move abroad to a much nicer place and find a better paying job. I'm doing great. My country sure isn't, though.",other,PT26S,39,1,0,-0.1490786896748264
wWFiiMJS3aU,2025-03-31T00:45:30Z,476.1,0,AskReddit Daily: Which celebrity creeps you out? #shorts,Which celebrity creeps you out?,Kanye .. dude is not well Mr. Beast Jared Leto. No way this guy doesn't have a docu series on him in the next decade.,other,PT17S,33,1,0,-0.3114532439932747
SHgrwzAXJ18,2025-03-31T14:37:48Z,475.5,14,AskReddit Daily: Trump says he's not joking about a 3rd term. How do you feel about that? #shorts,Trump says he's not joking about a 3rd term. How do you feel about that?,HE TOLD YOU HE WAS GONNA He thinks he can do whatever he wants because nobody is holding him accountable. Imagine if Obama came out and said this. Conservatives would start a civil war.,politics-news,PT23S,190,0,0,1.4146206595545974
es5FZakBJhA,2025-04-01T00:50:23Z,475.1,0,AskReddit Daily: What did the weird kid at your school do to earn that reputation? #shorts,What did the weird kid at your school do to earn that reputation?,He used to sit in puddles to get sent home. Then the school realised and stopped sending him home. He carried on regardless. Kicked his wooden clogs at kids that bullied him for wearing clogs.  He wore a suit to school. Skaters made fun of him. He blew up one of the kids lockers,other,PT29S,77,0,0,0.5191746813913465
O9Dvzofzg4A,2025-04-02T00:45:42Z,474.1,0,"AskReddit Daily: Doctors, what’s is the scariest thing a patient has ever done/said? #shorts","Doctors, what’s is the scariest thing a patient has ever done/said?","A patient once looked at me with a completely calm face and said, ‘I know you’re trying to help me, but I’m going to die today. I’ve made peace with it, and you can’t stop it. Had a patient who had just had a major surgery throw himself out of bed because Freddy Krueger told him to do so. He was on a ketamine drip for pain management at the time. ""I can see death standing behind you""",health-body,PT38S,177,1,0,1.3445277622188545
aEIVU5PDM_Y,2025-04-02T12:19:24Z,473.6,12,AskReddit Daily: What screams “irresponsible” in your 30s? #shorts,What screams “irresponsible” in your 30s?,"Posting all your business and drama on social media. Keep that off the internet. Being so afraid of divorce, they have a baby to fix a marriage. Some folks I know are on baby #3 to push off divorce #1. Me reading this in my 20s to learn from others lol",life-advice,PT27S,72,0,0,0.4533383951822496
PqY6Q-C59bQ,2025-04-03T00:42:36Z,473.1,0,"AskReddit Daily: As a left handed person, what struggles do you have if any? #shorts","As a left handed person, what struggles do you have if any?",It was those darn spiral notebooks back during my school days. Writing I think. My hand side would pick up ink scissors,other,PT18S,135,0,0,1.0756783487560577
3u9WuhDUNtU,2025-04-03T12:19:19Z,472.6,12,AskReddit Daily: What do you think about Corey Booker  speaking for  24 hours at the senate? #shorts,What do you think about Corey Booker  speaking for  24 hours at the senate?,Pretty remarkable physical feat if nothing else. People are talking about it which was his point in doing it. Other elected Democrat officials take note:  it's better than just sitting there insider trading while doing **NOTHING** to oppose Trump's agenda.  Symbolic gestures matter too!,politics-news,PT27S,37,0,0,-0.19925476332424896
l3_-NCoPohk,2025-04-04T00:44:25Z,472.1,0,AskReddit Daily: Who do you have absolutely no sympathy for? #shorts,Who do you have absolutely no sympathy for?,"People who prey on elderly people, whether it is through scams, theft, violence, or whatever. Anyone who abuses animals. I worked at a shelter for 3 years and the things I've seen... Let's just say some people don't deserve second chances. child molesters",other,PT26S,49,0,0,0.0753272676997696
A4eccA916zo,2025-04-04T12:19:08Z,471.6,12,AskReddit Daily: Which profession gets way too much respect for how little they actually do? #shorts,Which profession gets way too much respect for how little they actually do?,"Influencers This is peak reddit. All of the top answers are the most commonly disrespected professions on reddit. Hedge Fund Managers, they charge large management fees, and many have minimum investment requirements and yet none of them can consistently beat dirt-cheap index fund investments year over year.",money-work,PT30S,55,0,0,0.18879146438258587
aFvQ5cF82JE,2025-04-05T00:42:56Z,471.1,0,AskReddit Daily: What’s a sign that someone’s been through a lot? #shorts,What’s a sign that someone’s been through a lot?,"They go out of their way to not have to rely on others I think the only major sign I can think of is that they expect something bad to happen again. They could be any personality or background, but people never forget, and they live their lives preparing. when they just don't have the energy to deal with people anymore",life-advice,PT28S,40,1,0,-0.12284292033706157
0sUXYOFYnUg,2025-04-05T16:50:37Z,470.4,16,How do you feel about Tesla stock losing 100 billion (33.5%) since Trump took office ? #shorts,How do you feel about Tesla stock losing 100 billion (33.5%) since Trump took office ?,"If Tesla was valued like a normal car company, it's still valued 10x what it should be. Keep it goin' When it comes to Musk empathy is a weakness.",money-work,PT23S,50,0,0,0.09559984047546122
tU3rSMeXUuw,2025-04-06T00:47:58Z,470.1,0,What do you do to make the world a better place? #shorts,What do you do to make the world a better place?,"Honestly? I just try not to make it worse. Be kind to people, pick up after myself, vote, and mind my own business. It’s not revolutionary but it adds up. I fight health insurance companies to overturn denials and get hospitals (and by extension their patients) paid. I make stuff that's inaccessible more accessible so people with disabilities can have jobs and independence.",life-advice,PT34S,51,0,0,0.11511135408723705
RJmlh-AheTQ,2025-04-06T12:16:35Z,469.6,12,What is a pain you can't truly explain until you've endured it? #shorts,What is a pain you can't truly explain until you've endured it?,depression. its leagues different from just being sad. you can never really explain the feeling to someone whos never experienced it The death of a spouse. Sciatic nerve pain,other,PT21S,47,0,0,0.0352035397756314
jvEdORakdUc,2025-04-07T00:46:41Z,469.1,0,"What's your ""I'm calling it now"" prediction? #shorts","What's your ""I'm calling it now"" prediction?","In about 10 years there is going to be a surge of ""tell all"" documentaries and lawsuits surrounding the exploited children of family vloggers My cat will jump on my lap shortly.  I think Kanye is going to fake his own death within two years. ",hypotheticals,PT28S,93,0,0,0.7074444048841233
aVVeiPPLQdE,2025-04-07T12:19:05Z,468.6,12,"You just passed away, and allowed to be reborn but not as a human, what do you wanna be? #shorts","You just passed away, and allowed to be reborn but not as a human, what do you wanna be?",A house cat of a childless or empty nest woman. You want for nothing A golden retriever in an upper-middle class suburban family. Orca or some big whale. Exploring the ocean would be dope af,hypotheticals,PT24S,39,0,0,-0.14683499938255107
YjVpTGo3Q00,2025-04-08T01:17:43Z,468.1,1,What was your absolute favorite video game growing up? #shorts,What was your absolute favorite video game growing up?,"Unreal Tournament (1999). So much fun, so many hours wasted... Golden Eye 007 Rollercoaster Tycoon, Unreal Tournament, Age of Empires II and Civilization III. Thats years of my life right there.",other,PT29S,72,0,0,0.454898006565867
XVyWWogVGdU,2025-04-08T12:18:39Z,467.6,12,"What improved your quality of life so much, you wish you did it sooner? #shorts","What improved your quality of life so much, you wish you did it sooner?","Go for a walk. Every day. Your mood will improve, just being outside. Saying “no” without an essay attached. Cutting loose friends who were never really friends",life-advice,PT21S,61,0,0,0.29170297745542983
iR2C0mR60zs,2025-04-09T00:43:22Z,467.1,0,"Men, what did you find out about women when you got a girlfriend? #shorts","Men, what did you find out about women when you got a girlfriend?","If she asks if you want ice cream, she wants ice cream and wants you to say yes so that she can get ice cream. Most women need iron. Their shirts button on the other side. This blew my mind.",relationships-dating,PT23S,3,0,0,-2.4489903835753735
_7TFxr97JVQ,2025-04-09T12:19:29Z,466.6,12,What gendered double standard do you hate the most? #shorts,What gendered double standard do you hate the most?,"""Men should spend more time with their kids"" It really bothers me when only the women's restroom will have one of those baby changing stations in it. That men who enjoy being around children are pedophiles while women are motherly and loving.",other,PT29S,45,0,0,-0.0065061095844494155
laUk3okt-Nk,2025-04-10T00:44:23Z,466.1,0,"What was your ""I can't believe I have to explain this to an adult"" moment? #shorts","What was your ""I can't believe I have to explain this to an adult"" moment?","I had to explain to a friend of a friend that wind is not created by tree leaves rustling together vigorously. To do this task without showing the outright judgment on my face was near impossible. If you put on someone else's glasses, they are not wrong because YOU can't see out of them.  They aren't made for you. Yes, Brazil is a real country.",life-advice,PT32S,70,0,0,0.42767938473182276
Jg2B9SPLvTI,2025-04-10T12:20:39Z,465.6,12,Who’s the most famous person you’ve ever met and how’d it go? #shorts,Who’s the most famous person you’ve ever met and how’d it go?,"Walton Goggins- Kinda shy but very friendly. Was working outdoors and thanked my coworker and I for coming out, and asked how we were holding up in the cold. Tom Waits made my sister eggs once. She was a teen around the same time as his son and ended up at his house for a party once. I’ve met many many many famous people through my old job. But the absolute nicest I ever met was Vincent Price. An absolute warm, kind, friendly man.",other,PT38S,45,0,0,-0.0062215327466867976
zBSSuDCgEg4,2025-04-11T00:45:44Z,465.1,0,"Women, what did you find out about men when you got a boyfriend? #shorts","Women, what did you find out about men when you got a boyfriend?",sometimes they really do just be thinking about nothing They would rather break both of their arms than bring the groceries in multiple trips. That they will sit on the juiciest piece of gossip but when you ask for details they know NOTHING. What do you mean you didn't ask every single little detail?!,relationships-dating,PT30S,60,0,0,0.2761583011534614
upeH7p3lYTw,2025-04-11T12:18:52Z,464.6,12,What is a medical condition more serious than people realize? #shorts,What is a medical condition more serious than people realize?,"Sleep apnea. It's not just snoring PTSD Rheumatoid arthritis. It attacks more than joints. And, the medications have horrible side effects.",health-body,PT22S,144,0,0,1.142155417962492
whyud5rF_Xk,2025-04-12T00:44:17Z,464.1,0,"Private Investigators, what was the most disturbing case you've gotten? #shorts","Private Investigators, what was the most disturbing case you've gotten?","a bit funny that so far not a single PI has commented, three comments even start exactly the same ""not a PI"" Upvoting because I am intrigued to hear the answers I feel like there's a tattered old book in a second hand store somewhere called Stolen Baby. Perfect title for a pulpy true story nonsense written by someone called Ruby Arsenic or something.",dark-morbid,PT32S,137,0,0,1.0928231099827097
W8WYIm7c8sE,2025-04-12T12:15:49Z,463.6,12,What’s a basic skill you’re shocked some adults still don’t know? #shorts,What’s a basic skill you’re shocked some adults still don’t know?,How to admit when they're wrong. Turning off notifications instead of complaining about them. Washing hands after using the toilet.,life-advice,PT18S,79,0,0,0.5477332759829254
DPqoAO4lVsw,2025-04-13T02:11:46Z,463.0,2,Who is the worst traitor in human history? #shorts,Who is the worst traitor in human history?,Ephialtes of Trachis. He allegedly showed the Persians the mountain path so that they could defeat the Spartans at Thermopylae. Robinhood app Quisling was pretty bad https://en.m.wikipedia.org/wiki/Vidkun_Quisling,dark-morbid,PT27S,131,0,0,1.0486746259249262
FD5O6wmAudE,2025-04-13T12:18:51Z,462.6,12,What's legally wrong but morally right? #shorts,What's legally wrong but morally right?,"Hiding Anne Frank Pirating unavailable movies/abandonware games or software. No one's getting any money except resellers anyway, why should you care? Removing an animal from an abusive or neglectful situation. In most places, they're considered property, so it's stealing to take them without owner permission. But no animal should suffer needlessly.",other,PT32S,83,0,0,0.5968102302441602
1dvZOni6DHo,2025-04-14T00:47:55Z,462.1,0,What's something you'd never buy even if it was discounted by 99.99%? #shorts,What's something you'd never buy even if it was discounted by 99.99%?,I wouldn't buy a live rhino even if it was discounted by 99.99%. Reddit gold Gas station sushi,other,PT23S,53,0,0,0.15512659336119983
shu7C6IkoWE,2025-04-14T12:18:22Z,461.6,12,What’s something that screams “I’m pretending to be rich”? #shorts,What’s something that screams “I’m pretending to be rich”?,Their cars are worth more than their homes. Always flexing in social media They brag about how much money they have and/or valuable things that they own.,money-work,PT18S,115,0,0,0.9198703333270082
c2_M9MunhjI,2025-04-15T00:47:34Z,461.1,0,What’s a personal internet hack you use that makes life easier but isn’t widely known ? #shorts,What’s a personal internet hack you use that makes life easier but isn’t widely known ?,"Ctrl+Shift+t   I always complete my emails and look over them before I put the destination email addresses in. Prevents me from accidentally sending something I don’t want to send. Use [https://cooked.wiki/](https://cooked.wiki/) to view just recipes -- skip the long, meandering essay that leads up to what you really want. It's like a super-power.",other,PT46S,79,0,0,0.5484562420064969
AUabED30hEw,2025-04-15T15:12:51Z,460.5,15,"Conservatives of reddit, what are your thoughts on Kilmar Abrego Garcia being deported? #shorts","Conservatives of reddit, what are your thoughts on Kilmar Abrego Garcia being deported?","You need to make this post flared users only if you want any conservatives to show up You can just read r/conservative, they're thrilled trump can effectively dissappear anyone he wants with the victim having zero recourse. My dad thinks it’s fake news and won’t listen to anything negative about Trump. If I ask him to research it he tells me no. Fun times.",other,PT34S,95,0,0,0.7309506325046242
Yt1uSAQaXz8,2025-04-16T00:45:27Z,460.1,0,What motivates you to be nice and kind to people? #shorts,What motivates you to be nice and kind to people?,"It’s the world I want to live in. I believe in doing the right thing. Theres no motivation, its the bare minimum required of you as a person to function in a society It takes far less energy to be kind than it does to have confrontations, so I guess I’m just lazy.",life-advice,PT26S,47,0,0,0.03791794844507734
-P85g9OoT74,2025-04-16T12:19:16Z,459.6,12,What celebrities generally perceived as “nice” have actually done awful things? #shorts,What celebrities generally perceived as “nice” have actually done awful things?,"A surprising number of people think Mark Wahlberg is a good guy, and he very much is not Paul Walker was dating a 15 yr old  ""Weird"" Al Yankovic is an admitted masticator.",fame-celebrity,PT27S,189,0,0,1.4138798772222856
0XQnsZrXjn4,2025-04-17T00:42:48Z,459.1,0,What's the first game you spent hundreds of hours on? #shorts,What's the first game you spent hundreds of hours on?,The sims. Roller coaster tycoon Runescape.,other,PT13S,36,0,0,-0.2220773022815803
6Tbs7lNSTQU,2025-04-17T12:19:31Z,458.6,12,What is the most expensive hobby you've ever had? #shorts,What is the most expensive hobby you've ever had?,Car enthusiast.  I crew on a racing sailboat.  It is relatively cheap. Horses,money-work,PT24S,52,1,0,0.13743645023439477
DzUDd9GV8v8,2025-04-18T00:44:31Z,458.1,0,What was the final straw that ended a lifelong friendship? #shorts,What was the final straw that ended a lifelong friendship?,"He had the gall to unexpectedly die on me. He kept having kids with different girls then bailing on them. I just couldn't watch it anymore.  he was bangin' my wife for 3 years, and had the temerity to say that it was my fault.",other,PT31S,102,0,0,0.802023124689486
dqnzyOGZ3aI,2025-04-18T12:18:52Z,457.6,12,"What's something that girls think is embarrassing, but guys don't actually care about? #shorts","What's something that girls think is embarrassing, but guys don't actually care about?","Being at a party and wearing the same outfit as someone else. Acne. I used to date someone who would cancel if she thought she had a pimple that was too bad, when tbh, idgaf and have never once thought about someone else’s acne Do not underestimate the lack of awareness of men.",other,PT30S,89,0,0,0.6672433879820376
oCmJ_bk3BvM,2025-04-19T00:44:37Z,457.1,0,Medical workers of Reddit: what’s the craziest lab result you’ve seen in a patient? #shorts,Medical workers of Reddit: what’s the craziest lab result you’ve seen in a patient?,"Blood pressure of 280/186 on a pregnant patient in the field (I’m an EMT). Terrifying. Not a lab, but I had a patient walk in for an EEG. We chatted the whole time. Super nice. Start the EEG. They were having a seizure every 30-40 seconds and had no idea. They drove there. A sodium of 555. Yes you read it right. We looked at him. He replied “I don’t feel so good.” And dropped dead. I’ll never forget it as long as I live.",health-body,PT43S,90,0,0,0.678443301911483
iP1DR_4yBDU,2025-04-19T12:17:41Z,456.6,12,What is the first thing you’d buy if you get filthy rich tomorrow? #shorts,What is the first thing you’d buy if you get filthy rich tomorrow?,A home A United States Senator. At least 10 acres of land in the mountains.,money-work,PT21S,44,0,0,-0.025614086780572087
KyiYdze_V-g,2025-04-20T00:47:33Z,456.1,0,What is more traumatic than people think? #shorts,What is more traumatic than people think?,"Chronic pain. It destroys your personality slowly. Effects of bullying on the brain Having emotionally abusive parents, and in turn, not having a ""support system"" into adulthood.",dark-morbid,PT21S,69,1,0,0.4163699025716463
LbiHcD1PyjM,2025-04-20T06:27:20Z,455.9,6,What screams “I’m a narcissist” when you interact with people? #shorts,What screams “I’m a narcissist” when you interact with people?,"Never ask anyone a single question, just endless monologue When they never take accountability for what they've done and blame you instead Not being able to take the slightest form of criticism",other,PT22S,77,0,0,0.5246520733670836
epOHwc8AkZw,2025-04-20T12:18:28Z,455.6,12,"What screams ""I'm an attention seeker""? #shorts","What screams ""I'm an attention seeker""?","I had an old roommate who would often stand in the middle of our common area and sob until one of us asked her what was wrong. People recording themselves crying and uploading it to sm Checking in on Facebook to a hospital and replying ""I'll text you hun"" to people who reply.",other,PT26S,102,2,0,0.8027431493993729
ZVHhWsZAEUM,2025-04-21T00:48:25Z,455.1,0,You just won $10 million but can’t quit your job. What’s the first thing you do? #shorts,You just won $10 million but can’t quit your job. What’s the first thing you do?,Make them sack me Money has been keeping me up so the first thing I would do is get a good night's sleep. Buy a new home and put the rest away for my kids' futures. My salary would cover daily living.,hypotheticals,PT24S,71,0,0,0.44483186642110084
FYOfw1Zz_Yw,2025-04-21T12:20:31Z,454.6,12,"whats the male equivalent of a ""pick-me girl""? #shorts","whats the male equivalent of a ""pick-me girl""?","The dudes who pretend to be feminist to get validation but they're really scary controlling misogynists.  The ""where my hug at"" dudes The blokes who have to one-up everything you say. You did a 10km run? They did a 20km. You caught a big flathead? They caught a HUGE flathead. They can't handle anyone to seem better than themselves.",other,PT30S,88,1,0,0.6569421642348829
GjDII9Fkrqk,2025-04-22T00:44:56Z,454.1,0,What’s a “cheat code” you discovered in real life that actually works? #shorts,What’s a “cheat code” you discovered in real life that actually works?,People think I'm a genius because I read the manual Drink water more often and your life will be better Listen. Just listen. People love to talk and you will learn a lot about who people really are. Whether that's positive or negative.,life-advice,PT25S,74,0,0,0.4859447068304905
sr2V6XXheAs,2025-04-22T12:18:44Z,453.6,12,What do you regret doing to your body? #shorts,What do you regret doing to your body?,"Not exercising and not going to the dentist for 7 years. Wish I would’ve wore my retainer after getting my braces off. Being ashamed for it. I could have loved it for my whole life, without caring for others opinions.",other,PT22S,56,0,0,0.2116485609848775
0_hnbylTTBg,2025-04-23T00:45:24Z,453.1,0,What silently destroyed society? #shorts,What silently destroyed society?,probably the idea that being constantly busy means you're doing well in life. Social media Private equity firms,dark-morbid,PT16S,153,1,0,1.2057014836233497
ofnLcJI_STU,2025-04-23T12:19:57Z,452.6,12,Who is a villain that was 100% right ? #shorts,Who is a villain that was 100% right ?,"The Boyfriend from Bee Movie, imagine your GF dumping you for a tiny little bee. Mr. Freeze from Batman and Robin. He wanted to end global warming by collaborating with Poison Ivy, who wanted to plant a lot of trees. Tom the cat.  Jerry was invading his house, he was just doing his job!",other,PT28S,55,0,0,0.19424173510837495
xvqqvyp6XYw,2025-04-24T00:44:52Z,452.1,0,"What is your best ""I say it wrong on purpose"" example? #shorts","What is your best ""I say it wrong on purpose"" example?","Always say ""as they say in France"" then say the phrase in Spanish.  Some odd reason it ticks people off. It takes a child to raise a village I call the Nintendo switch a Gameboy but I also call the steam deck a Gameboy. Basically any hand held console is a Gameboy.",other,PT26S,71,0,0,0.4457077305638233
dUZwxBwl_mo,2025-04-24T12:20:22Z,451.6,12,What’s a completely harmless secret that you keep from your partner? #shorts,What’s a completely harmless secret that you keep from your partner?,"I send the elevator to the lobby right before she gets home from work and she thinks she’s lucky every time She gets really happy when the cat hides a toy in her bag so I sneak one in for her to find when she’s having a bad day I sometimes watch his Youtube videos (gameplay, guitar covers, and anime music videos) on loop just to boost the views",other,PT32S,69,0,0,0.4176785226627455
5g2ZJyQ--Dc,2025-04-25T00:46:17Z,451.1,0,What is the most overused and meaningless buzzword of our time? #shorts,What is the most overused and meaningless buzzword of our time?,"""cleanse"" products. You have entire organs devoted to cleansing. Most of this stuff is worthless at worst and will give you diarrhea at best Another vote for “gaslighting.”  People mis-use it constantly. Crisis. When everything is a crisis, nothing is a crisis.",other,PT27S,68,0,0,0.403441892321168
1gKSlD9axkw,2025-04-25T12:19:43Z,450.6,12,When did the school bully get what they deserved? #shorts,When did the school bully get what they deserved?,"We both applied to the same college. I got in, she didn't. I made sure she knew I was turning that school down to go to a different one. When their dad got knocked out by the geography teacher. True story Mine died of pancreatic cancer. He also was in jail for a while for kidnapping an underage girl and SA-'ing her (this was in the late 90s).",life-advice,PT31S,78,0,0,0.5389248016596628
4aNpi2uLm4w,2025-04-26T00:44:18Z,450.1,0,What’s a “harmless” thing from your childhood that’s actually kind of dark in hindsight? #shorts,What’s a “harmless” thing from your childhood that’s actually kind of dark in hindsight?,"The moldy fridge, constant clutter, leaking roof and decaying floor. It didn’t phase me as a kid but looking back.. it was bad. I had a baby raccoon called coonie! He was my best friend! Put on covering clothes, your family is coming over",dark-morbid,PT27S,76,0,0,0.5134345430981635
4MJnNsvo53w,2025-04-26T12:17:53Z,449.6,12,Who had the most dramatic fall from grace in history? #shorts,Who had the most dramatic fall from grace in history?,"Bill Cosby Napoleon, the dude was the emperor or Europe, and exiled for the rest of his life on an island Kevin Spacey had a fast one",fame-celebrity,PT19S,165,0,0,1.2817588160217301
GgOzyu_INak,2025-04-27T00:47:33Z,449.1,0,What goes on in a guy’s head when he really likes a girl? #shorts,What goes on in a guy’s head when he really likes a girl?,"In short, a mild to severe case of madness Starts planning a life with her in his mind (it's very common). It’s all you think about and you find ways to run into her.",relationships-dating,PT20S,52,0,0,0.14021649328331653
lUFplL1LBm0,2025-04-27T14:49:02Z,448.5,14,What is the most unhealthy thing you’ve seen a human do? #shorts,What is the most unhealthy thing you’ve seen a human do?,Have a baby after a domestic violence incident thinking it would fix the situation. Pour Mountain Dew into a baby bottle and hand it to their toddler. Turn off their oxygen tank so they could have a smoke. That's real dedication.,health-body,PT23S,36,0,0,-0.2189849368355783
Wjr65y4hM1I,2025-04-28T00:45:52Z,448.1,0,"Whats a not obvious sign that somebody is depressed, that often people miss out? #shorts","Whats a not obvious sign that somebody is depressed, that often people miss out?","""I'm fine"" or ""I'm just tired"" Avoiding people Isolation",health-body,PT15S,154,0,0,1.213644801928103
4Jr_2QZcyrw,2025-04-28T12:18:58Z,447.6,12,What phrase did you hear only once but it stayed with you forever? #shorts,What phrase did you hear only once but it stayed with you forever?,"“if you don’t ask, the answer will always be no.” Not everyone you lose is a loss. You are under no obligation to set yourself on fire to keep someone else warm",other,PT21S,67,0,0,0.3898698312764597
JfSbOr27Kk0,2025-04-29T00:45:24Z,447.1,0,What's something 100% legal that gives off massive 'this should be illegal' vibes? #shorts,What's something 100% legal that gives off massive 'this should be illegal' vibes?,It should be illegal to take longer or more effort to unsubscribe from something than to subscribe child beauty pageants Charging extra fees for something you’ve already paid for. Processing fees that are just another way to sneak more cash out of you.,other,PT27S,39,0,0,-0.14060484659898842
P8m2FRee-Hs,2025-04-29T12:21:40Z,446.6,12,How do you feel about Mark Carney and the Liberals winning Canada’s election tonight? #shorts,How do you feel about Mark Carney and the Liberals winning Canada’s election tonight?,"Guess Trump was right - he can unite a nation Pierre Poilievre not even winning his own seat.  Thanks to Pierre Poilievre, Danielle Smith, and Trump himself, I did something I've never done before: voted Liberal.",politics-news,PT28S,44,0,0,-0.022678398593567017
gTvEHz8oUck,2025-04-30T00:44:56Z,446.1,0,"What improved your quality of life so much, you wish you did it sooner? #shorts","What improved your quality of life so much, you wish you did it sooner?",Quitting that toxic job Being intentional about where my mind is going and whether it's constructive or not. Blackout curtains.,life-advice,PT18S,61,1,0,0.2979467612135758
03pUihkjQSQ,2025-04-30T12:24:53Z,445.6,12,"Your friend gives you $200 to gamble and you win $262,000. What would you do? #shorts","Your friend gives you $200 to gamble and you win $262,000. What would you do?","gamble the 262,000 away so i dont have to make a hard decision Give back $20k Do they know I won? How good a friend are they?",hypotheticals,PT27S,53,0,0,0.15994091741610372
88yWwTHRxuM,2025-05-01T00:52:04Z,445.1,0,What’s something you bought as an adult because you weren’t allowed to have it as a child? #shorts,What’s something you bought as an adult because you weren’t allowed to have it as a child?,"Any time I'm traveling and there's a penny press, I use it. 7 year old me is absolutely delighted every time. Advent calendar. My mom said she never got me one cuz she knew I’d eat it all in one day. She was right, even in my 30s. Dinosaur bed sheets and pillow cases",nostalgia,PT33S,64,0,0,0.3454985601094185
EBBJl9x16o4,2025-05-01T12:18:05Z,444.6,12,What is something more traumatizing than people realize? #shorts,What is something more traumatizing than people realize?,Being around people that criticize everything you do Having a dysfunctional family Having parents with mental health issues,dark-morbid,PT17S,85,0,0,0.6256005231950215
xye9xWprlN8,2025-05-02T00:45:07Z,444.1,0,"You wake up and it’s 1990’s. No WiFi, no smartphones. What’s the first thing you do? #shorts","You wake up and it’s 1990’s. No WiFi, no smartphones. What’s the first thing you do?",Buy Apple shares. Find a job. Buy Amazon and Apple stock. Figure out what year it is.,hypotheticals,PT20S,144,0,0,1.1481417035052983
MDp6r2HuNI8,2025-05-02T12:18:04Z,443.6,12,What ages people real quickly? #shorts,What ages people real quickly?,"stress, trauma, poor sleep, league of legends Stress Being poor.",other,PT14S,61,0,0,0.2986860395924209
-bC8O8QlJgA,2025-05-03T00:43:53Z,443.1,0,"If you had a one-minute call with yourself from 10 years ago, what would you say? #shorts","If you had a one-minute call with yourself from 10 years ago, what would you say?",Buy bitcoin. Easily this. Take better care of your stuff ya fuckin' idiot. Don't believe rockstar games when they announce the first GTA6 release date,hypotheticals,PT21S,225,0,0,1.5922414842366948
235BKRdgpFk,2025-05-03T12:19:16Z,442.6,12,"People who are making 200k+ a year, what do they do? #shorts","People who are making 200k+ a year, what do they do?","I read other people’s emails and argue about what’s in them. (Litigation attorney at a big firm) Came here to feel poor First year making over 200k, my job is to find creative ways to tell people no.  /s",money-work,PT27S,40,0,0,-0.1145769246777153
C1d2SYSeaG4,2025-05-04T00:51:37Z,442.1,0,"What embarrassing realisation did you only have, once you were in your late 20s or 30s? #shorts","What embarrassing realisation did you only have, once you were in your late 20s or 30s?","Melon isn't supposed to be spicy “This little piggy went to market” means that little pig got sold off for meat. I just thought she was doing her shopping Pufferfish inflate with water, not air.",life-advice,PT26S,77,1,0,0.5287163762090463
hUkDHR8W8BI,2025-05-04T12:17:45Z,441.6,12,What’s a common phrase that immediately makes you suspicious? #shorts,What’s a common phrase that immediately makes you suspicious?,"""Can we talk?"" “I’m just brutally honest” “I don’t have a filter” When employers say ""We're a family""",life-advice,PT18S,88,0,0,0.6607868438769238
LOCLJ2Sf3aA,2025-05-05T04:45:43Z,440.9,4,What's something that loudly says 'uneducated'? #shorts,What's something that loudly says 'uneducated'?,Expressing a personal opinion as something objective Pretending to be knowledgeable about everything. Being stubborn enough to not change your opinion about something when being shown evidence to the contrary/being closed minded in general.,life-advice,PT28S,52,0,0,0.1426484566634003
espwjgXy838,2025-05-05T12:20:42Z,440.6,12,What is something you can’t believe isn’t invented yet? #shorts,What is something you can’t believe isn’t invented yet?,A mammogram machine that doesn't require the equivalent of slamming one's breast in an industrial freezer door. Knowledge and fixes for menopause side effects. There is such limited research for what half the population will be going through. Button on TV to find the remote,other,PT25S,52,0,0,0.14274346442755137
nSNc4Hb3Zgc,2025-05-06T00:46:35Z,440.1,0,"What's something that seems obvious to everyone else, but you only recently figured out? #shorts","What's something that seems obvious to everyone else, but you only recently figured out?",I found out that the lights doing that stretchy thing at night wasn’t normal- I have astigmatism The Grammy’s got their name because the awards are Gramophones. Employment loyalty with large companies is a one way street. Always.,life-advice,PT25S,40,0,0,-0.11382048261391642
t96sT3Qq-FU,2025-05-06T12:24:10Z,439.6,12,What is the one event in history you're obsessed with and can't stop researching? #shorts,What is the one event in history you're obsessed with and can't stop researching?,The story of the Uruguayan rugby team that crashed in the Andes and was stuck there for 2 months.  The details are mind boggling. The Chernobyl Explosion. The Nanking event. It's just so inhumane and atrocious I can't stop thinking about those poor innocent people.,other,PT27S,80,0,0,0.5672025759384605
fnP_PnYebjc,2025-05-07T00:47:00Z,439.1,0,"Americans, how do you feel about the firing of twenty percent of four-star generals? #shorts","Americans, how do you feel about the firing of twenty percent of four-star generals?","It’s a coup if you wanted to turn the US military on its own people, this would be a necessary step It's a Russian coup. Cold War never ended. We are losing badly.",other,PT23S,200,0,0,1.4762139455017955
NcVWi1QmIKk,2025-05-07T12:25:32Z,438.6,12,How did “the one that got away” get away? #shorts,How did “the one that got away” get away?,"I was a whiny baby. Totally on me. She had military transfer orders and never told me. Simply disappeared. Girl I was attracted to in high school - ""People already think we're dating""  ",relationships-dating,PT23S,67,0,0,0.3925632452676062
TSzeDjpjmpE,2025-05-08T00:46:54Z,438.1,0,What's a saying that you've heard that is totally unhelpful? #shorts,What's a saying that you've heard that is totally unhelpful?,"""People have it worse than you"" After I was initially diagnosed with cancer, a family member tried to comfort me with ""everything happens for a reason."" “Just be yourself.”",life-advice,PT28S,67,0,1,0.3927189086465299
EuYCO8aNOPM,2025-05-08T12:19:56Z,437.6,12,What's the stupidest thing the most intelligent person in your life believes? #shorts,What's the stupidest thing the most intelligent person in your life believes?,"Programmer up at work will argue to his death that Dinosaurs don't and never did exist. My sister has two college degrees and believes in the hollow Earth theory. For some reason, my wife thinks I'm attractive. I'm pretty sure I've just induced Stockholm syndrome.",humor-absurd,PT27S,53,0,0,0.16234093047203846
eTDyTZ5JnEs,2025-05-09T00:45:59Z,437.1,0,"People that have died and been brought back, what did you see and feel? (Serious) #shorts","People that have died and been brought back, what did you see and feel? (Serious)",Calm nothingness. Thank you all for sharing your stories. Great question OP No one’s going to see This but this is probably the most interesting Reddit sub I’ve ever read,other,PT22S,37,0,0,-0.18889995228075085
8pTTszih3v4,2025-05-09T12:18:41Z,436.6,12,You have 60 seconds to ruin a wedding. What do you do? #shorts,You have 60 seconds to ruin a wedding. What do you do?,Cut the wedding cake before the couple Hire comedians to make racist jokes when it's a mixed race wedding.  propose to my partner,humor-absurd,PT22S,172,0,0,1.3269514259203956
XM-IhwOVvCI,2025-05-10T00:43:46Z,436.1,0,What’s something that happens often in movies that is 100% unrealistic? #shorts,What’s something that happens often in movies that is 100% unrealistic?,Spotless air ducts. Hackers type 300 words per minute and say 'I’m in' after 5 seconds of frantic clacking. Everyone has a shockable rhythm in medical emergencies on tv or movies.,other,PT24S,307,0,0,1.9039167739546334
zx5DM9ukBF4,2025-05-10T12:18:50Z,435.6,12,How did that one kid in your high school die? #shorts,How did that one kid in your high school die?,"He gave someone who was walking on the street a ride and they shot him and stole the car. A girl was murdered while wandering outside of school at lunchtime. Climbed a mountain outside of town with friends. Stood on a huge rock. It shifted and flipped over, he landed underneath it, and it crushed him.",dark-morbid,PT27S,190,1,0,1.426237196828711
NjGtESoHmUc,2025-05-11T00:48:57Z,435.1,0,What travel destination actually lived up to the hype? #shorts,What travel destination actually lived up to the hype?,"Swiss Alps! Absolutely breathtaking Kyoto. Peaceful, beautiful, and somehow even better in silence. The Inca Trail to Machu Picchu.",other,PT20S,79,0,0,0.5561489887908939
7y3o1y5Tu6s,2025-05-11T12:18:04Z,434.6,12,What do you no longer believe in? #shorts,What do you no longer believe in?,That good guys always win That reasonable people who can think critically are the majority of all people. Karma.Bad people living their best lives,other,PT18S,264,1,0,1.753998036591816
EecjxHYz0ps,2025-05-12T00:48:11Z,434.1,0,What’s a trash movie you will defend with your life? #shorts,What’s a trash movie you will defend with your life?,"Mars Attacks Down Periscope is one of my favs. It always ends up on ""worst movie"" lists. It's got an amazing cast of comedians. It's a family favorite Eurotrip",other,PT21S,112,0,0,0.9018149795610833
ilM07_lXaBM,2025-05-12T12:24:14Z,433.6,12,What is a hobby that's an instant red flag? #shorts,What is a hobby that's an instant red flag?,"MLM ""work"" Reddit mod.  Tennis. Don’t date tennis players. Love means nothing to them.",relationships-dating,PT16S,94,0,0,0.7284517166333453
WkahoEceybs,2025-05-13T00:45:58Z,433.1,0,"People that divorced for reasons other than cheating, what was the last straw? #shorts","People that divorced for reasons other than cheating, what was the last straw?",Alcoholism A friend said: When he left a wet a towel on the bed for the 112th time?,relationships-dating,PT19S,30,0,0,-0.39128043348698194
sRYLe_NG6DI,2025-05-13T12:20:11Z,432.6,12,What is an example of a real life evil person that got what they deserved? #shorts #foryou,What is an example of a real life evil person that got what they deserved?,"A certain Italian dictator. Hung by the heels was exactly what he deserved. poachers that get mauled, eaten or trampled by animals Harvey Weinstein rotting in prison is a good one.",dark-morbid,PT21S,65,0,0,0.36453471880263777
Ej7Dr-jsd-c,2025-05-14T00:46:55Z,432.1,0,"Plastic Surgeons Reveal Surgeries They'd NEVER Get (Shocking!)
 #shorts #foryou","Plastic surgeons of reddit, what body altering surgery would you never get and why?","BBLs carry a surprisingly high mortality rate and the recovery is brutal. BBL butt enhancements because there is very high mortality rates involved! Not a plastic surgeon, but limb lengthening surgery. Permanently disabled to be a few inches taller? No thanks.",other,PT25S,46,0,0,0.025186543861670962
vlc3XNhFDPw,2025-05-14T12:20:22Z,431.6,12,"Ruined by Popularity: Things We Loved (That Are Now Awful)
 #shorts #foryou",What became so popular it ended up being ruined for everyone?,"Thrifting. It used to be a cheap way to find quality items. Now thanks to resellers thrift stores are charging damned near close to retail prices. Cheap cuts of meat, like chicken wings and skirt steak. Now they're too expensive for cheap meals. I've been online since the early 1990s. The internet peaked around 2002. Then EVERYONE got on it via social media, and ruined it.",other,PT33S,41,0,0,-0.08714364626677185
UmC_v0_WE80,2025-05-15T00:44:49Z,431.1,0,"Married Couples Sleeping Separately: Shocking Truth Revealed!
 #shorts #foryou",How many married couples here sleep in separate bedrooms and why?,We have a newborn and want one person to get a good nights sleep every other night The snoring. All the snoring. I think it’s been ingrained that we have to always sleep together when being in your own bed is much more comfortable ,relationships-dating,PT20S,51,0,0,0.12658930047933747
2t2fxmJbGB0,2025-05-15T12:20:58Z,430.6,12,"FUN FACTS That Will Make You Say ""WTF?""
 #shorts #foryou",What’s a “fun fact” that nobody asked for?,Oxford University is older than the Aztec Empire. Tom Hanks has his Brother Jim Hanks as his official sound-alike & body double for all his films. Sharks have existed for longer than trees have.,other,PT24S,117,0,0,0.9461789192830876
Xxokvejej1E,2025-05-16T00:47:27Z,430.1,0,"My EX Said THIS and I Was NEVER the Same...💔
 #shorts #foryou",What did your ex say to you that broke you?,"After 4.5 years together and engaged: “I don’t think we’re feasible anymore” ""No one else is gonna love you once they've seen you naked"" ""I'll call the cops and tell them that you hit me. You're black so they'll probably shoot you.""",relationships-dating,PT20S,178,0,0,1.3630397514943882
VvNeswdrLTI,2025-05-16T12:20:14Z,429.6,12,"Petty Revenge Confessions: ""If You Go Low, I Go Lower"" Moments!
 #shorts #foryou","What's your ""if you go low, I'll go lower"" moment?","If someone is standing too close to me when they talk, I'll step in a little closer. Makes it better if we're all uncomfortable... If someone is talking on their phone (at full volume) in an inappropriate setting, I'll do the same so they aren't able to hear their convo. When I try to play limbo",other,PT23S,121,0,0,0.9798233286248093
68TQHx52cCY,2025-05-17T00:44:39Z,429.1,0,"BEST Physical Pleasure EVER?! You Won't BELIEVE These!
 #shorts #foryou",What is the best physical  pleasure you have ever experienced?,Falling asleep in my own bed after coming home from travelling overseas Water finally getting out of your ear after swimming Hot shower after long day of snowboarding hiking in the snow,sex-adjacent,PT18S,0,0,0,-3.8240381369204157
ZnBMPMXKo58,2025-05-17T12:19:06Z,428.6,12,"Wedding Day Escapees: Stories of Cold Feet & Solo Honeymoons!
 #shorts #foryou","People who left their partner the day of the wedding, what happened?","I should’ve lol. Props to the people that did. I felt like I was in too deep. Also, has anyone ever actually replaced the groom or bride at the wedding, like in the movies? If yes, please tell! Went on the honeymoon on their own.  Had 2 weeks of fun, apparently.  Don't know what happened after that.",relationships-dating,PT26S,56,0,0,0.2191621722664534
RMX1GoAmPKc,2025-05-18T00:50:22Z,428.1,0,"DAILY Must-Have Apps: Subscriptions Actually Worth Paying For!
 #shorts #foryou",What online subscription app that you use daily is 100% worth it?,"Spotify, no doubt. I use it every single day I use YouTube Premium daily. It also gives me YouTube Music, which I also use daily. NYT Puzzles",other,PT19S,88,0,0,0.6649086983379884
dPWfCjrsoos,2025-05-18T12:19:04Z,427.6,12,"RIP Internet: Dead Features We Secretly Miss (And Why)
 #shorts #foryou",What’s a dead feature of the internet you still secretly mourn?,The absence of algorithms.   Blogs that were for fun and not about making money or having a brand. Like Livejournal and similar. Written instructions for solving a problem instead of a video with 80% fluff.,nostalgia,PT24S,125,1,0,1.0127023889980187
IFyfqe1rlMk,2025-05-19T00:48:48Z,427.1,0,"WORST Cities EVER Visited?! (You Won't Believe These)
 #shorts #foryou",What’s the worst city you’ve ever visited?,"Fallujah wasn’t the gem of the Euphrates I expected The longest year I ever spent was the day I spent in Jackson, Mississippi. Cairo. Whole city is a dumpster",other,PT16S,91,0,0,0.6983705305488939
phs6XlqZhC0,2025-05-19T12:22:22Z,426.6,12,"""Unbelievable Moments That Made People Question Reality""
 #shorts #foryou",What is the most surreal “this can’t be real” moment you’ve ever experienced?,"I got a message from a stranger saying, “You saved my life.” Turns out I’d responded kindly to their random forum post a year prior I once ran into my childhood neighbor halfway across the world—in a random alley in Tokyo I walked into a bookstore, picked up a book, and it opened to a page with my full name written inside it. In someone else’s handwriting",other,PT30S,117,0,0,0.9474161280689923
koXY8jim-jM,2025-05-20T00:47:19Z,426.1,0,"Worst Ways People Have Died: You Won't Sleep Tonight
 #shorts #foryou",(SERIOUS) What’s the worst way you know someone has died?,I’ve watched multiple people die of cirrhosis. End stage alcoholism is horrifying. Yellow and delirious and THIRSTY Definitely the spelunking incident where a guy crawled head first into the wrong mudhole and got stuck for all eternity. Motorcyclist that I saw die from decapitation.,other,PT25S,91,0,0,0.6986808984547026
ctfPWK63xTw,2025-05-20T12:21:54Z,425.6,12,"9/11: The Moments We'll Never Forget
 #shorts #foryou","Those alive and old enough to remember during 9/11, what was the worst moment on that day?","The second tower being hit, and the sudden realization that it was a deliberate attack. Watching the people jump on live TV. Not knowing where my dad was - for hours and hours.  Thankfully he was ok.",other,PT24S,63,0,0,0.33592552553819655
fusoLfprni4,2025-05-21T00:46:43Z,425.1,0,"What Body Type Gets Me Going? (Honest Answers!)
 #shorts #foryou",What body type are you most attracted to?,Sedan Female I like the general range of slim to fit to a little chubby. I don’t find extremes in any of those very attractive,relationships-dating,PT15S,87,0,0,0.6545404235445891
FrPl6vsB6eU,2025-05-21T12:19:21Z,424.6,12,"""Poor People Say This & You'll Instantly Know If You're One Of Them""
 #shorts #foryou",What’s something that poor people say that only poor people would understand?,"Is it absolutely necessary to get that done? (Dentist, Home Repair, Auto Repair.. take your pick) ""If you're throwing that out, can I have it?"" Can I pay on the 28th",other,PT19S,240,0,0,1.662150593840713
jbeOx8GjweU,2025-05-22T00:46:51Z,424.1,0,"Why Don't They Just LEAVE? (Cheating EXPLAINED)
 #shorts #foryou",Why don't people just leave in the relationship instead of cheating?,Because leaving would be logical but cheating is an emotional choice. Because they want their cake and to eat it too. Some people are ruled by self interest and flat out greed. Maybe the thrill of having an affair.,relationships-dating,PT20S,29,0,0,-0.42128682962958575
DYgVmkj41kI,2025-05-22T12:20:39Z,423.6,12,"CRAZY Predictions for the Future (AI TAKEOVER?!)
 #shorts #foryou","What's your ""I'm calling it now"" prediction?",coursework/homework will no longer be used for formal assessment because of ai. exams will be the only way to assess knowledge Kanye announces he’s converting to Judaism. I will get over my depression and start socializing again.,hypotheticals,PT23S,70,0,0,0.4403463245646235
mL15th4eX-Y,2025-05-23T00:46:14Z,423.1,0,"Introverted Men Spill Their Secrets: How They Actually Found Love!
 #shorts #foryou","Introverted men, how did you get your partners?","She is super extroverted and left me her number. Yeah, I haven't. My mum says im special though - so there's that. I went out and played socially for 3 months. I met a woman who was just as introverted as me.",relationships-dating,PT22S,66,0,0,0.38252116162533145
GN0grBkYcZM,2025-05-23T17:33:30Z,422.4,17,"Trump's Harvard Ban: Students React (Doomed?)
 #shorts #foryou",How are you feeling about Trump revoking enrolment for international students at Harvard?,This is a very obvious attempt to get a major institution to bow down to his whims as a lesson to anyone else that might try to resist. The party of “small government” sure is stretching the meaning of “small government.” Doomed. Very doomed. This is the beginning of the chapter of a very dark and long book. May we see the end.,politics-news,PT28S,91,1,0,0.6998364209642673
It9_smZPUHQ,2025-05-24T00:45:36Z,422.1,0,"60 Seconds to First Date Disaster: Savage Things to Say!
 #shorts #foryou",You have 60 seconds to ruin a first date. What do you say?,"So, do you see this going somewhere? Because my parents really want grandkids soon, and I already showed them your LinkedIn given my track record, ""hi, how's it going?"" usually does the trick. My ex was hotter",relationships-dating,PT22S,127,0,0,1.0301722958003685
TRkwxs18Mz0,2025-05-24T12:19:33Z,421.6,12,"Cancer Symptoms You Can't Ignore: Real Stories & Warning Signs
 #shorts #foryou","People who have cancer, what signs let you knew that you were sick?","Extreme fatigue. The kind that made me take 2 hour naps each day after work and wasn't resolved with 9+ hours of sleep daily. My friend had headaches that would keep her bed ridden for days at a time, turned out to be a glioblastoma in her brain that had spread to her spine I'm currently being treated for stage 3 breast cancer, and really didn't have any symptoms at all. Ladies, get your mammograms!!!",health-body,PT32S,96,0,0,0.753004415896708
qswT6Ib-wT0,2025-05-25T00:53:24Z,421.1,0,"Sounds That Make Me IRRATIONALLY ANGRY! (Pet Peeves)
 #shorts #foryou",What’s a sound you hear that instantly makes you angry for no logical reason?,Smacking when eating. It has always been one of my worst pet peeves When you’re driving on the freeway and one window in the car is open and it makes that throbbing bass like sound that rattles your eardrums Microwaves that keep beeping after you have opened the door. CLEARLY I KNOW MY FOOD IS READY I HAVE OPENED THE DOOR,other,PT27S,140,0,0,1.1272179984562714
wRcGYiRZ4Nk,2025-05-25T12:18:07Z,420.6,12,"NEVER DO THIS! (Even at Gunpoint!) 😳
 #shorts #foryou","What's something you will never do, even at gunpoint?","Get in the car with the person holding the gun. Better to die where you are at. Scat play. Just shoot me, I'm not doing it bro. Magically become bulletproof",hypotheticals,PT17S,257,0,0,1.7315674397435261
yOx0Zjc4MW8,2025-05-26T00:49:08Z,420.1,0,"If Humans Couldn't Lie, THIS Industry Would DIE!
 #shorts #foryou","If all humans suddenly lost the ability to lie, what industry would collapse first?","Influencer marketing. 'Hey guys, I got this for free and I don’t actually use it, but here’s a discount code A lot of people don't seem to realise that being unable to lie does not mean being forced to tell the truth [removed]",hypotheticals,PT23S,200,2,0,1.4820772041479033
CAaa6S7pGns,2025-05-26T12:20:12Z,419.6,12,"**""The Biggest Cheating Sign I Missed"" (YouTube Title)**
 #shorts #foryou",What’s the biggest “they’re definitely cheating” sign you ignored?,"Came home and the toilet seat was up. There is a 0.00% chance that she put it up. Constantly winning the Tour de France Talking about one specific coworker all the time: so and so this, so and so that, me and so and so… etc etc etc",other,PT25S,118,0,0,0.9580472843779937
H5d6AZyg010,2025-05-27T00:45:45Z,419.1,0,"BEST Non-Curse Word Insults! (Savage & Funny)
 #shorts #foryou",What is your favorite insult without using curse words?,I envy those who have never met you. You look like you know what every crayon tastes like. I’d agree with you but then we’d both be wrong,humor-absurd,PT16S,179,0,0,1.37204427554759
wAYHiCNZRas,2025-05-27T12:20:27Z,418.6,12,"Dating App Profile Red Flags: What Women REALLY Want!
 #shorts #foryou","Girls, on dating apps what are you seriously looking for from a profile?","Please do not use all group photos or photos where you have sunglasses on in every photo. Elderly, because I am elderly, too. Politically compatible. Animal lover. Sober. No major debt. I’m told they get incredibly wet when they see you posing with a fish or your giant truck.",relationships-dating,PT26S,93,1,0,0.7225348617941312
j6nPLmSAPhc,2025-05-28T00:47:43Z,418.1,0,"Life Hacks I Can't Believe You Don't Know!
 #shorts #foryou","What's your ""I can't believe other people don't know this"" hack?",Minding your own business really does reduce stress. Instead of hitting backspace 10x when you misspell a word and want to retype it you hold control and when you backspace it deletes the whole word. Setup a keyboard shortcut to make “@@“ autocorrect to your email,other,PT21S,50,0,0,0.11123011474880684
4GOkf4Y8hLk,2025-05-28T12:20:24Z,417.6,12,"Americans are MISSING THIS?! Global News You Need to Know!
 #shorts #foryou","Non-Americans, what news are you getting that we’re not?",In Brazil we're having a lot of news about betting apps and ads being discussed in court. From sports betting to Fortune Tiger and such. The trial of the death cap mushroom killer The news in the UK is being dominated by the incident in Liverpool the other day. A guy drove his car into a big crowd of people.,politics-news,PT25S,44,0,0,-0.013780451975847985
MSXJYvEJxd4,2025-05-28T18:51:21Z,417.3,18,"WORST Possible Replies to ""I'M PREGNANT!"" (Cringe Alert!)
 #shorts #foryou","What's the worst possible reply to ""I'm pregnant""?","Is it yours? ""I think you just need to lose a few pounds"" I need to go get milk and cigarettes. Be right back.",humor-absurd,PT17S,11,0,0,-1.335450100433572
u7KfW248d0U,2025-05-29T00:47:56Z,417.1,0,"$10 EVERY Time You Annoy Someone?! (CRAZY Job Ideas)
 #shorts #foryou",You gain $10 every time you annoy someone. What’s your new job?,Telemarketer Arguing with strangers on Reddit. holding the door open for them but letting it go a few seconds before they get to it.,humor-absurd,PT19S,74,1,1,0.4972100270347699
RZeaNeLIj5c,2025-05-29T12:19:40Z,416.6,12,"Toxic Relationship Red Flags: Sweet or Sinister?
 #shorts #foryou",Whats something people do in relationships thay they think is sweet but is actually toxic?,"“They love me so much that they want me to spend every minute with them and no one else.” Putting you down but playing it off as a joke. If it hurts your feelings it’s not a joke “We’re so in sync, we don’t need other friends.”",other,PT23S,61,0,0,0.3070090309653879
c9gpgxcSUmw,2025-05-30T00:46:50Z,416.1,0,"""TACO"" Trade: Savage Reactions to Trump's New Nickname!
 #shorts #foryou","How do you feel about the newly coined acronym ""TACO"" (Trump Always Chickens Out) trade?",I feel nothing. It’s a nice acronym to announce the truth. When he’s in prison for treason ask me again how I feel. What a *nasty* question to ask. An insult to tacos.,politics-news,PT23S,5,0,0,-2.0282007149692927
Pp4fV1ZhBNs,2025-05-30T12:19:48Z,415.6,12,"Taco Trucks Invade the White House?! 🌮🤯
 #shorts #foryou",How hilarious would a taco truck festival in front of the White House be?,"would me lit It sounds like it’d be more delicious than hilarious, especially if the chef makes them fully authentic. [removed]",humor-absurd,PT19S,206,0,0,1.5129119816076333
Sx_pHwLn43g,2025-05-31T01:32:46Z,415.1,1,"30+? Prepare for THESE Aches 😭
 #shorts #foryou","People over thirty, which body aches do you have?",Check knees light comes on intermittently. Livers not too happy with me either. Heartache when I look at my bank balance Lower back and shoulders/neck,health-body,PT19S,87,0,0,0.6577057261276584
t2V2iI_HdvY,2025-05-31T12:17:47Z,414.6,12,"Careers GONE in an INSTANT! 😳
 #shorts #foryou",Whose career ended instantly?,"Stockton Rush, pilot and CEO of OceanGate Expeditions. Jussie Smollett. Jared the subway guy",fame-celebrity,PT17S,82,0,0,0.599352628710268
UsQLO2UBPdI,2025-06-01T00:59:20Z,414.1,0,"Learn These Skills NOW, Save THOUSANDS Later!
 #shorts #foryou",What’s a skill that takes less than a week to learn but can save you thousands of dollars?,"Cooking.  How to budget and track expenses. Knowing where your money goes can prevent surprise overdrafts and debt. Doing 20-30 mins of exercise daily, save you thousands in health costs down the road.",money-work,PT29S,72,0,0,0.47114062563289005
xfSLuWxTnWQ,2025-06-01T12:19:16Z,413.6,12,"Rich People's *Secret* Frugal Habits! 🤫
 #shorts #foryou","What is a 'poor people' habit you'll never stop doing, no matter how rich you get?",I don't upgrade my phone until it stops being functional. Using grocery bags as trash bags turning lights off when i leave the room.,money-work,PT20S,117,0,0,0.9515170256169032
jWw6qlFWawc,2025-06-02T00:49:38Z,413.1,0,"Legal Things That SCREAM Psychopath?!
 #shorts #foryou",What’s something that’s completely legal but still makes you look like a total psychopath?,"not turning around when you get on an elevator Waiting a moment before you join in laughing when you are in a group. Regular clothes while working out  (jeans, khakis etc)",humor-absurd,PT21S,334,0,0,1.9951300144685287
HGmiusWhzcM,2025-06-02T12:20:07Z,412.6,12,"You're NOT Ready For This Trauma...
 #shorts #foryou",What is more traumatic than people think?,being the joke of a friend group A bad boss or a toxic work place. long term loneliness especially when you’re a child,dark-morbid,PT17S,185,0,0,1.406900090145006
r_aMwKtTZS4,2025-06-03T00:48:20Z,412.1,0,"Harmless Habits That SECRETLY Ruin Your Life?! 😬
 #shorts #foryou","What's a ""harmless"" habit that people don't realize is actually damaging in the long run?",Lack of sleep I heard this quote - I'm not sure who from: Sticking around in a relationship where you aren’t happy,other,PT26S,42,0,0,-0.05747946115351654
vzEQ52cEtGI,2025-06-03T12:20:25Z,411.6,12,"Reddit's SCARIEST Online Moments 😱 You Won't Believe This!
 #shorts #foryou","People of reddit, what's the scariest thing that'd happened to you online?","When my online bank account got hacked. In just a seconds, everything was gone, my savings, my peace of mind, all wiped out before I could even react. Someone tried to blackmail me. I told them go ahead, I have no modesty. Omegle",dark-morbid,PT26S,78,0,0,0.550922940597462
bsCmWKVvCCI,2025-06-04T00:48:29Z,411.1,0,"Worst Dates EVER Seen! 😱 (Waiters Spill!)
 #shorts #foryou","Waiters of Reddit, what “well this is going horribly” dates have you witnessed?","A woman was engaged/married with a ring on her finger and thought she was meeting someone for a networking HH but the guy thought they were on a date Couple came in arguing about whether they should break up or not — then ordered separate meals and didn’t speak the entire time. Paid separately, too. We're going to see this on BuzzFeed next week aren't we?",other,PT30S,59,0,0,0.2759870295641216
zaXzhb7zM7c,2025-06-04T12:20:18Z,410.6,12,"Things About To BREAK?! (You Won't Believe It)
 #shorts #foryou",Whats a thing that is dangerously close to collapse that you know about?,No politics involved but America's bridges. They're grossly undermaintained and have been in dire need of revamping for close to a decade Senior care and skilled nursing facilities Public Education,dark-morbid,PT23S,126,0,0,1.025984535487876
HNa-g80gjCY,2025-06-05T00:47:13Z,410.1,0,"Annoying Habits You Don't Even REALIZE You Have?!
 #shorts #foryou","What's a ""harmless"" habit that actually makes someone insufferable once you notice it?",Hinting instead of asking direct questions Never asking questions back.  One-uppers.,other,PT17S,309,0,0,1.9185372754719117
PCy9dpRZ0CA,2025-06-05T16:39:18Z,409.4,16,"Lawyers REVEAL Cases They KNEW Were LOST 😳
 #shorts #foryou","Lawyers, what were your “This guy isn’t winning” cases?","Committed crime, then immediately text messages not one, but two friends, “I just [committed crime].” I had a client give me the “poppy seed bagel” claim to justify a positive drug test…and it wasn’t for opiates. Any cases where someone states “I am sovereign and not subject to your jurisdiction.”",money-work,PT28S,141,0,0,1.138005889674318
9LA1iCEEaEU,2025-06-06T00:48:12Z,409.1,0,"Elon EXPOSED Trump?! Reddit Reacts! 😳
 #shorts #foryou",How do you feel about Elon Musk saying that Trump is in the Epstein files?,I cant imagine its a surprise to anyone. we...all already knew he was Was that not common knowledge already? ,other,PT25S,294,0,0,1.8692641378877366
cqtb3jL81es,2025-06-06T12:20:44Z,408.6,12,"UNSOLVED CASES That Keep People UP at NIGHT! 😱
 #shorts #foryou",What is one unsolved case that is hauting you because of it not being solved ?,"Those yogurt shop murders in Austin, Texas some time ago. Four teen girls murdered after closing the shop and the case still hasn't been solved. The Epstein List. Malaysia Airlines flight MH370",dark-morbid,PT24S,70,0,0,0.44512455975133935
Xpk_pToAUSE,2025-06-07T00:47:32Z,408.1,0,"Worst Addiction? The Answers SHOCKED Me!
 #shorts #foryou",What is one of the worst addiction to have ?,gambling The one that you have got. (Each one most difficult to themselves) I thought nicotine would be one of the top answers...  Took me years of lying to my family to finally quit cigarettes.,health-body,PT21S,52,0,0,0.15290491953792218
bA2Rh8Oe2us,2025-06-07T12:18:17Z,407.6,12,"Silent Killers Hiding in Plain Sight...
 #shorts #foryou",What is a silent killer that people dont realise is slowly killing them?,"lack of exercise, present company included. Even just getting out and walking around the neighborhood for a while, gotta do something. Stress. High blood pressure",health-body,PT21S,72,0,0,0.47322832768362844
dEAFsKkgfus,2025-06-08T00:53:02Z,407.1,0,"Dumbest Purchases I'll Defend! 🤫
 #shorts #foryou",What’s a “waste of money purchase” that you absolutely stand by?,A hotel when I visit my family [removed] Stuffed toys for my dog that sometimes get destroyed in a few days ,money-work,PT18S,83,0,0,0.613756218576659
pPM8iPJTp_4,2025-06-08T12:22:47Z,406.6,12,"Men Try TOO HARD! (We Don't Care!) 😳
 #shorts #foryou",What’s a thing men do to impress women that women don’t even notice?,"I'm far more impressed if you car is clean, than by what kind of car it is Wearing fancy watches. Most of us don’t notice or care unless it’s literally glowing or shooting lasers or something. Lol Big trucks. Yeah you're going to get our attention but not in the way you want.",relationships-dating,PT28S,4,0,0,-2.2074666290425498
TBaj-KzYc1w,2025-06-09T00:52:08Z,406.1,0,"Deathbed Secrets I Can't UNHEAR 💀
 #shorts #foryou",What is the most disturbing death bed confession you’ve ever heard?,That old white lady admitting she'd lied as a teen about a black boy assaulting her. The boy was killed and he was innocent. Pauly Walnuts found out his mother was really his aunt. Silence before the plug was pulled on my friend was worse than a confession. I wish I could have had a true farewell.,other,PT26S,105,0,0,0.8467042829050859
rg0_VgiF3b4,2025-06-09T12:21:30Z,405.6,12,"Toxic Coworker NIGHTMARES That Shut Down the Office 😳
 #shorts #foryou",What’s something a toxic coworker did that made the whole office go silent?,Pulled a pile of old fingernails out of her pocket and started chewing on them. I fired her shortly thereafter.  He didn’t get a promotion he had been craving for 10 years. He went into his office and absolutely destroyed it. I have two counts of harrassment against a former colleage. Trial will be in january. Cant talk about it.,money-work,PT31S,82,0,0,0.6022621326236126
PIYhdRillDg,2025-06-10T00:47:33Z,405.1,0,"Internet's GONE FOREVER! 😱 I'm Doing THIS!
 #shorts #foryou",You wake up and the internet is permanently gone. What’s your next move?,Restart my WiFi router I think I'm out of a job then.  Stare at the wall and wait for someone to invent it again.,other,PT19S,128,0,0,1.0434033280217117
YTHY2PLYiLY,2025-06-10T12:21:46Z,404.6,12,"700 Marines in LA?! The Internet EXPLODES.
 #shorts #foryou",How do you feel about 700 Marines being deployed to LA?,More concerned about how the 700 Marines feel about it As a former Marine I am deeply upset that the military would be deployed in the US against citizens. Marines gonna make the grass grow…,politics-news,PT29S,164,0,1,1.2896942217730833
4JGOMKkIEKI,2025-06-11T00:48:33Z,404.1,0,"Underrated Guy Code Rules You NEED To Know!
 #shorts #foryou",What’s the most underrated “guy code” rule?,"If you call your bros over to help you move or to unload furniture, you are required to provide food/booze. Riding shotgun in the car is a responsibility. Anyone who does so is a copilot, not a passenger. If you did not buy, never take the last one.",life-advice,PT25S,335,0,0,2.0010298927103767
dO9QLnnbkW0,2025-06-11T12:20:34Z,403.6,12,"""Nice Guys"" Gone WRONG! 😳 (Reddit Horror Stories)
 #shorts #foryou","What's the worst ""nice guy"" experience you've ever had?","He pretended to be the sweetest, nicest guy for months and then ran off with my $1000. Lol. You won't hear the worst ones, because those women are dead. Held the door. Demanded a wife.",other,PT23S,76,1,0,0.5278818681885986
q4XHnjjH9dI,2025-06-12T00:46:46Z,403.1,0,"Life-Changing Quotes I'll Never Forget...
 #shorts #foryou",What's the most memorable QUOTE you have ever came across that stayed with you forever?,"“Givers must set boundaries because takers never do.” ""Comparison is the thief of joy"" You don’t have to set yourself on fire to keep others warm.",other,PT20S,125,0,0,1.020528626040143
zK8iBDmYMKA,2025-06-12T12:19:47Z,402.6,12,"'NO KINGS' Protests?! Reddit Reacts 👑🤔
 #shorts #foryou",What's your opinion of the mass 'no kings' protests coming this weekend?,"I just think it's humourous the Canadian protests are named ""No Tyrants"" instead, due to the fact that we definitely have a King. Be safe. Stay hydrated. [removed]",other,PT21S,58,0,0,0.2619424961894441
M9CTXlrO6Hs,2025-06-13T03:51:00Z,402.0,3,"Poverty's Hidden Costs You've NEVER Thought About!
 #shorts #foryou","What ""cost of poverty"" would average people not realize?",Living in old apartments with poor insulation that make more expensive to heat Constantly having to replace cheap things that break instead of affording quality once is a hidden cost most people overlook. Teeth ,money-work,PT22S,135,0,0,1.097272990935736
VcSN_Q6tN_w,2025-06-13T12:20:42Z,401.6,12,"🚩 Red Flags! Why I Dumped Them IMMEDIATELY 💔
 #shorts #foryou",What did your partner do that made you leave them instantly?,He proposed as a prank in front of his friends at a bar. The secondhand embarrassment was enough to carry me straight out the door Fed my hamster to his friend snake. Hooked up with my dad,relationships-dating,PT21S,2,0,0,-2.7166528467570137
WMoc4BUxR7Y,2025-06-14T00:46:37Z,401.1,0,"""No Kings"" Protest TOMORROW?! You Won't Believe This…
 #shorts #foryou","How do you feel about the ""No Kings"" protest happening tomorrow?","My feelings don’t matter. It’s a constitutional right to protest. Nothing wrong with spending an afternoon outside, socializing, getting some exercise, and exercising your 1st Amendment rights Just keep your heads everyone, bring some Gatorade/water, and stay safe.",politics-news,PT27S,160,1,0,1.2663102858189994
cvcwwkidXUs,2025-06-14T12:18:35Z,400.6,12,"Am I...UNATTRACTIVE? 😬 Signs You're Not.
 #shorts #foryou",What's a sign you aren't attractive?,Children are afraid of you When people treat you like customer service everywhere you go You are asking Reddit for signs.,relationships-dating,PT16S,158,0,0,1.253969004945208
mfh4EENwNF0,2025-06-15T00:55:56Z,400.1,0,"Ignored Cancer Signs: Reddit Regrets
 #shorts #foryou",What's an early sign of cancer that you wish you or your loved one hadn't ignored?,This is a great post to get every single person stressed the f out Blood in my stool. Doctors kept saying it was hemmoroids. Stage 4 colon cancer at 31. My mom had lower back pain. She thought it was a result of a former injury. Turns out it was likely caused by the cancer,other,PT29S,176,0,0,1.3613886483863995
bjNe7kxRpNk,2025-06-15T12:17:23Z,399.6,12,"10,000 Hours = Superpower? I Picked THESE Skills!
 #shorts #foryou","You can instantly invest 10,000 hours into one skill - what would it be?",Would love to learn piano. learning languages Runecrafting,other,PT16S,228,0,0,1.6191177789453794
qC6aiQLMTX0,2025-06-16T00:50:56Z,399.1,0,"Single Forever? Women Took A Chance! 😳
 #shorts #foryou","Women who gave the guy who's been single his whole life a chance, how did it turn out?","Love how the results here are either marriage or them turning out to be complete weirdos, no in betweens He’s my husband and we’ve got 2 kids He had a very weird idea of what women want and refused to listen what I want, did not respect boundaries. It ended badly.",other,PT27S,47,0,0,0.05677045863635044
2h5-mJgktc0,2025-06-16T12:20:45Z,398.6,12,"Dirt Cheap Hobbies That Are Actually Fun?!
 #shorts #foryou",What's the cheapest hobby someone can get into?,"Having fun isn't hard when you've got a library card. Rock collecting. Walk around, pick up a rock. Exercise. Daily walk/ runs.",life-advice,PT22S,155,0,0,1.2355846383143705
Q110khFMHL0,2025-06-17T00:47:59Z,398.1,0,"WW3 Started?! My First Thoughts... 😂
 #shorts #foryou","If you woke up to news of World War 3, what would be your first thoughts ?","Disappointed but not surprised. do i still have to go to that 9am meeting or nah? ""I need to go buy toilet paper""",hypotheticals,PT19S,71,0,0,0.4625673989807946
A7yOEADsfLA,2025-06-17T12:20:38Z,397.6,12,"30s Mistakes You'll REGRET in Your 40s!
 #shorts #foryou",What is the biggest mistake to avoid in your 30s to have a good life in your 40s?,Drinking like you're in your twenties Cut the bad friends and family out of your life Neglecting your teeth,life-advice,PT18S,87,1,0,0.6633983329215885
Hio5eRT3P2Y,2025-06-18T00:48:20Z,397.1,0,"Perfect TV Shows: Reddit Has Spoken!
 #shorts #foryou",What TV show is a 10/10 from the first episode to the last episode?,Chernobyl.  Band of Brothers True Detective season 1,other,PT19S,162,0,0,1.2799849107732006
9cv0AGU3f7Y,2025-06-18T12:19:49Z,396.6,12,"Foods That'll Make Americans RIOT! 😡
 #shorts #foryou",What is the American equivalent to breaking Spaghetti in front of Italians?,"Ketchup on your prime rib! Raisins in the potato salad, at least to some. Warm soda no ice",humor-absurd,PT17S,208,0,0,1.5287293335345407
bTegbNmSRi4,2025-06-19T00:47:39Z,396.1,0,"Bro-Code Broken...For the BETTER?! 😲
 #shorts #foryou",What’s an example of breaking the bro-code (girl-code) that ended up for the best?,"Sometimes sharing a secret leads to clearing up misunderstandings and stronger friendships. Telling a friend their partner was cheating even if it hurt at first, it saved them from worse later. [removed]",other,PT22S,52,0,0,0.15686065433700946
zOKKSAcOFK4,2025-06-19T12:21:02Z,395.6,12,"Most Beautiful Names EVER? 😍
 #shorts #foryou",What's the prettiest name you have ever heard?,Esteban Julio Ricardo Montoya de la Rosa Ramírez. I have a great grandmother who went by Sue. I only recently found out her name was Azura Minerva Just scrolling and hoping to find my own name,other,PT22S,63,0,0,0.3456130427166637
nVYVBPt0Lcw,2025-06-20T00:48:16Z,395.1,0,"President Too Old? 🤔 Reddit Reacts!
 #shorts #foryou",Would limiting the age of the President to 65 be something you’d support? Why or why not?,"Why stop at the presidency? How about for all elected officials. Yes, if there is a young age limit then an older one is justified as well. Why are we letting folks that can die from a strong breeze knocking them over-run the country?",other,PT26S,37,0,0,-0.1755099218580467
G8m1ZRzRIfU,2025-06-20T12:22:06Z,394.6,12,"KID LIES GONE WRONG 🤣 You WON'T Believe #3!
 #shorts #foryou",What’s a small lie you told as a kid that somehow spiraled way out of control?,"I told my friends that the parade that coincidentally happened on my birthday weekend every year was a parade for me and not the community. I so adamantly pretended I thought my doll was real and could hear her telling me to do things that I had to be evaluated by a therapist. Imagine lying about knowing karate as a kid and then getting challenged to a fight on the playground... hypothetically, of course",life-advice,PT34S,43,0,0,-0.028744715664498433
lx6VPZry0ZI,2025-06-21T00:47:14Z,394.1,0,"Your Body's SOS Signals! ⚠️ Don't Ignore!
 #shorts #foryou",What are the signs your body tells you that you shouldn't ignore?,"Suddenly getting chills when exerting yourself in high heat. If your body feels particularly tense or uneasy about a situation or person and you sense danger, absolutely do not ignore it Being tired all the time, but without any changes to your life that would cause it.",other,PT28S,110,1,0,0.8967697617851109
myCAcQ2_K2k,2025-06-21T12:19:28Z,393.6,12,"Weirdly ACCEPTED Baby Names?! 🤯
 #shorts #foryou","What baby name is generally accepted, but weird in your opinion?","I won’t even narrow it down, but if you’re naming your kid after a luxury brand or an object of some kind, you need help. In my daughter's creative writing class, there were two girls named Unique. Neveah. If you want to name your kid heaven just do it",other,PT26S,105,0,0,0.8508404227943389
RrHNCA462xE,2025-06-22T00:53:39Z,393.1,0,"Idiots Ruined *THIS* For Everyone?!
 #shorts #foryou",What did a minority of idiots ruin for everyone else?,"Airport security, used to be so easy. The United States of America I mean, what DIDN’T a minority of idiots ruin for everyone else?",other,PT19S,83,0,0,0.6183945978788365
Ls4D1v80ALc,2025-06-22T12:18:30Z,392.6,12,"Trump Bombs Iran?! Reddit Reacts...
 #shorts #foryou",Trump bombs iran what do you think this will lead to?,"Well I am sure no uptick in terrorist attacks against the US. We, the American people, do not want to go to war with Iran. Best case scenario nothing. Worst case, boots on the ground, American lives are lost, Iran retaliates somewhere else via terrorist attacks.",politics-news,PT28S,67,1,0,0.40724595516090467
DhDhiMwW4DM,2025-06-23T00:53:12Z,392.1,0,"US Attacks Iran?! War Inevitable? Reddit Reacts.
 #shorts #foryou",[Serious] US just attacked Iran. Is war inevitable in this scenario? What do you think?,"[removed] I would posit that once the bombing has started, the war has already begun. Iran at best will launch some missiles and condemn the US before some type of deal gets pushed through, but they're not going to declare war.",politics-news,PT26S,54,0,0,0.19524847632201547
GWn867yxYzY,2025-06-23T12:23:46Z,391.6,12,"YouTube Legends Gone Silent?! 😭
 #shorts #foryou",What legendary YouTube channel doesn’t make videos anymore?,Vsauce of course. He does make shorts tho but those long videos are absolute gold Is It a Good Idea to Microwave This? Definitely Jenna Marbles! Her videos were such a vibe nothing like them out there now.,other,PT37S,65,0,0,0.3777322369761027
t9dFnLh-wyc,2025-06-24T00:49:31Z,391.1,0,"Most Evil Person ALIVE? You Won't Believe It.
 #shorts #foryou",Who is the most evil person alive today?,"I very much doubt it is anyone in the public eye. People are capable of appalling horrors. Whoever thought two unskippable YouTube ads in a row was a good idea If a company counted as a person, I'd say Nestle.",other,PT23S,9,0,0,-1.5091620232257275
FeI7PXDWAmw,2025-06-24T12:21:56Z,390.6,12,"Unexpected Professions? (Drugs Edition!)
 #shorts #foryou",What profession has way more people on illegal drugs than people realize?,"Law firms.  Holy moly. I think a better question is what profession has surprisingly few drug users.  Believe it or not, orchestra musicians. Adderall, painkillers especially. It's a very very competitive field and they always have to be at 110%",dark-morbid,PT34S,1,0,0,-3.1184368819513786
o-6Buts0ygQ,2025-06-25T00:49:43Z,390.1,0,"Kids Who Died Too Young... (Tragic)
 #shorts #foryou",How did that one kid at your school die?,"6th grade, they were playing tag in school, kid climbed a tree and fell head first. didn't make it to the hospital. Went overseas, played cricket, and died from a cricket ball to the skull. When I was in grade school we had a sweet little boy who died of brain cancer. Life certainly isn’t fair.",dark-morbid,PT27S,100,0,0,0.8037127716429975
PUX24gEV630,2025-06-25T12:20:55Z,389.6,12,"HS Cool Kids: Where Are They NOW?!
 #shorts #foryou",What are the cool kids who peaked in high school doing now?,Real estate! lol Trading forex and telling me to buy their coaching program... He's a warehouse supervisor who still wears his letterman jacket.,other,PT20S,46,0,0,0.038903041100232016
kCVxPz88TPM,2025-06-26T00:48:31Z,389.1,0,"'90s Kids' Useless Talents… UNLOCKED!
 #shorts #foryou","People born before 2000, what trivial skill you possess that others don't use anymore?","I can text like crazy fast on a t9 keypad lol My penmanship is trash, but my ability to read cursive handwriting appears to be a superpower to my younger coworkers. Remember when we had to have a typing speed of atleast 60wpm to be considered for an office job, lol",nostalgia,PT28S,79,1,0,0.5709588005321766
o-D6D8NGp1c,2025-06-26T12:20:39Z,388.6,12,"Men's Secrets Revealed 👀 You Won't Believe #shorts
 #shorts #foryou",What are some secrets men don’t tell women?,I won't love you if you were a cockroach. We also re-read old messages when we miss you. We didn't really get that spider and it fell somewhere onto the bed,other,PT18S,178,0,0,1.3764817966413991
qzBLxTShQfg,2025-06-27T00:49:17Z,388.1,0,"Marriage Meltdown: How Fast Did These End?!
 #shorts #foryou",What’s the fastest you’ve ever seen a marriage end?,"Twelve hours. They argued about the wedding cake and never spoke again. Three weeks. The groom was schizophrenic and had not mentioned this beforehand, also promptly stopped taking his medication. My cousin’s lasted 43 days and half of that was them not speaking lol",other,PT27S,56,0,0,0.23232468514486326
2HDA7p1cXq4,2025-06-27T12:21:30Z,387.6,12,"🤯Unbelievable History Facts That Actually Happened!
 #shorts #foryou",What’s a bizarre piece of history that sounds completely made up but is 100% real?,"For a few brief moments in the early 70s, the most commercially successful solo member of the Beatles was actually Ringo Starr. The last execution by guillotine in Paris happened while Star Wars was playing in the movie theater down the street. That one (British?) soldier who captured a tank by poking the driver in the eye with his umbrella.",other,PT32S,46,0,0,0.039585286360576344
xdzaCKsaYVc,2025-06-28T00:47:46Z,387.1,0,"10+ Year Marriages: What REALLY Ended Them?
 #shorts #foryou",Divorcees who were married over a decade: what ended your marriage?,"We stopped being teammates and started feeling like opponents. After 12 years and 3 kids, I caught her having an affair.      I was married for almost 13 years and we got divorced cuz we just fell out of love and it was time to move on. We were basically just roommates.",relationships-dating,PT31S,64,0,0,0.36400227664428986
l6qVlMe-Z0Q,2025-06-28T12:19:40Z,386.6,12,"How Old Are You...Without Saying It? 👀
 #shorts #foryou",What’s a dead giveaway of how old you are without giving the actual number?,"I'm old enough to have witnessed the progression from VCR to DVD and witnessed the birth of the internet during my childhood. As a kid I used to panic when I accidentally clicked the internet button on my phone Rotary phone, head home when the street lights come on.",other,PT27S,91,0,0,0.7115681999223229
9j4PZqjGolc,2025-06-29T00:56:34Z,386.1,0,"Seconds to Disaster: You'd NEVER Expect THIS!
 #shorts #foryou",What’s something few people realise can finish you off in seconds?,"Slipping in the shower it sounds harmless, but a bad fall can be instantly fatal. It happens more often than people think. Swallowing food the wrong way A tire blowout at high speed one wrong move on the highway and it can all be over in an instant. Most people underestimate how dangerous it can be.",dark-morbid,PT29S,52,0,0,0.1602518517619882
qJGTEw8iezU,2025-06-29T12:18:28Z,385.6,12,"Stopped THIS & My Life INSTANTLY Improved!
 #shorts #foryou",What’s one thing you stopped doing that instantly made your life better?,I went NO CONTACT with a toxic narcissist relative. Reading YouTube comments. I now have 87% more inner peace and 42% fewer arguments with 12-year-olds Overthinking texts before sending them,life-advice,PT24S,0,0,0,-3.809877403285466
NX6cYcB8-B8,2025-06-30T00:52:39Z,385.1,0,"American Shocks: Normal Things From *Other* Countries?!
 #shorts #foryou",What’s something totally normal in your country that would shock most Americans?,"If you get sick on your vacation, you go to the Dr and the company has to give you your days back. This really only occurs in Ontario and Quebec, but the whole bagged milk thing seems to really freak them out. Having to pay for public restrooms",other,PT25S,68,1,0,0.42440923487046733
KIFT3RS-1jo,2025-06-30T12:21:59Z,384.6,12,"Life-Saving Tips That Actually Saved Lives! 🤯
 #shorts #foryou","What was the ""survival tip that will save your life"" that actually saved your life?",Electrical fire smells like fish. Caught it before a fire even started. Always wear shoes you can run in My stepdad thought he was having a heart attack and chewed an aspirin. Turns out he was right and the doctors said it likely was the reason he lived.,other,PT27S,88,0,0,0.6791039588331684
iR0ftXc_P6U,2025-07-01T00:57:14Z,384.1,0,"Unhealthy Habits That Are *Actually* Healthy?!
 #shorts #foryou",What's actually healthy despite most people thinking it's not?,Sleeping all day when you’re exhausted..  You do not have to show up to every argument you are invited to. Potatoes. It’s the oil and what we do to them that makes them high calorie and unhealthy,health-body,PT26S,236,1,0,1.6587085892127118
gFmJwB7Ae1U,2025-07-01T12:21:07Z,383.6,12,"Seemingly Harmless Habits? 😳 HUGE Red Flags!
 #shorts #foryou",What’s a ‘harmless’ habit that actually reveals way more about a person than we realize?,Being kind to all people no matter their job. Looking at your phone when someone is talking to you. Surely it can wait a minute. leaving a mess in public spaces tells you how they act when no one’s watching,life-advice,PT23S,31,0,0,-0.34345166706298214
y6wq_o7vRLQ,2025-07-02T00:47:48Z,383.1,0,"Big Beautiful Bill Passed! 😳 (Reactions)
 #shorts #foryou","The Senate just passed the Big Beautiful Bill today, What's your reaction to this?",I can't wait for this to not benefit me in any way at all It's a good day to not be poor. It's a bad day to be young enough to deal with the long term consequences We are being cannibalized by the rich.,politics-news,PT23S,58,0,0,0.26852914632476477
gMgf71gWSns,2025-07-02T12:20:19Z,382.6,12,"INSTANT Turn-Offs: Guys, Are YOU Doing This?! 😬
 #shorts #foryou",Women what makes a man instantly unattractive to you?,[removed] How they treat women they find unattractive. As a woman on the receiving end of this it's a huge indicator into what kind of person they are. Driving like a maniac and being rude to people he thinks are beneath him.,other,PT23S,43,0,0,-0.024652179318595202
qoOse_duoqg,2025-07-03T00:49:50Z,382.1,0,"Smarter Than You Think?! Celebs With Secret Brains
 #shorts #foryou",Which celebrity is actually a lot smarter than people think?,"Dolph Lundgren holds a master's degree in chemical engineering and was awarded a Fulbright Scholarship to study at MIT Queen's Brian May. He is a worldwide expert on... Interplanetary Space Dust. Ken Jeung, it's surprising how many people forget he's a doctor, since he's always telling jokes and some think it's just a running joke.",other,PT32S,34,0,0,-0.2533133283646056
P5jIY_NCDO8,2025-07-03T12:20:17Z,381.6,12,"Skills Everyone Should Have (But Don't?)
 #shorts #foryou","What’s a “bare minimum” skill everyone should have, but surprisingly many people don’t?",Cooking and laundry Reading a tape measure. Had no idea how much people struggled with this. Seriously. Lately it seems critical thinking is on a sharp decline.,life-advice,PT22S,41,1,0,-0.07082534907637639
L_EL5f08i14,2025-07-04T00:48:22Z,381.1,0,"🤯 Easy Skills That Look IMPOSSIBLE!
 #shorts #foryou",Which ‘wow’ skill is secretly super easy to learn?,"I learned how to make basic balloon animals and swords in a few hours and now all the kids at family parties love me. Kiting mobs as the hunter. Learn a few card tricks, basic sleight of hand can be done in an afternoon.",other,PT23S,100,0,0,0.8068060997904252
E0ZN8wJS83Q,2025-07-04T14:52:05Z,380.5,14,"Big Beautiful Bill: What REALLY Happens Next?!
 #shorts #foryou",Big Beautiful Bill passed. Now what?,"That joke about most empires lasting only 250 years is starting to become scarier... The rich get richer and the rest of us can suffer. Don’t get medically injured or be an immigrant in the US. More of the same, but worse.",politics-news,PT25S,64,0,0,0.36627677987317364
zYZkNuHz-yU,2025-07-05T12:18:26Z,379.6,12,"Unseen Privileges? 🤔 You Might Be Surprised.
 #shorts #foryou",[Serious] What's a type of privilege that isn't often acknowledged?,Having someone to call when things go wrong. A support system is a huge privilege that not everyone has. Mentally healthy parents with good ethics who take parenting seriously. adequate eyesight without corrective lenses,other,PT25S,27,0,0,-0.4755944628536235
JXJySqBADHM,2025-07-06T00:54:22Z,379.1,0,"Products That SCAM You (But You STILL Buy?!)
 #shorts #foryou",What product doesn't work at all but people keep believing it does and keep buying it?,Anything with the claims of “detoxing your body” Those weight loss/flat tummy teas. They're just glorified laxatives.  Any detox product.,other,PT24S,170,0,0,1.3340479909445397
42IXNsa6d9s,2025-07-06T12:19:21Z,378.6,12,"Tattoo Artists REFUSE To Ink THESE? 😳
 #shorts #foryou","Tattooers of Reddit, what tattoos have you refused doing for a client on a moral ground?","My cousin owns his own shop. He won’t do anything racist and no tattoos on or around genitals. r/tattoos Wanted a tattoo of grave that said ""dead girls can't say no.""",other,PT24S,21,0,0,-0.7164066994218903
ww9LNzzWEnw,2025-07-07T00:53:34Z,378.1,0,"""I Hate My Spouse...Why Haven't You Left?""
 #shorts #foryou",Why you are a “I hate my wife/husband” person but not divorced?,"Should have asked me that 5 years ago.  I stayed around for the kids, thinking it was for the best.  Learned otherwise eventually. Kids, finances, mortgage, fear of change Not me, but my parents. Money and old age keeps a lot of people together who don’t love/like each other",other,PT29S,50,0,0,0.12455995457763658
QGLkukuFr9E,2025-07-07T12:21:02Z,377.6,12,"🚩 Couple Red Flags You Can't Ignore!
 #shorts #foryou","What screams ""this couple isn't going to last long""?","They make jokes to hurt one another. Seriously, just break up. When they say something like ""we thought having another kid would bring us closer together."" Cake face smashing at the wedding, when one said not to.",other,PT22S,59,0,0,0.2872463423112861
e7dQ9yvJzZY,2025-07-08T00:48:19Z,377.1,0,"Toxic Parenting Rules We All Think Are Normal?! 💔
 #shorts #foryou",What’s one “normal” parenting rule you secretly think is emotionally damaging AF?,It's not a rule but... Parents getting annoyed at their child having emotions that aren't favorable. Silent Treatment,relationships-dating,PT24S,89,1,0,0.6928937195572935
Yrg3cZU7eJw,2025-07-08T12:20:58Z,376.6,12,"😱 1800s Fears: One Sentence is ALL it Takes!
 #shorts #foryou",What’s a sentence that would immediately terrify someone from the 1800s?,"It's infected. ""The Pope is from Chicago."" I'm flying across the country tomorrow.",other,PT17S,233,2,0,1.6485743322941944
oM-LaSVYYnA,2025-07-09T00:49:58Z,376.1,0,"🔥 Being Hot Has Perks?! Reddit Reveals All!
 #shorts #foryou","hotties of reddit, what are some perks that you've gotten for being attractive?","The guy who sells me shawarma calls me ""boss"". People assume I'm nice before I even say a word — it's wild. I'm curious what all these ""attractive"" people commenting actually look like.",sex-adjacent,PT21S,63,0,0,0.352319473823
N8xFDObGXSE,2025-07-09T12:21:31Z,375.6,12,"American Life Hacks: Europe Does it BETTER?!
 #shorts #foryou",What non American item would you highly recommend to an American?,"Fully enclosed toilet stalls. I mean, ffs. Month-long vacations I’m an American who has been to Europe a couple times for work and vacation, I loved the towel warmers in the bathroom.",other,PT22S,77,0,0,0.5503145659208855
I9Ms9geTeu0,2025-07-10T00:48:30Z,375.1,0,"🚩 Red Flags! Obvious Signs They're Bad News
 #shorts #foryou",What’s a obvious sign that someone is not a good person?,When they never take responsibility for anything they ever do They weaponize kindness. Like they’ll do something ‘nice’ for you just so they can hold it over your head forever. They don't treat their significant other with respect,life-advice,PT22S,31,0,0,-0.3404751911037507
wGfuxxpXlSA,2025-07-10T12:21:07Z,374.6,12,"Things That Can TRULY Scar You... 💔
 #shorts #foryou",What is much more traumatic than most people realise?,Having an emotionally immature parent. A toxic work environment/being abruptly fired from your job. Emotional neglect.,other,PT19S,91,0,0,0.7157475452944424
CnXoXMSAG78,2025-07-11T00:49:31Z,374.1,0,"Sexless Marriage: How MANY People?! (Reddit Reacts)
 #shorts #foryou",How many people are in a sexless marriage? How do you cope?,i am convinced these posts only exist to harvest data Ace Family We're both lazy af. Why is this never a reply?,relationships-dating,PT19S,88,0,0,0.682779342539154
VCg1HIvDlmM,2025-07-11T12:21:10Z,373.6,12,"Profession SECRETS They Don't Want You To Know!
 #shorts #foryou","What's a ""secret"" from your profession that everyone should probably know?","The number of completely incompetent employees working in health care settings is appalling You need two coats of paint. The advertisements are lies. Abusive parents are way more common than you think. Way, way more common. *Soul-crushingly common.*",other,PT26S,25,0,0,-0.5475902099546635
kxtbSj_b_IM,2025-07-15T03:01:40Z,370.0,3,"🤯 Adulting Fails?! Skills Some NEVER Learn!
 #shorts #foryou",What’s a basic skill that still shocks you when adults don’t know how to do it?,"Self reflection, being able to grow. I don't know how to whistle and I don't understand how to do it. Make/take a call in public without using speaker phone",other,PT20S,36,0,0,-0.1934814550056565
wZ_p3BEx0Hw,2025-07-15T12:22:37Z,369.6,12,"🤯 Weight Loss Tips That Actually Work?!
 #shorts #foryou",What is your number 1 weight loss tip?,"drink the water in Cancun, I lost 22lbs in just four days with this simple trick. Calorie Deficit, but prioritize protein and fiber get heartbroken",health-body,PT20S,60,0,0,0.3066141094226942
sQ9TSjUyYHg,2025-07-16T00:50:53Z,369.1,0,"Epstein Files Blocked?! You Won't BELIEVE What People Think
 #shorts #foryou",What do you think about House Republicans blocking the release of the Epstein files?,"Least surprising news of the year. They’re all in the files, lol. Pedos protect pedos",other,PT18S,210,0,0,1.5477848414425806
Y_hYHH0oLzQ,2025-07-16T12:21:49Z,368.6,12,"Craving *This* Feeling... It's Addictive!
 #shorts #foryou",What is the most non-sexually pleasurable thing you like to do?,"wake up on my own, no alarm, nothing to do that day Watching the rain, smelling the rain, listening the rain. I love rain. Cuddling into bed with warm freshly washed blankets and taking the biggest nap.",sex-adjacent,PT23S,61,0,0,0.32323350192849487
vHOEW402B9s,2025-07-17T00:51:20Z,368.1,0,"Epstein Files: How Do We FORCE Their Release?!
 #shorts #foryou",How do we keep up pressure on the government to release the Epstein Files?,"I wonder what percentage of questions on this sub could be answered with ""call your Congress reps"" Ask maga why they support child pedos You can keep up pressure on the **Israeli** government to release the Epstein files.",other,PT24S,63,0,0,0.3551694814380637
pqSpEEBBZ5Y,2025-07-17T12:20:49Z,367.6,12,"Beliefs That AREN'T Real?! 🤯
 #shorts #foryou",What’s a pseudoscience that people still commonly believe is real?,Chiropractor Lie detectors and most other forms of “forensic science” outside of DNA. Amber bracelets and necklaces on toddlers to prevent teething pain.,other,PT20S,158,2,0,1.265363115008932
CA74oLX496k,2025-07-18T00:51:11Z,367.1,0,"TV Shows That FELL OFF Hard 📉
 #shorts #foryou",Which show do you think started as a 10/10 but ended as 1/10?,The Walking Dead.  House of Cards. One of the best shows ever for the first few seasons and then ended in the most disappointing fashion ever. Each season of American Horror Story gets worse than the one before,other,PT28S,60,0,0,0.30752078072841815
hYqav0qcs-4,2025-07-18T12:21:48Z,366.6,12,"Astronomer Employees Spill the ☕
 #shorts #foryou","People who work at ‘Astronomer,’ how was work today?",Imagine getting talked down by HR there for doing something wrong then you find this out. I can’t believe this is how I found out Coldplay was on tour These are the same people in the email telling you how important the code of conduct is.,other,PT23S,117,0,0,0.9675048104621826
72GZYgKfNgY,2025-07-19T00:50:17Z,366.1,0,"PBS & NPR Defunded?! Americans React!
 #shorts #foryou",Americans how do you feel about PBS and NPR losing their funding?,You ever kick a ball into a neighbors yard as a child and instead of just tossing the ball back they pop it? PBS exposed my generation to mr rogers. And my daughters generation to daniel tiger. If it costs billions its money well spent. I am cancelling Xbox game pass and sending that money to PBS.  I am cancelling Disney+ and sending that to NPR.,politics-news,PT34S,69,0,0,0.4455034718432995
UUVJFY1I6eQ,2025-07-19T12:19:13Z,365.6,12,"Celebrities Done DIRTY 💔 You Won't Believe It.
 #shorts #foryou",Who is a celebrity who was treated horrendously?,Gary Coleman. Parents stole all his money and he died as a security guard after life long health issues. Brendan Fraser. Judy Garland,fame-celebrity,PT20S,181,1,0,1.4011882358518442
2cXstg2g1oo,2025-07-20T00:58:48Z,365.1,0,"Trump's Epstein Drawing: WSJ Hiding Something?
 #shorts #foryou",Why do you think the WSJ didn’t publish Trump’s drawing sent to Epstein?,Waiting for the discovery phase if Trump actually pushes the lawsuit to trial so they can dump the original in as evidence? Rope a dope. They did it a lot during the first Trump admin. Put out a story. Trump would claim it was fake. They'd post proof. I don't know but someone has a treasure trove of Epstein docs and this could just be the 1st drip.,other,PT31S,104,0,0,0.8513332548164909
C-pKshzaFI4,2025-07-20T12:19:56Z,364.6,12,"🔥 UNEXPECTED Signs You're Secretly Attractive
 #shorts #foryou",What are signs that you may be more attractive than you think you are?,Frantically reading through this to find any glimpse of my attractiveness You think most people are generally very friendly People you’re with will notice strangers staring at you,other,PT20S,860,1,0,2.9556392369397697
YYQPFxAyXlA,2025-07-21T00:55:19Z,364.1,0,"Dumb Things People Think Make You Smart 🤦‍♀️
 #shorts #foryou",What is definitely NOT a sign of intelligence but people think it is?,"People always confuse trivial knowledge with high intelligence, it's a very common misconception. Money or success. Intelligence helps but it's not always necessary. Making money.",other,PT23S,94,0,0,0.7516124437079017
xaxoboKmsp8,2025-07-21T12:23:00Z,363.6,12,"Who NEEDS a MASSIVE Apology? 😳
 #shorts #foryou",What person deserves a massive apology from everyone?,"The lady who lost her baby to a dingo.  Imagine losing your baby,  being accused and jailed, and society mocking you.  Devastating. The Asian kid the cops handed back to Jeffrey Dahmer. The school janitor, the one quietly cleaning up after our chaos while we raced out the door, never once thinking to say thank you.",other,PT30S,53,0,0,0.1868935555939042
MTISyE2GK90,2025-07-22T00:51:23Z,363.1,0,"💀 These Companies Are GONERS in 20 Years?!
 #shorts #foryou",What major company do you genuinely believe won’t exist in 20 years?,"JCPenney  DISH(Television) I think one of the American TV networks will close up shop - or rather, two of them will merge.",other,PT20S,272,1,0,1.8075708756552942
l-MK9FDyZGo,2025-07-23T01:53:38Z,362.1,1,"2028 Election: Who's Your Dream Candidate?! 🤔
 #shorts #foryou",Who do you want to run for U.S. President in 2028?,"Can we as a country just be single for a while? Maybe just the bill from school house rock. St least he understood how the constitution worked Honestly, at this point I'd settle for a candidate who's just a normal, scandal-free human with basic empathy and common sense.",politics-news,PT28S,39,0,0,-0.11264011318938438
jDNLDjwedSI,2025-07-23T12:22:35Z,361.6,12,"Funniest Pet Names EVER?!
 #shorts #foryou",What's the most human name that you heard named for a pet?,An older English woman who lives down the road from me has a small white dog named Barbara and one named Phyllis A cat named Michael Met a golden retriever named Kevin. Absolute tax accountant energy,other,PT23S,66,0,0,0.4033330400224715
eojAkEGYKy8,2025-07-24T00:51:50Z,361.1,0,"#1 Sign He's Secretly Attracted? 👀 Guys Spill!
 #shorts #foryou",Whats the number one sign a man is attracted to you?,He find reasons to be around you and stays engaged when he is He brings you to a Coldplay concert instead of his wife. In my personal experience? He keeps finding reasons to talk to you. Especially silly ones,relationships-dating,PT23S,29,0,0,-0.3999713562865841
TaYTYLmXSpw,2025-07-24T12:23:07Z,360.6,12,"Legal BUT Evil?! 😡 (These Should Be ILLEGAL)
 #shorts #foryou",What's a perfectly legal thing that should absolutely be a crime?,"Posting something on an online marketplace for $0.00 and having the actual price in the description. Overbooking any service, be it hotels, restaurants, airplanes, etc. Insurance denying or having ANY say in what you are prescribed or denying care,",politics-news,PT26S,59,0,0,0.293352145064389
VzRORbvYeU8,2025-07-25T00:53:02Z,360.1,0,"South Park DESTROYS Trump & Paramount! 🔥 Reactions
 #shorts #foryou",What do you think of South Park going scorched earth on Trump and Paramount?,It's incredibly incredibly beautiful. Looking forward to him treating this with the 'Streisand Effect' I cannot wait to see his reply.  ,politics-news,PT42S,62,0,0,0.3423338508435898
kCiWEditH2c,2025-07-25T12:22:32Z,359.6,12,"Loopholes So Good They Got SHUT DOWN! 😈
 #shorts #foryou",What’s a loophole you abused until it was closed?,Free Sirius XFM.  I canceled it. The company stopped billing me but never actually shut it off. Lasted for YEARS. Played Doom on the cash register at work. In Germany:,other,PT32S,97,0,0,0.7843429578691046
JMfUVNqH-v8,2025-07-26T00:50:36Z,359.1,0,"Trump Pardons Maxwell?! Conservatives React.
 #shorts #foryou",Conservatives of Reddit: How would you feel if Trump pardons Ghislaine Maxwell?,Notice how no actual conservatives ever reply to these things. It would mean Maxwell is good and they liked her along.  We have always been at war with Eastasia. Just asked my maga coworker. He just shrugged his shoulders. Maga people love pedofiles!,politics-news,PT27S,55,0,1,0.22491877016337014
eohklwMcu8s,2025-07-26T12:20:31Z,358.6,12,"Harmless Lies That RUINED Us 💀
 #shorts #foryou",What's a 'harmless' lie your parents told you that low key messed you up?,"""If you vacuum over the cord to the vaccum you will be electrocuted to death and the house will burn down"" My grandma went blind around when I was born. My dad used to tell me it was because she looked at me. Touching yourself will make u blind.",dark-morbid,PT30S,73,0,0,0.5038091249228902
9c3PnUunMrI,2025-07-27T00:56:38Z,358.1,0,"Society's Dying...And It's Heartbreaking 💔
 #shorts #foryou",What is slowly disappearing from the society and you hate to see it to happen?,Patience. Everyone wants instant everything now. Accountability. Empathy,nostalgia,PT17S,69,0,0,0.44843347699664093
Lm7_gHvmrWc,2025-07-27T12:20:02Z,357.6,12,"Men NOT Dating: Brutal Truths 😳
 #shorts #foryou","Men who aren’t dating, why?","I'm a strong independant man, I don't need no woman Because i no longer have any interest in it  I’ve accepted I’m not healthy and don’t expose others to that",relationships-dating,PT18S,49,0,0,0.11213701200163673
ZI_z_4_Pdfg,2025-07-28T00:56:19Z,357.1,0,"Tourist Traps: Total Rip-Offs?! 😲
 #shorts #foryou",What’s the most overhyped tourist attraction?,"For me, it’s Hollywood Walk of Fame. Too crowded, dirty sidewalks and lots of street hustlers New Year's Eve in Times Square Plymouth Rock",other,PT20S,123,0,0,1.0205903616296852
2mlwNI9mKVc,2025-07-28T12:23:00Z,356.6,12,"South Park's Trump: Nailed It? 🔥 Reddit Reacts
 #shorts #foryou",What did you think of how Trump was depicted in the recent South Park episode?,"Incredibly succinct and accurate, especially if you know the history of the show and the last time they depicted someone like this The very fundamental basis of free speech is the right to mock those in power.  Go South Park! South Park depicted the essence of Trump very accurately.",other,PT28S,63,0,0,0.3593689908707778
8T2wjykQY8M,2025-07-29T00:56:50Z,356.1,0,"Job Interview Red Flags? RUN! 🚩
 #shorts #foryou",What's a red flag in a job interview that says 'walk away'?,"Ready to schedule your 5th interview? [removed] ""We like to hustle and not limit ourselves to regular office hours"" ",money-work,PT19S,106,1,0,0.8735094459050803
dHLGC_aLh38,2025-07-29T12:22:49Z,355.6,12,"Growing Up Hurts: The Truth Nobody Tells You
 #shorts #foryou",What are you slowly starting to realize as you get older?,"Look after yourself because no one else will. That nobody really knows what they're doing, we're all just winging it with varying levels of confidence when you realize how imperfect your parents, grandparents, and many other role models in your life really are",life-advice,PT24S,44,0,0,0.00752052941274739
baIn3WnCR_s,2025-07-30T00:52:36Z,355.1,0,"World's Most Evil Person Alive? 😳 Reddit Reacts.
 #shorts #foryou",Who is the most evil person who is still alive today?,"Evil's rarely loud. It's rich, quiet, and legally untouchable. Netanyahu [removed]",other,PT18S,116,0,0,0.9632261764514736
ukGL5TXbjDc,2025-07-31T02:11:20Z,354.0,2,"Secret Signs Your Coworker's About to QUIT 🤫
 #shorts #foryou",What’s a sign someone is quietly planning to quit their job?,"Good performer stops caring  I recall coworkers would suddenly have dentist/doctor appointments, like every week.....they were at interviews. Nice try, boss. Give ‘em that raise.",money-work,PT22S,39,0,0,-0.10967406173877992
v80VsDnL6vk,2025-07-31T12:21:40Z,353.6,12,"American Things That Shocked Me Abroad! 🤯
 #shorts #foryou",What’s something you didn’t realize was “very American” until you left the U.S.?,"I don’t care which one we decide to go with, but can’t the world just decide on one type of electrical outlet? Ranch dressing Billboards along the highways",other,PT25S,40,0,0,-0.08482268400447257
b9uiF9O5AVk,2025-08-01T01:01:34Z,353.1,1,"Ban Social Media Under 14? The TRUTH! 🤯
 #shorts #foryou",Do you support banning social media for anyone under 14 y.o? why?,"In theory, but how do you implement it? Does it require me using my government ID to use the internet? I want less surveillance, not more… No because that requires age verification and that makes it impossible to be anonymous Nope. It's the parents job to control it.",politics-news,PT34S,170,0,0,1.3434667436730185
ip4v0KcNBTg,2025-08-01T12:22:38Z,352.6,12,"🤯 90s/2000s Trends That Would BREAK Gen Alpha
 #shorts #foryou",What's a 90s/2000s trend that would baffle kids today?,"Buying ringtones. Riding to a friend's house to see if they could hang out. No? Ok, I'll start my 2 mile bike ride back home to find something else to do. Recording songs from the radio.",nostalgia,PT24S,123,0,0,1.0222624077857398
b1CT89GMN6o,2025-08-02T00:47:59Z,352.1,0,"Fads That Died FAST! 💀 You Forgot About These!
 #shorts #foryou",What is a fad that came in and was so popular and went out in the blink of an eye?,NFTs Harlem Shake videos Silly bandz,nostalgia,PT16S,170,0,0,1.343839095178195
AoN4FPURjpo,2025-08-02T12:20:33Z,351.6,12,"Shockingly Conservative Countries You Won't Expect!
 #shorts #foryou",What country is surprisingly more conservative than people think ?,The vast majority of the planet is much more conservative than people think Most of the world is a lot more conservative than most Reddit uses would like to admit. Singapore modern city crazy skyline but the laws and social norms are stricter than you’d expect,politics-news,PT24S,50,0,0,0.13418233680404423
XWpZCVCgX-A,2025-08-03T00:58:49Z,351.1,0,"$200M Ballroom?! People Are Furious!
 #shorts #foryou",How do you feel about the new $200 million dollar ballroom in the White House?,Who puts $200m in renovations into a house they're planning on leaving in a few years? Feel like I'd rather have the corporation for public broadcasting. [removed],politics-news,PT21S,70,1,0,0.46523521709052673
8-zs2bzAYok,2025-08-03T12:19:46Z,350.6,12,"Scariest Addiction That ISN'T Drugs?! 😳
 #shorts #foryou",What’s the worst non-drug addiction you’ve ever seen?,"I have a friend whose paycheck is entirely lost to online blackjack hours after he gets it each week, it's a terrible existence. It’s gambling without a doubt. I read a book, and gamblers actually have a higher suicide rate than any other addict. Gambling",dark-morbid,PT25S,55,0,0,0.2280856669021305
jWk424bgg84,2025-08-04T12:23:46Z,349.6,12,"Malls Dying? Here's What's Taking Over.
 #shorts #foryou","If malls, nightlife, movie theaters, tourism are all dying, what is on the rise?",Sitting in front of a screen for 12 hours a day Isolation triggered depression Staying home,other,PT22S,56,1,0,0.24616485233229612
dP37FHj8nHg,2025-08-05T00:53:37Z,349.1,0,"BRANDS DYING?! 💀 See Which Will VANISH in 20 Years!
 #shorts #foryou",What major brands will be gone in 20 years?,Ticketmaster if we’re lucky. maybe Sears will finally be completely gone. Rite Aid,other,PT16S,89,0,0,0.7031208101126385
OTdnZwnqZto,2025-08-05T12:22:59Z,348.6,12,"Gross Habits You Didn't Know You Had! 🤢
 #shorts #foryou",What is extremely unhygienic but everyone seems to do it anyway?,"People making your lunch in gloves to keep the germs off the food, then take your dirty cash with the clean gloves I see peeps walk out of the restroom without washing their hands all the time. Licking your fingers when counting money or turning pages",health-body,PT24S,57,0,0,0.2639360308529284
NbSU5rDcqA8,2025-08-06T00:55:01Z,348.1,0,"🤫Secret High-Paying Jobs You'd NEVER Guess!
 #shorts #foryou",What’s a job where someone makes way more money than people realize?,"Sales jobs have the highest difference between IQ and salary.  I know people that own salons for eyelash extensions, epilation, eyebrows that make bank Professors in professional schools. ",money-work,PT29S,49,0,0,0.11571472512340009
EjwJ28Zg0Zs,2025-08-06T12:23:15Z,347.6,12,"Forgotten Tech We SECRETLY Miss! 🥺
 #shorts #foryou",What’s a piece of obsolete tech you still weirdly miss?,"VHS tapes. Not the tapes per se, but the Friday night ritual of going to the movie rental shop with friends, picking a movie, grabbing junk food, etc. Owning software that is on a disk, and being disconnected from the net to play a game. Anything user-repairable",nostalgia,PT26S,49,0,0,0.11589682893891551
F6bItVNWey4,2025-08-07T00:53:42Z,347.1,0,"Hamburger RUINED?! (Reddit ROASTS)
 #shorts #foryou",What instantly ruins a hamburger?,Size. Hot lettuce Undercooked or fatty bacon…you take one bite and all the bacon and half the toppings come with it,other,PT20S,73,0,0,0.5081377683849944
nJ_CeCMDjgo,2025-08-07T13:02:00Z,346.6,13,"Grossest Habits People Confess?! 🤮
 #shorts #foryou",What is the grossest thing someone has openly told you that they do regularly?,"The one positive (?) thing about reading this thread is knowing that I’m not as weird as I make myself out to be. I regret reading this thread. After reading this thread, I’ve decided that I’m really not *that* mentally ill.",dark-morbid,PT23S,74,0,0,0.521754056840336
798aPt3idGI,2025-08-08T00:55:22Z,346.1,0,"Facts You'll Regret Knowing...Probably.
 #shorts #foryou",What’s a scientific fact that most people would rather not know?,"Some people have anesthesia awareness...they dont go under and are aware of everything going on. Your eyeballs have their own immune system separate from your bodies. If your bodies immune system ever discovers your eyeballs, it will destroy them. I think most people don't want to know about the millions of very small arachnids that live in our faces.",other,PT32S,32,0,0,-0.2990369163390376
Z_8PUimecoU,2025-08-08T12:22:09Z,345.6,12,"Unexpected Turn-Ons: What Girls Wear?! 😳
 #shorts #foryou","What's something a girl can wear that instantly turns you on, but she'd never expect it?",My t-shirt A choker. I've seen them on all sorts of girls and it always gets my attention. Glasses,other,PT19S,124,0,0,1.0329520303589277
DOMkPDITAig,2025-08-09T00:47:31Z,345.1,0,"Instant Regret: Fastest Self-Destructions EVER?
 #shorts #foryou",Who ruined their own life the fastest?,"The pilot that allowed his children to play around with the plane, it crashed in just 3 min killing all 75 on board Will Smith was 45 minutes away from accepting an Oscar before ruining his career and image. The Oceangate CEO did it pretty fast.",dark-morbid,PT27S,71,0,0,0.481503059102776
71ERRmCB7uY,2025-08-09T12:20:09Z,344.6,12,"Best. Feeling. EVER. (No 🌶️ or 💊)
 #shorts #foryou","What's the most pleasant nonsexual,non drug experience a human can experience?","Waking up naturally, well-rested, on a day with nothing urgent to do, and realizing you can just stay cozy for a while Having a shower and then getting into your bed that has clean bedsheets on it Getting into bed and falling asleep when you’re super exhausted",other,PT26S,37,0,0,-0.15739203981202454
oMMCSoJOPFY,2025-08-10T00:58:04Z,344.1,0,"Putin Arrested in Alaska?! You Won't Believe What Happens!
 #shorts #foryou",What would happen if the US arrested Putin in Alaska?,"When a leader is no more in a nation without a clear and formal transition plan in place, it tends to lead to chaos. So I would guess chaos. I'd bet money on Trump giving Alaska to Putin before I bet on him arresting Putin in Alaska. Violating diplomatic immunity like that would put targets on all US diplomats",hypotheticals,PT30S,36,0,0,-0.18385770685022207
cRrYtcVjQIM,2025-08-10T12:18:58Z,343.6,12,"Dumb Things People Think Are Smart! 🤯
 #shorts #foryou","What is NOT a sign of intelligence, but people think it is?","Success/wealth Talking reeeeaaaallllyyyy reeeaaaaalllllyyyyyy fast, while spewing as much irrelevant information as possible. Confidence",other,PT20S,31,0,0,-0.32885745766508556
2ihzs4ltkz4,2025-08-11T00:56:43Z,343.1,0,"Coma Survivors Describe the UNIMAGINABLE
 #shorts #foryou","People who’ve been in a coma, what did it feel like?","I was in a medically induced coma for about 24hrs.  It was like time travelling. Felt like no time passed at all. One second I was out, next second I was waking up. No dreams, no awareness, just nothingness For me it was a DEEP dreamless sleep. Not aware of anything external. Woke up a week later and didn’t know who I was or who my family was",health-body,PT33S,32,0,0,-0.2978826741487741
Vu85YbKD2uA,2025-08-11T12:22:21Z,342.6,12,"🤫These Industries Are HIDING A Secret Crisis!
 #shorts #foryou",What industry is struggling way more than people think?,"Alcohol. Overproduction, a barrel glut, declining Gen Z interest in alcohol, and retaliatory tariffs have burdened distilleries I work in the film industry and it’s been brutal the last few years. Hairstylists. People have stopped going to salons due to how expensive it's gotten.",other,PT28S,34,0,0,-0.238858112439567
mIZqOrlU3V4,2025-08-12T00:48:01Z,342.1,0,"Underrated Industries BOOMING?! You Won't Believe These!
 #shorts #foryou",What industry is booming way more than people think?,Utilities. Data centers are so desperate for energy they want thier own nuclear reactors.  Pet cremation. Sustainable packaging,other,PT19S,50,0,0,0.13781992732159276
loW9tXPftEI,2025-08-12T12:21:02Z,341.6,12,"Craziest Excuses For Calling Out Of Work! 🤣
 #shorts #foryou",What is the most unusual excuse you've ever heard of from somebody calling off work?,A plane landed on the expressway preventing traffic from using the road. They couldn't come in because their neighbor's dog ate their car keys. One guy said he couldn't come in because his goldfish was depressed... and he needed to 'be there emotionally.,money-work,PT26S,120,0,0,1.0019714262955315
Lcr_-bsm-yU,2025-08-13T00:48:58Z,341.1,0,"GF Secrets I Wish I Knew Sooner! 🤯
 #shorts #foryou","Men, what did you find out about women when you got a girlfriend?",Dealing with clogged or slow drains in the shower is considered a normal part of existence. You should still love them if they were a worm Her Hair finds its way into your buttcrack,relationships-dating,PT20S,52,0,0,0.17667446113839036
u4SLrBeU4P8,2025-08-13T12:21:24Z,340.6,12,"Black Market?! You WON'T Believe What's Sold!
 #shorts #foryou",What items are sold on the black market that people would not expect?,"Expired Starbucks flavor syrups, which I find both sad and kind of hilarious. Powdered Baby formula is a highly shoplifted item. Stuff is expensive and sold online next to  the laundry detergent. Fish. Second biggest black market trade",dark-morbid,PT26S,82,0,0,0.6254101316215293
TxfJxCoufW8,2025-08-14T00:48:45Z,340.1,0,"30s & Childfree Weekends: How They REALLY Spend Them
 #shorts #foryou",Those in their 30s without children how do you spend your weekends?,"Doing whatever my heart desires I have three day weekends. One’s for life admin, one’s for socialising and one’s for resting Traveling, working on the house, hanging out, bed rotting, naps. I really enjoy that time to myself.",other,PT25S,47,0,0,0.07797263641947572
BZosJFoh2-E,2025-08-14T12:21:40Z,339.6,12,"🚩 Signs You're STUCK (Emotionally)
 #shorts #foryou",What screams “I will never emotionally grow as a person”?,"Refusing to accept fault for your mistakes. Close-mindedness, refusal to take accountability and arrogance. People who are unable to apologize or recognize when they are wrong",other,PT21S,12,0,0,-1.2280913597193597
THOj9YbvwsE,2025-08-15T15:23:30Z,338.5,15,"TREASON: When Is a President Too Far? 🇺🇸
 #shorts #foryou",To all Americans: at what point is a President considered to be treasonous?,"To some of us, that point was reached years ago, to some it will never be reached. Trump was treasonous at least 4 years before he got elected. And probably before that.  Better question: At what point is the whole government considered treasonous?",politics-news,PT33S,6,0,0,-1.8466902979081976
KaojabYOzx0,2025-08-16T00:46:15Z,338.1,0,"Unbelievable Celebrity Falls From Grace?! 😳
 #shorts #foryou",What’s a celebrity downfall that still shocks you to this day?,I’m shocked Chris Brown didn’t have a downfall. Oscar Pistorius From the sports world: Joe Paterno. The man had legacy and reputation that could not be ruined. Then it was.,fame-celebrity,PT22S,12,0,0,-1.227497980424983
96EZNoOx5vk,2025-08-16T12:19:15Z,337.6,12,"90s-00s PC Gamers REVEAL Their #1 Game! 🤯
 #shorts #foryou",People who used a computer between 1991 & 2009…what’s the most memorable computer game?,Rollercoaster Tycoon or anything else made by Chris Sawyer. Age of Empires II SimCity 2000,nostalgia,PT21S,23,0,0,-0.614204717614014
tj8faNubOXU,2025-08-17T00:54:38Z,337.1,0,"How Did YOU Spot a Psychopath? 👀
 #shorts #foryou","People who've interacted with a psychopath, what made you realize they were one?","Antisocial Personality Disorder diagnosis. Psychopathy isn’t a diagnosable disorder on its own in the DSM-5 instead it is a possible feature of APD. He was thrilled to be manager of a call center. Watching them learn how to mimic genuine empathy, then weaponize it. Just this one person though.. fortunately.",dark-morbid,PT31S,40,0,0,-0.07848038982873673
n27QrIxIwBM,2025-08-17T12:19:46Z,336.6,12,"True Scary Stories That'll Keep You Up
 #shorts #foryou",What is the scariest story you know that is true?,[removed] [Girl in the Box](https://en.m.wikipedia.org/wiki/Kidnapping_of_Colleen_Stan) r/eyebleach,dark-morbid,PT30S,21,0,0,-0.7008228005225323
sZH-Vd6Q0Pg,2025-08-18T00:53:45Z,336.1,0,"Reddit's Darkest Secrets REVEALED. 🤫
 #shorts #foryou","What’s a secret you’ll take to the grave, but would tell anonymously on Reddit?",Just feels wrong to say outloud but losing a close friendship has impacted me more deeply and for far longer than my dad's death. I'm on candy crush level 18056 and still counting I pooped in my underwear a few days ago because of stomach problems i had.,other,PT27S,26,0,0,-0.4958220669049007
5ghuUk0uXKo,2025-08-18T12:22:15Z,335.6,12,"Govt Cover-Ups EXPOSED! You Won't Believe #3 🤫
 #shorts #foryou",What has been clearly proven to be a government cover-up?,"#Epstein files Operation Condor-CIA staging coups and disrupting elections in order to install dictatorships in Latin and South America. Surprised to not have seen Watergate here. It’s now just accepted as a cold-hard fact, but before that it was widely just considered conspiratorial.",politics-news,PT29S,5,0,0,-1.99971078069466
jl43kb2Mrl8,2025-08-19T00:46:39Z,335.1,0,"Most Corrupt Org? Reddit's SHOCKING Answers!
 #shorts #foryou",What is the most corrupt organization in human history?,FIFA. Forbes Top 30 Under 30 IOC,other,PT15S,37,0,0,-0.15367978518755931
2SEMOGewnt0,2025-08-19T12:20:22Z,334.6,12,"🤯 Biggest Legal Scams STILL Happening?!
 #shorts #foryou",What’s the biggest legal scam still operating today?,"College textbooks. New edition every year, barely any changes, and somehow still $300+ a pop Medical Insurance Ticket master",other,PT20S,47,0,0,0.08012574457521549
2TQ1xDxSPko,2025-08-20T00:45:59Z,334.1,0,"WEIRDEST Flex EVER Said?! 😳 (I'm Serious)
 #shorts #foryou",What’s the weirdest flex you’ve ever heard someone say with a straight face?,“I don’t use my PTO” soooo you’re working for free basically? Weird flex but ok (we get X amount of days off that don’t roll over or pay out) A kid told me the Grand Wizard eats Thanksgiving dinner at his house. “I’m the only man in town with six fingers!”,humor-absurd,PT26S,49,0,0,0.1211529895188832
F7bl42wdwsk,2025-08-20T12:19:34Z,333.6,12,"Skills You Didn't Know You Had! 👀
 #shorts #foryou",What are you naturally good at?,"browsing reddit at my job I count myself incredibly fortunate to be able to make friends easily. Always have, even as a young child. Making people laugh",life-advice,PT19S,47,1,0,0.08052220766652729
4KNrxnn4LYA,2025-08-21T00:44:57Z,333.1,0,"Easy Skills That *Look* Impossible!
 #shorts #foryou",What impressive skill looks hard but is secretly easy to learn?,"Microsoft Excel Walking.  Juggling - it looks crazy, but once you catch the rhythm, it all works out quickly.",life-advice,PT27S,25,0,0,-0.5323764639079269
FJiDKJhqzMk,2025-08-21T12:21:38Z,332.6,12,"OMG! You Won't BELIEVE What My Friend Did! 🤢
 #shorts #foryou",What's the most disgusting thing you've ever discovered about a friend?,"He used to spit on the floor in his room, in the same place.  She was sleeping with my boyfriend. They have a child together now but he cheated on her with her aunt lol. She had a whole drawer of used chewing gum under her desk. Years of it.",dark-morbid,PT26S,64,0,0,0.38410691249904394
usvmmNihqZE,2025-08-22T00:45:55Z,332.1,0,"Reddit's Weirdest Gatekeepers? You Won't Believe These Subs!
 #shorts #foryou",What are the most oddly “gate kept” subs?,"Any sub that bans for participating in different subs r/snydercut will ban you if you say you liked a movie that was not directed by Zack Snyder r/pics, you can get banned for participating in completely unrelated subreddits.",other,PT24S,49,0,0,0.12194876458550974
kAI33hsvcUs,2025-08-22T12:20:10Z,331.6,12,"Bored Before Phones? We Actually Did *THIS*!
 #shorts #foryou","People who grew up without smartphones, what did you actually do when you were bored?","Books, magazines, video games, TV, hangout with friends went out on bike rides, all. the. time. doing that with your buddies was a peak experience, never forget Read, go and meet friends, be bored",nostalgia,PT28S,75,0,0,0.5408516494934976
YxugVSFp3T0,2025-09-13T22:01:50Z,309.2,22,Mediocre Actors Who Hit the JACKPOT! 🤯 #shorts #foryou,What is the luckiest break/role a mediocre actor ever got?,Orlando Bloom as Legolas. Got the job two days after finishing drama school.  Tony Danza made an entire career out of playing an Italian guy named Tony... Vin Diesel landing Groot and getting paid millions to say one line in 40 different emotional tones is honestly peak career efficiency,fame-celebrity,PT29S,42,0,0,-0.019410481371843424
78zx-NQ3wVI,2025-09-14T00:48:31Z,309.1,0,"Women Reveal: What Your Man REFUSES To Do?!
 #shorts #foryou","Women of reddit, what's one thing your SO won't do no matter how much you ask?","Stop smoking He won’t take a proper picture with me. Always a goofy face, never just one nice smile Put his dirty socks in the laundry basket instead of right next to it. Even when I threaten to set him on fire next time it happens.",relationships-dating,PT26S,2,0,0,-2.6819486839542845
TjeZN7Gnx04,2025-09-14T12:18:57Z,308.6,12,"💔Relationship Truths That HIT DIFFERENT
 #shorts #foryou",What’s the most painful thing you’ve had to accept in a relationship?,That there’s nothing worse than feeling alone while living with your SO. Realizing you’re more in love with who someone *could* be than who they *are* has been one of the hardest truths I ever had to accept You can't make someone love you.,other,PT23S,46,0,0,0.06979238085663697
n9WrhduYV3U,2025-09-15T00:53:32Z,308.1,0,"Saddest Game Scenes EVER? 😭 You'll Cry.
 #shorts #foryou",What is the saddest Video game scene of all time?,Arthur Morgan solemnly telling his dying horse “thank you” before going to his death Joel having his daughter shot in the first 10 minutes of the game Clementine shooting Lee in The Walking Dead“,other,PT21S,66,0,0,0.42456263315556386
YMnreQdpm5Y,2025-09-15T12:22:51Z,307.6,12,"Trump Says WHAT About Smart People?! 🤯
 #shorts #foryou",What’s your take on Trump saying smart people don’t like him?,"Yet another hilarous way Trump is showing how little he thinks of his own supporters. Hold on. He actually said this?! That's hilarious on so many levels! Sometimes he does tell the truth. It is rare, but it happens.",other,PT25S,47,0,0,0.09127711299578278
2clRmgMM1Us,2025-09-16T00:43:33Z,307.1,0,"Job Secrets REVEALED! 🤫
 #shorts #foryou",What is a cheat code at your job that only employees would know?,"Wait for the aggressive cat to hiss and you can squirt the liquid gabapentin in easier The biscuits and gravy ""special"" is 6.99 but if you ring in biscuits and gravy a la carte is like 5.75. I work at a casino, the cheat code is: don't gamble.",other,PT28S,77,0,0,0.5770067371812351
E7qHyD4bGJs,2025-09-16T12:21:39Z,306.6,12,"Chefs REVEAL: Must-Know Cooking Secrets!
 #shorts #foryou","Chefs of Reddit, what's a cooking hack everybody should know?","Make sure your knives are sharp.  Scrape food with the back of knife not the cutting edge. Use lemon juice (or any appropriate acid, such as vinegar) as a seasoning just like salt & pepper.",other,PT25S,46,0,0,0.07065490404483654
HTnmcw1VZsc,2025-09-17T00:44:19Z,306.1,0,"Ridiculous Parenting Hacks That Actually WORK?! 🤯
 #shorts #foryou",What’s a parenting “hack” that sounds ridiculous but actually works?,"Her: I don't like broccoli Make screen passwords important phone numbers. Kids will learn them very quickly if it lets them unlock the iPad. Let kids struggle with puzzles or tasks, productive struggle can build resilience",life-advice,PT30S,178,0,0,1.4081162313426363
rSnz3nrgTFg,2025-09-17T12:21:43Z,305.6,12,"Anti-Kirk Posts = Job Loss?! The Internet Reacts.
 #shorts #foryou",How do you feel about people losing their jobs because they posted anti-Kirk content?,I think people should also lose their jobs if they post about wanting to start a war with the left because of it. I feel like someone should release the files. People lost their job for mocking George Floyd so it happens,politics-news,PT24S,38,0,0,-0.11549806237170479
1rwy6xm5h8U,2025-09-18T00:43:45Z,305.1,0,"Women's Secret Habits? Men Are SHOCKED!
 #shorts #foryou",What is something women do in private that will surprise men?,"open jars Shave our toe hairs. Many of us shave our faces. PCOS, peach fuzz, hormonal hair growth, genetics...lots of factors that can affect many women.",other,PT22S,49,0,0,0.13318695976083994
G__3jx9sIcE,2025-09-18T12:21:43Z,304.6,12,"Kimmel CANCELED?! Reddit REACTS! 😳
 #shorts #foryou",What are your thoughts on Jimmy Kimmel being pulled off air ?,"My thoughts are that multiple Reddit subs will be banned soon. People don’t understand how fast this will accelerate  I hope John Oliver talks about this before he gets cancelled too. If Charlie Kirk were a 6-year-old in school, we would have moved on by now.",fame-celebrity,PT25S,135,0,0,1.1340295654188446
SvIlF1anibo,2025-09-19T00:45:59Z,304.1,0,"Trump Declared Antifa What?! (Reddit Reacts)
 #shorts #foryou",What are your thoughts on Trump designating Antifa as a violent extremist organization?,"Can you name one leader of that organization? I think he’s in the Epstein files. If the ""Anti Fascists"" are designated as ""terrorists"" by the government, then the government is Fascist.",other,PT22S,79,0,0,0.6036263880114134
bvSYCI4URs8,2025-09-19T12:20:04Z,303.6,12,"Men REVEAL: Biggest Green Flags in Women 🚩
 #shorts #foryou","Men of reddit, what’s the biggest green flag in a woman?",Supports your weird hobbies Being able to apologize (an actual genuine apology). i's when she's genuinely supportive without makin it a competition,relationships-dating,PT20S,50,0,0,0.15363562876178083
n4yje0t1LrQ,2025-09-20T00:43:59Z,303.1,0,"Fighting Authoritarianism: Ordinary Americans' Secret Weapons?
 #shorts #foryou",What can ordinary Americans do to push back against rising authoritarianism in the U.S.?,https://archive.org/details/AWordToTramps Delete social media 🇺🇸 stop spending money 🇺🇸 Be petty by remembering everything that was said and done and letting NO ONE forget how badly it went.,politics-news,PT39S,44,0,0,0.028698194268502952
wsQMaYdr88Q,2025-09-20T12:18:35Z,302.6,12,"Men, You're Doing This & Women Notice (Safe/Unsafe)
 #shorts #foryou","Women, what's something men do that they don't realize makes women feel safe or unsafe?","Checking in with ""Did you get home safe?"" after a night out. It means more than you think. Driving reckless after an argument. Especially with the kids. Asking for my number before trying to have small talk with me.",other,PT25S,145,1,0,1.2058534192770884
xvsX438rApQ,2025-10-04T19:15:22Z,288.3,19,"Craziest Things People Have Actually Done?!
 #shorts #foryou",What’s the most unhinged thing you’ve ever done?,"Engaged with the reddit hive Taking stimulants and spending days peaking out of a window. When I changed out the hood on my car, I removed the hinges from it.",dark-morbid,PT19S,38,0,0,-0.10778058601919316
GcTz74gCsok,2025-10-05T00:49:33Z,288.1,0,"Last Day on Earth: What Matters Most?
 #shorts #foryou",You have one day left to live. What are you going to spend it doing?,"Playing with my kid. Just spending time with my parents, brothers, and boyfriend Hard choice, i want too much xD But ptobably spend the day with good friends and family",hypotheticals,PT22S,55,0,0,0.2541161800480669
YGxrFAg3YOg,2025-10-05T12:19:04Z,287.6,12,"Innocent Questions That Scream RED FLAG! 🚩
 #shorts #foryou",What innocent-sounding question is actually a massive red flag?,"""Did you tell anyone you were coming to meet me?"" ""Mommy - what would happen if teddy bear got stuck in the toilet?"" You're not one of those people who get insulted at every little thing are you?",life-advice,PT21S,70,0,0,0.4916648354732782
9c2q7_r-q2Y,2025-10-06T12:22:15Z,286.6,12,"Worst Celeb Encounters EVER! 😳
 #shorts #foryou",Who is the worst celebrity you have ever met and why?,"Jlo is horrific ,  you are not allowed to look at her if she is shopping in your store and only communicates to her personal assistant I delivered a pizza to Chris Brown's tour bus in my hometown. He didn't tip, but he also didn't slap me around so I chalked it up as a win. Serena Williams",fame-celebrity,PT31S,4,0,0,-2.161114488774003
083VndBSBQA,2025-10-07T00:44:03Z,286.1,0,"Do We REALLY Have Souls? 🤔 (Answers Will SHOCK You!)
 #shorts #foryou",The majority of Americans (86%) believe that humans have a soul. What's your take?,"I know I do.  I can play jazz. I think what a person thinks a 'soul' is, is very subjective, so the question is meaningless There is much more in the universe than I understand. I can’t rule out a soul.",other,PT26S,4,0,0,-2.1608760605789046
Fl0RC5BJ3Pk,2025-10-07T12:22:14Z,285.6,12,"One Alarm Wake-Up: The Secret REVEALED!
 #shorts #foryou","People who get up after one alarm, whats your secret??","Anxiety. Put the phone across the room. Make it the most annoying loud alarm possible. Going to bed earlier. Not me for sure, I just heard about it.",life-advice,PT20S,75,0,0,0.5606441687742101
TovBq4xQFsc,2025-10-08T00:44:25Z,285.1,0,"Mind-Blowing Myths You Still Believe?!
 #shorts #foryou","What’s a common fact that science has already debunked, but people still believe in?",Polygraphs as concrete evidence We only use 10% of our brains. Lemmings commit suicide by jumping off a cliff,other,PT20S,3,0,0,-2.3835554229129396
LQrAelHASPo,2025-10-08T12:22:30Z,284.6,12,"🚩Biggest Red Flag People Ignore? 👀
 #shorts #foryou",What screams “I’m the problem but I’ll never admit it”?,All of those person’s exes are somehow crazy Every POV article about a parent whose kids have gone no-contact “for no apparent reason”. Never admit when they were wrong.,life-advice,PT20S,19,0,0,-0.7738919519451719
nsWYanXH4WQ,2025-10-09T00:45:59Z,284.1,0,"Heroes...Or Horrors? You Won't Believe These!
 #shorts #foryou","Who is widely regarded as a hero, but was actually a terrible person?","The Man with the Yellow Hat is an incredibly irresponsible pet owner. Joesph Smith, a conman with his magical powers. The whole Mormon faith is built on fictional myths and characters. Henry Kissinger. ",other,PT31S,21,0,0,-0.6783411214873878
zgkkKMEvI4c,2025-10-09T12:22:48Z,283.6,12,"Red Flags in Your Industry? 🤔
 #shorts #foryou","What is the ""don't trust a skinny food critic"" of your industry?","Don’t trust a principal who was never a teacher.  Don’t trust the scientist who can’t say “I don’t know”. A good scientist knows they don’t know everything. Don’t trust an IT person who hasn’t caused an organization wide outage at least once, if more than 5, also don’t trust them",money-work,PT27S,67,0,0,0.4503500732812582
5gf43PikwPY,2025-10-10T00:44:00Z,283.1,0,"I'm The Last Person On Earth... Now What?!
 #shorts #foryou",Everyone on earth dies right now except you. What do you do?,"Say ""Whoops"" because, as the only survivor, it was clearly my fault Get a true sense of how botty the Internet is Leave work early",other,PT20S,251,0,0,1.760512213378485
aDZm7fyKxZg,2025-10-10T12:22:18Z,282.6,12,"""Sweet"" Red Flags You're TOTALLY Missing! 🚩
 #shorts #foryou",What’s a red flag people often ignore because it looks “sweet”?,"Obsessive ""boy moms"" that wear t-shirts that say ""understand that I can make you go away"" and other gems Forcing kids to hug relatives that are making the kids uncomfortable Love bombing",life-advice,PT21S,53,0,0,0.22029439614889812
b9tm03RKVpI,2025-10-11T00:42:33Z,282.1,0,"Innocent Questions...With SHOCKING Hidden Meanings?!
 #shorts #foryou","What’s a question that sounds innocent, but in actuality is offensive?","When are you going to have a baby? Where are you from? No, where are you REALLY from? Why are you single? ",other,PT18S,19,0,0,-0.7727160766832819
SDLOOe8fi1M,2025-10-11T12:18:01Z,281.6,12,"World's Best Sandwich? Reddit Has Spoken!
 #shorts #foryou",What is the best sandwich in the world?,Blt The one I don’t have to make. For me it’s the Philly cheesesteak the absolute goat,other,PT15S,156,1,0,1.2880245581622418
67qAhXRjlfA,2025-10-14T00:43:57Z,279.1,0,"Brags That Scream ""I'm Secretly Miserable""
 #shorts #foryou",What’s something people brag about that’s actually kind of sad?,Taking pride in not having any time off work ‘I have no filter’ That they haven't ever read a book.,other,PT19S,154,0,0,1.2763942546742495
QkRtBzgp7LY,2025-10-14T12:23:44Z,278.6,12,"Child-Free Life: WHY?! 🤔
 #shorts #foryou","People who don't want kids, why?","The simplest answer is that I lack the desire. No part of me wants a kid, to raise, a kid, etc, etc. I have never been interested in getting/being pregnant or raising kids. No interest.",relationships-dating,PT23S,14,0,0,-1.0587496880895277
iM0KR2-32f0,2025-10-15T00:47:34Z,278.1,0,"IDOLS FALL: When Fandom Turns Toxic 💔
 #shorts #foryou","People who idolized someone they later found out was a piece of trash, what happened?","I was a really big Kanye fan until he said slavery was a choice and then it got worse. I haven't been able to fully accept the Neil Gaiman accusations yet, probably because of how influential he was on teenage me. Lance Armstrong got interviewed by Oprah.",life-advice,PT27S,4,0,0,-2.1571160222806274
xQVwOjXeNg0,2025-10-15T12:22:00Z,277.6,12,"Things Women Wish They Knew Sooner! 🤯
 #shorts #foryou",What’s something women learn too late in life?,That being “nice” won’t protect you and saying no doesn’t make you mean. That you can do fun things alone if you don’t have a friend who shares that interest and it’s fine. You don't have to apply everyone's feedback,life-advice,PT20S,8,0,0,-1.569099324716873
vQrRjChYLTc,2025-10-16T00:47:28Z,277.1,0,"Strippers Predict the Recession? 😳 Truth Revealed!
 #shorts #foryou","We need the real recession indicator. Strippers of Reddit, how is business going?","You have to ask this between 7 and 8pm or after 3am.  NYC girl. I know of multiple girls who have lost their apartments. It’s the worst anyone has ever seen the industry. Underwear sales (quantity sold, not revenue) is another indicator of the strength of an economy.",money-work,PT29S,1,0,0,-3.072929338780445
pG8D3fHo7Kc,2025-10-16T12:21:59Z,276.6,12,"Gen Z Can't Do THIS! 🤯 Skills Lost to Time
 #shorts #foryou","People born before 2000, what trivial skill do you have that no one uses anymore?","Everyone talking about reading a map is correct, but folding the map back is the real talent. I can make a book cover out of a brown paper bag to protect a text book. I can develop film. ",other,PT22S,109,1,0,0.9346347376554567
v1zftajT1M0,2025-10-17T00:46:54Z,276.1,0,"Life-Changing Words I'll Never Forget 🙏
 #shorts #foryou",What sentence did someone say once that accidentally healed a part of you?,"A friend texted me, “You don’t need to fix the whole year. Just fix the next hour.” It helped me get out of bed. Being kind is not a weakness in an unkind world. My therapist said, “You don’t have to prove your pain for it to be real.” I stopped defending myself after that.",other,PT27S,35,0,0,-0.18207859517174096
ri2RZwr5J_4,2025-10-17T12:22:47Z,275.6,12,"Fast Food You'll NEVER Like?!
 #shorts #foryou",What’s a fast food place no one can convince you is good?,"Panera Bread. Heard it was basically overpriced hospital food. Tried it once & hospital food was actually better. Subway Subway.  They went from $5 foot longs, to $15 foot longs.  Their food is just bland and boring",other,PT26S,63,0,0,0.39351773399295853
rbTkKE75_c0,2025-10-18T00:43:16Z,275.1,0,"Hidden Addictions Ruining Your Life? 😳
 #shorts #foryou",What is an addiction that is more serious then people realize?,"Doomscrolling Phones. We’re all addicted to our screens and it’s just accepted as part of life now. Nasal spray. It's awful and very hard to break, because breathing is involved.",health-body,PT22S,68,0,0,0.4689886679617441
qf7bSeDljc4,2025-10-18T12:19:43Z,274.6,12,"Town's Darkest Secrets REVEALED 🤫
 #shorts #foryou",What’s a disturbing crime from your town that doesn’t get talked about?,"As of recently in Houston, multiple bodies have been found in Buffalo Bayou and this maybe linked to an active serial killer. King road murders Moscow Idaho. A former Bake Off winner was caught stealing bacon",dark-morbid,PT23S,3,0,0,-2.3785902587243086
qjVcEZB3imM,2025-10-19T00:51:20Z,274.1,0,"Vanished Trends: Remember These?! 🤯
 #shorts #foryou",What was very popular at peak but disappeared like never existed?,"Buying ringtones. NFTs, no one ever mentions them anymore and it was after the pandemic!! 3D TVs",other,PT19S,24,0,0,-0.545756643521917
6ge3dzSKuAU,2025-10-19T12:19:54Z,273.6,12,"Ignoring These Symptoms Could Be Deadly 😳
 #shorts #foryou",What’s a medical problem people constantly ignore until it’s too late?,"Sleep deprivation, people treat it like a badge of honor until their body just quits. I'm just here to find out what I'm dying of this week. Endometriosis, usually not ignored by patients but by doctors. This goes for many uturus-related issues.",health-body,PT27S,47,0,0,0.10679996382910151
5b5VRHg-xnM,2025-10-20T00:50:25Z,273.1,0,"⚠️ Partner Cheating? Red Flags You Can't Ignore!
 #shorts #foryou",What is the first sign that your partner is cheating?,Picking fights so they have an excuse to storm off and be somewhere for a while. They're suddenly working a lot of overtime with no money to show for it. Suddenly acting like they hate you,other,PT20S,62,0,0,0.3789863825815374
Z05lza3afe0,2025-10-20T12:21:15Z,272.6,12,"Legal Jobs... But are they EVIL? 😈
 #shorts #foryou","What profession is completely legal, but is often considered ethically questionable?",Telemarketers. Getting paid to inconvenience others doesn't seem right. Might be controversial but real estate agents Payday/vehicle Title loans. ,money-work,PT28S,71,0,0,0.512750809388256
rPz60XxcTho,2025-10-22T01:47:39Z,271.1,1,"Ignored HUGE Red Flags...Because 🔥?
 #shorts #foryou",What’s a red flag you happily ignored because they were hot?,"“You shouldn’t date me. You will eventually grow to resent me and hate me. “ So many. But they weren’t even hot, they just gave me attention She used my laptop to get a payday loan to buy coke before we left my apartment to go get dinner.",other,PT28S,26,0,0,-0.4673178356984571
9udR2t3StDg,2025-10-22T12:21:57Z,270.6,12,You have 60 seconds to ruin a first date — what do you say? #shorts #foryou,You have 60 seconds to ruin a first date — what do you say?,"I can’t stay long, my ankle monitor goes off in an hour By the way, do you mind if I record this date for content? So… my ex actually still lives with me. We’re like best friends!",other,PT23S,147,1,0,1.2342731321417721
whO3TbZRN2s,2025-10-23T00:46:43Z,270.1,0,"Reddit's SCARIEST Posts Will Haunt You
 #shorts #foryou",What is the scariest post you've stumbled across on reddit?,[This one](https://www.reddit.com/r/copypasta/comments/7qwtd5/rabies_is_scary/) about rabies. Why tf did I click on this? that post where a guy was detailing all the weird stuff his neighbor does and i slowly realized he was talking about me.,dark-morbid,PT34S,122,1,0,1.0494987630475396
g5WH6g6SXzo,2025-10-23T12:23:47Z,269.6,12,"Highway Robbery! 3 Things That Should Be FREE!
 #shorts #foryou",What’s a “this should be free” service that always costs money?,Ordering your transcript electronically. I shouldn’t have to pay for my academic record of classes I’ve already paid for to be emailed. Checking a bag when you've purchased an airline ticket. Using the hotel facilities when you book a room instead of paying a “resort fee” or “amenities fee”,money-work,PT27S,2,0,0,-2.663835553159581
fsKpdj-hOBc,2025-10-24T00:45:25Z,269.1,0,"Life Traps They DON'T Warn You About! ⚠️
 #shorts #foryou","What's a 'trap' in life that no one warns young people about, but absolutely should?",Making decisions that please/impress others even when it's not what you really want. Settling down with the wrong person. I’m 30 and I’ve seen many peoples partners slowly erode their enjoyment of life. What's hot in the job market 10 years ago is probably oversaturated now,other,PT28S,30,0,0,-0.32820721723576884
CMt6N9OYHc4,2025-10-24T12:22:09Z,268.6,12,"Baby After 35? Truths They Don't Tell You!
 #shorts #foryou","People who had a baby after 35, what is your experience?","You are going to be tired. But you're also going to have more money (hopefully) to not have to worry about the small stuff. So tired, like seriously, I don’t remember it being that bad. But my lord I’m exhausted. Had my second at 37. Really didn’t seem much different than having my first at 29.",life-advice,PT30S,51,0,0,0.18928781664197336
cxkwv1-VWKM,2025-10-25T00:44:59Z,268.1,0,"😳 Deepest Connection? You Won't Expect #2
 #shorts #foryou",What is the most emotionally intimate activity?,"Deep midnight talks Holding someone's hand as they die  I think sleeping together (not sexually, literally sleeping) is one of the biggest forms of trust.",other,PT19S,33,0,0,-0.2353406019842783
MrNfRJleZa4,2025-10-25T12:20:50Z,267.6,12,"Products You're Using WRONG?! 🤯
 #shorts #foryou",What product is everyone using the “wrong” way?,"Baby oil. Qtips. Always Qtips. Headlights have two jobs.  Most people use headlights to see.  However, in overcast weather, headlights are needed so other drivers can see you.",humor-absurd,PT32S,77,0,0,0.5952468062703735
kaF2LpvGDE8,2025-10-26T00:48:33Z,267.1,0,"Funniest Pet Names EVER? 😂 You Won't Believe These!
 #shorts #foryou",What’s the funniest name for a pet you’ve encountered?,I read about a cat named yardstick. He had 3 feet. A rabbit named Ja’Marcus. I saw it in a tweet and it still chuckle thinking about it A shar-pei named Rumpled Silkskin,humor-absurd,PT21S,67,0,0,0.4583030949259519
EHmOrNhP6eU,2025-10-26T12:20:55Z,266.6,12,"Top. Tier. TV. Episodes. You NEED to See.
 #shorts #foryou",What is the single best episode of television you’ve ever seen?,"Ozymandias. Breaking Bad. Better Call Saul, season 3 episode 5 - “Chicanery”. When Chuck loses it on the stand, that was such a brilliant scene Band of Brothers - “Why we Fight” the episode where they find the camps. Just haunting.",other,PT30S,35,0,0,-0.17744686989463565
FnNJckzMN4I,2025-10-27T00:50:00Z,266.1,0,"Fastest Weight Loss? You Won't BELIEVE These Methods!
 #shorts #foryou",What’s the fastest way you’ve ever lost weight?,Got a leg amputated. Getting prescribed ADHD meds. Killed all desire to eat. Stopped working at Steak ‘n Shake. I was eating all you can eat free chilli deluxe as a server everyday.,other,PT22S,62,0,0,0.38242776739479467
0jhH6KZpmL8,2025-10-27T12:25:22Z,265.6,12,"Unbelievable WWII Facts You Won't Believe!
 #shorts #foryou","What is a ww2 fact that no one will believe, but is completely true?","In 1944, a liberty ship containing 1400 tons of explosives sank in the Thames estuary. The term World War 2 was first used in 1919, envisioning a war that came from the conditions left from the first War. The Polish Anders Army had a brown bear fighting the Nazis with the rank of corporal ",other,PT43S,41,0,0,-0.022796600112219068
MzZ_20dPW-Y,2025-10-28T00:47:00Z,265.1,0,"Signs of Childhood Neglect? 💔
 #shorts #foryou",What’s a sign someone was never loved properly as a child?,Hyperindependence. Low self-esteem. Overachieving. Overly apologetic. Low self esteem. Trying to make bad relationships work because you just want someone to love you for who you are. They panic way more than they should at small mistakes,life-advice,PT27S,47,0,0,0.11099203374517153
Cl-_JI9q_Vk,2025-10-28T12:21:06Z,264.6,12,"Fancy Foods That FOOLED Us as Kids! 🤣
 #shorts #foryou",What food did you think was fancy as a kid but now you realize it’s trash?,Those Salisbury steaks that you reheated in the oven for 15 minutes. If you had 2 you were in trouble. Walls Viennetta ice cream. You knew it was a special occasion when your parents splashed out on that! Olive Garden,other,PT24S,86,0,0,0.7059403485629114
8iSmE8YXGKE,2025-10-29T00:49:21Z,264.1,0,"3 Skills You NEED Before 30!
 #shorts #foryou",What's a skill everyone should learn before turning 30?,Emotional regulation How to stay calm when everything goes wrong. Swimming. It's crazy how many adults who regularly surround themselves with water cannot swim.,life-advice,PT21S,41,0,0,-0.022037634420288832
atBZitOWh8s,2025-10-29T15:48:23Z,263.5,15,What screams “I don’t actually love my partner”? #shorts #foryou,What screams “I don’t actually love my partner”?,"ignoring their feelings or brushing off things that really matter to them. Putting their partner on the back burner as far as their wants/needs go. Everyone else (friends, family)  comes first Loving what they do for you, not really ‘them’",relationships-dating,PT24S,11,0,0,-1.2744869086916855
DiOCz3pzEJQ,2025-10-30T00:47:38Z,263.1,0,"🤯 You Won't See This Coming!
 #shorts #foryou",What's something that's about to happen which most people aren't aware of?,"My bday  The Klarna bubble is going to pop, and millions of people are suddenly going to find themselves in collections. Are we still set to run out of Helium or was that just something I imagined?",other,PT22S,105,0,0,0.9042340496928905
r2GTq9pmDSw,2025-10-30T12:20:36Z,262.6,12,"Last Text On My Tombstone?! 😂 (Reddit Stories)
 #shorts #foryou","Your last text is what will be written on your gravestone, what does it say?","“I’m alive, I just don’t want to talk” She’ll be okay. Pretty sure she’s asleep anyway. “STOP” I responded to auto messages…",hypotheticals,PT20S,70,0,0,0.5037174781618532
YbyoErWHPrQ,2025-10-31T00:49:14Z,262.1,0,"Pet Drama! Redditors Spill the Tea ☕🤣
 #shorts #foryou",Redditors who own multiple pets: what's the drama amongst them right now?,We apparently only have one toy. It’s whichever toy the other one has.  I just want to say this is one of the best Ask Reddits  I’ve seen in ages. Thank you! The cat exists. This has greatly upset the elder dog and she would like for me to rectify the situation.,humor-absurd,PT33S,189,0,0,1.4883243109151323
FpraVnRBn_g,2025-10-31T12:22:10Z,261.6,12,"Gov Shutdown: REAL People, REAL Problems 😳
 #shorts #foryou","How is the US gov shutdown personally affecting you, if at all?","My wife isn’t getting paid and she’s going to work. It sucks, much like 2025 in general. I hear Pfizer might lay off 200 members of Congress Was about to land a new job. shutdown came in and now no more new job :(",politics-news,PT27S,26,0,0,-0.4626193337631457
qu68AwRcQUs,2025-11-01T00:49:48Z,261.1,0,"Never Tired of My Partner? Here's How!
 #shorts #foryou",How do you.. not ever get tired of your partner?,"She's sunlight in human form. And after being in the dark for so long, I'm basking in her glow.  It’s never crossed my mind to get tired of him. He’s so funny and cute and my favorite person to hang out with, besides my mom I actually love him",other,PT28S,44,0,0,0.04846958111793365
d-oDeuxr9YY,2025-11-01T12:19:24Z,260.6,12,"🤯 Things We'll Regret Someday?
 #shorts #foryou",What will someday be illegal after we finally understand how bad for us it is?,Corporate campaign contributions. Kids using social media Tanning beds. Its basically a cancer administering device that also cooks the outside layer of your skin.,other,PT22S,42,0,0,0.0032505253690442437
ey4lxj-MxF8,2025-11-02T00:51:27Z,260.1,0,"Hobbies People Think Make Them Better Than You?!
 #shorts #foryou",What’s a hobby people act superior for having that isn’t that deep ?,"Best advice I ever got was ""you don't need to be good at your hobbies"" As a cyclist.... Cycling. It's not that deep y'all. We just ride bikes and drink beer. Meditation- you wouldn’t believe how narcissistic people get when they first start a spiritual practice",life-advice,PT27S,67,0,0,0.46182397821880006
6_QsBHeIods,2025-11-03T00:50:50Z,259.1,0,"Marriage Truths No One Tells You 😳
 #shorts #foryou",What's that one thing about marriage they never warned you about?,Its less about grand romance and more about choosing patience and teamwork every single day That a selfish partner makes your life infinitely worse than being single but a loving one makes it infinitely better. Being married to an incredible husband and father means I am utterly terrified of anything happening to him. I honestly do not know what I'd do.,relationships-dating,PT29S,71,0,0,0.519492732242961
5o0kd4B5OG8,2025-11-03T12:22:17Z,258.6,12,"Secrets We All Hide?! 🤫
 #shorts #foryou",What’s your weirdest private habit that you hope no one ever finds out about?,Nose picker. I like a clean and unobstructed air way  I have scheduled cry times. Bottle in all my emotions through out the day and after my kid goes to bed I just sit in the shower and cry. I rock myself to sleep. No rock per se. I do a vibration with my feet until I fall sleep.,humor-absurd,PT30S,60,0,0,0.3539463347595744
mFP_gIstEt8,2025-11-04T00:47:50Z,258.1,0,"90s/00s Regrets: We Lost THIS?!
 #shorts #foryou",What did you have in the 90s or 00s that you don’t have now?,Faith in humanity. Hope Using a disposable camera and having no idea if the pictures turned out until you got them developed.,other,PT18S,75,1,0,0.5740714164314218
7MDyZHXM6SQ,2025-11-05T00:48:17Z,257.1,0,"Gun Ban? Home Defense SAVED By THESE!
 #shorts #foryou",What's the best thing for home defense if you can't own a gun?,Every home should have a good fire extinguisher. Good neighbours. Dogs are always cool to have around,other,PT17S,189,0,0,1.4908768276826452
VBWrqM7y_nY,2025-11-05T12:22:42Z,256.6,12,"Election SHOCKWAVES! Reddit Reacts! 🤯
 #shorts #foryou",Reddit - how are we feeling about tonight's election results?,The Virginia House of Delegates had a clean sweep which is an even bigger story not a lot of people are covering. I think the results are a justified reaction to the horrible 2024 outcome 2025 has been an awful year for any sane and intelligent person living in the US. But today… today was a good day. I will take it with gratitude.,politics-news,PT32S,7,0,0,-1.676456868730265
0_Qr1FDSRUQ,2025-11-06T00:48:24Z,256.1,0,"Secret Industries RIPPING You Off! 🤫
 #shorts #foryou",Which industry is more corrupt than anyone’s ready to admit?,"Art dealers. Name another industry where you can buy something for $50mm anonymously and move it across borders. The UFC was contacted by the FBI this week about fight fixing. Affordable housing. I work in the industry and it's a complete giveaway to rich property developers, and does very little to help poor people.",money-work,PT33S,115,0,0,0.997959512621664
iqjcjekQ4DA,2025-11-06T12:20:18Z,255.6,12,"Never. AGAIN. 🤮 The Alcohols That RUINED Us.
 #shorts #foryou",What alcohol messed you up so bad you swore you’d never drink it again?,Southern Comfort Jäegermeister- unholiest of unholy. OG Four Loko,other,PT17S,53,0,0,0.2336022685930299
RL-aV22hT3Q,2025-11-07T00:48:10Z,255.1,0,"Craziest Internet Rabbit Holes People ACTUALLY Fell In
 #shorts #foryou",What is the deepest Internet  rabbit hole you’ve ever fallen into?,"Once I spent 6 hours researching how people accidentally join cults, and by the end I was like… yeah I get how it happens. Opened YouTube to check one recipe. Four hours later, I’m watching a guy build a pool in the jungle with a stick. Chernobyl on a number of occasions. Such a fascinating event to study in so many ways",other,PT30S,59,0,0,0.3392323446289809
aiE5zJEb4LQ,2025-11-07T12:21:37Z,254.6,12,"🚩 Red Flags: How I KNEW He Was Cheating 💔
 #shorts #foryou",What was the first sign that your partner was cheating?,He introduced me to his 6 month old infant. Texting at a weird angle … (body language) Texting in the middle of the night,relationships-dating,PT18S,9,0,0,-1.4522766873121702
tmyiz1EyOJ0,2025-11-08T00:44:46Z,254.1,0,"WORST ""Life Hacks"" EVER?! 😬
 #shorts #foryou","What widely accepted ""life hack"" is actually terrible advice?",Waiting until Black Friday to get a “deal” People in these comments don’t know what a life hack is. Life Hacks people… not general advice.,life-advice,PT20S,28,0,0,-0.38729703769236457
9X9J9HcnjRQ,2025-11-08T12:17:39Z,253.6,12,"""What are YOU feeling? (Reddit Reacts)""
 #shorts #foryou",What are you feeling right now?,Sadness Vast loneliness like stranded in space typa shi Happy :),other,PT14S,47,0,0,0.11685935905751244
nM5RQOj527Q,2025-11-09T20:46:27Z,252.3,20,"Stuff You Do That *Should* Be Illegal?!
 #shorts #foryou",What’s something you do that feels illegal but actually isn’t?,Leaving a store empty handed. Sleeping 8 hours mid day Eating pizza with pineapple on it,humor-absurd,PT16S,67,0,0,0.46587518536122907
IrFYVHvsGGI,2025-11-10T00:50:07Z,252.1,0,"Best Friend Breakups: The SHOCKING Reasons Why
 #shorts #foryou",Why did your friendship with your best friend come to an end?,"We just stopped trying at the same time. No fight, no drama just silence. She didn’t invite me to her birthday party I support the Constitution of The United States and he's a MAGAt. He said we have political differences. I told him we have moral differences.",relationships-dating,PT26S,109,2,1,0.9469367791921126
uf8gxiLsKt4,2025-11-10T12:21:45Z,251.6,12,"U.S. Needs THIS Law ASAP?! 🤯
 #shorts #foryou",What law doesn’t exist yet in the U.S. that would help millions of people immediately?,"Do like Canada and if the government cannot function, throw everyone out and hold new elections to replace them. All politicians, past and present, are subject to all the laws of the land regardless of where they are. How about enforcing the law ...period.",other,PT27S,80,1,0,0.6411583252752768
x4iAzzoynWo,2025-11-11T00:48:12Z,251.1,0,"🚩 Signs Someone Hasn't Suffered
 #shorts #foryou",Whats a sign someone hasn’t faced much hardships in life?,"when someone thinks everything is just mindset bro like nah man sometimes life just punches you for no reason “If you don’t like your job just quit”  ""We all have the same 24 hours”",other,PT24S,69,0,0,0.49547774451647353
EaW6off6I-g,2025-11-11T12:21:15Z,250.6,12,"My Health WRECKED by... (Reddit Reveals)
 #shorts #foryou",What’s the one thing that ruined your health ?,"In general sad state of mental health (like stress, anxiety, etc, etc). It causes many other related diseases/conditions. Menopause Depression took quite a toll. Lots of binging to cope.",health-body,PT23S,25,0,0,-0.4946666757965277
dfi7G15BoPU,2025-11-12T00:48:22Z,250.1,0,"""Luxury"" Things That Are ACTUALLY Nightmares
 #shorts #foryou",What’s a luxury that’s only impressive to people who don’t have it?,"Owning a horse, or horses. They're like owning an expensive and very high maintenance sports car that breaks down if you look at it funny. Flying weekly for your job. Being in good health. The saying is something like Good health is a crown that only the sick can see.",money-work,PT26S,146,0,0,1.237944041559206
maKQnP1Fbm0,2025-11-12T12:22:16Z,249.6,12,"Secret Confessions I'd NEVER Say Out Loud 🤫
 #shorts #foryou",What's something you'll never admit in real life but will confess here anonymously?,"I told my best friend I was happy for them when they got married. In reality, I think their partner sucks and makes them miserable. Day 1 of withdrawals today, thankfully I have the day off I've owned a fried chicken restaurant for 10 years. I HATE chicken.",other,PT27S,44,0,0,0.05442955952043782
bmt7t2cUv0g,2025-11-13T00:47:51Z,249.1,0,"Job Secrets They DON'T Want You To Know!
 #shorts #foryou",what's a secret from your job that we should know?,"The markup on eyeglass frames is 250-300%.  That is the industry standard. I work with the public. A lot of you are gross, crazy, or mean.  Taking an ambulance will not get you seen quicker in the ER. I have taken many people to the lobby.",other,PT26S,49,0,0,0.16006527950277727
BmX41hUYTEo,2025-11-13T12:22:25Z,248.6,12,"Men Turned Women: Their Biggest Complaint?
 #shorts #foryou",What do you think men would dislike most if they became women?,"All the creepy men who hound them and don't take no for an answer! Periods and pregnancy. I used to think it would be the physical strength difference, but now I'm pretty sure it would be the predatory behavior of men.",hypotheticals,PT21S,45,0,0,0.07694055912913145
Lu_GOCfqqsE,2025-11-14T00:47:41Z,248.1,0,"Adulting's Dark Secrets: No One Warns You About THIS
 #shorts #foryou",What's something that no one prepares you for as an adult?,"You have to decide what to eat for dinner. Every. Night. Having fewer and fewer people in your life: People die, move away, marry and disappear, etc. How corrupt the world is",other,PT23S,99,0,0,0.8537455436901515
EC3qu-J6O3o,2025-11-14T12:21:09Z,247.6,12,"Companies Closing?! You WON'T Believe These
 #shorts #foryou",What company would you be most shocked to find out was shutting down tomorrow?,Coca-Cola 3M. Nothing would stick together anymore That one company that makes literally all the zippers,other,PT19S,34,0,0,-0.19581906480243516
bEBT1HmsU0w,2025-11-15T00:45:59Z,247.1,0,"Alzheimer's Signs That Shocked Everyone?! 😳
 #shorts #foryou",What early signs of Alzheimer’s tend to surprise people the most?,My grandpa shaved his eyebrows off and told us he had to. Loss of smell and taste They become president of the United States.,other,PT19S,46,0,0,0.09925762466924404
7qvvyYK7pjM,2025-11-15T12:18:21Z,246.6,12,"Actors Who Are UNRECOGNIZABLE?! 🤯
 #shorts #foryou",Which actor has given you the biggest ‘Wait… THAT was them?!’ moment between roles?,"Gary Oldman. Vincent D’Onofrio in most things he’s in Colin Farrell as Penguin, in both the movie and show.",fame-celebrity,PT20S,90,0,0,0.7602276768901888
tY5h-MOkj0k,2025-11-16T00:50:03Z,246.1,0,"Most Used Phrases at Work? You Won't Believe #shorts
 #shorts #foryou",What is a phrase you use over 50 times a day at your job?,"You’re on mute Welcome to Costco, I Love You I want to quit.",money-work,PT16S,38,0,0,-0.08678934332820587
__BTJr7239g,2025-11-16T12:17:43Z,245.6,12,"Husband Skills: How Many Do YOU Have?
 #shorts #foryou",What's a husband skill that every husband must have?,Patience. Using the Stud finder on himself Listening,relationships-dating,PT14S,28,0,0,-0.3827977203404571
KzpeOdp-c1U,2025-11-17T00:49:32Z,245.1,0,"Trump Files Released?! You Won't Believe What Happens.
 #shorts #foryou",What happens to trump if the House of Representatives vote yes on releasing all the files?,DOJ will open new investigations so the Epstein Files will remain sealed due to an “ongoing investigation.” Nothing “happens to Trump” because the branches of government who are supposed to enforce laws and hold him accountable have been purchased by him. He could blow Bill Clinton on 5th avenue and it wouldn't matter,other,PT30S,28,0,0,-0.3825156922490507
lqXVwyhxzwQ,2025-11-17T12:21:08Z,244.6,12,"America's Biggest Fear? 😳
 #shorts #foryou",What do you think is the biggest concern for most Americans right now?,Affordability I have no health insurance for the first time in my life. It's scary Health insurance. I have a lot of pre-existing conditions,politics-news,PT20S,54,0,0,0.2577816331011764
Qbqrzbs0TY8,2025-11-18T00:47:59Z,244.1,0,"9-5 is DYING?! 🤯 The Future of Work...
 #shorts #foryou","Do you think the 9 -5 work day model is outdated? If so, what should replace it?",I like my 36 hour work week of three 12s. Studies show productivity is limited. Think about how burnt out you are on a Friday. I'll take the 9-5 over any schedule anyone in nursing or the service industry has.  ,other,PT30S,44,0,0,0.05739224987096714
vMCVHEX6X-4,2025-11-18T12:22:09Z,243.6,12,"Life-Changing Sentences People Heard
 #shorts #foryou",What’s a sentence that someone told you that stuck with you for the rest of your life?,"‘It sounds like you really just want out of your situation,  not your life.’ ‘I don’t have to attend every argument I’m invited to.’ ""your face is proof that your features have been loved for centuries""",life-advice,PT26S,22,1,0,-0.6135140192291422
DCe_h8sqrhA,2025-11-19T00:49:16Z,243.1,0,"Women's Secrets: The Girl Code NEVER Broken!
 #shorts #foryou",Women of reddit: Whats the girl code you won't break ever?,"If any women asks me to do a “check” with their pants , I’ll always check. I’ve had strangers ask before and I’ve had to ask strangers. “don’t let that guy know i’m here or where i am”  If they have something in their face or if their skirt is tucked into their underwear… TELL THEM!",other,PT29S,36,0,0,-0.13780775253372557
W6nZEkKaMns,2025-11-19T12:21:58Z,242.6,12,"Wikipedia's DARKEST Secrets?! 😨
 #shorts #foryou",what is the most disturbing wikipedia page?,"It was taken down, but there used to be a page all about the youngest birth mothers. It was reading enough, to make you despair for humanity. Nanjing Massacre probably, in my opinion. Byford Dolphin used to have pictures of the bodies, but they were (wisely) edited out.",other,PT26S,60,0,0,0.36241072713833056
Pvy_Sx_1IU8,2025-11-20T00:45:47Z,242.1,0,"Media Lies Destroyed These FOREVER.
 #shorts #foryou",What has been irrevocably harmed because of how it’s portrayed in the media?,Jaws was massively detrimental to shark conservation. Nuclear power. Norse history.,other,PT19S,98,0,0,0.846939194266461
DEdYVTobd2c,2025-11-20T12:21:38Z,241.6,12,"🤔Things We'll Regret Allowing?!
 #shorts #foryou",What will someday be illegal after we finally understand how bad for us it is?,Health insurance denying care prescribed by a licensed physician. Family vloggers and using your children for social media content Constant bombardment of ads for gambling companies.,other,PT22S,65,0,0,0.4417388970844449
oZ1KoF4YsaU,2025-11-21T00:47:44Z,241.1,0,"Companies That Refuse To Suck! 🏆
 #shorts #foryou",What's a company that didn't succomb to 'enshittification' ?,"VLC WD-40. I bought a new can recently to replace the one I bought a decade ago, only because I couldn’t find the old one. Still does what it does! CostCo. Still has fair prices, good deals, and the $1.50 hot dog combo.",money-work,PT28S,42,0,0,0.013568793705029947
Q9VgwFN3UIg,2025-11-21T12:20:39Z,240.6,12,"🤯 This Skill = HUGE Profit?!
 #shorts #foryou",What skill do you think is highly profitable right now?,Soft skills.  Bullshitting. The content of what you say doesn’t matter nearly as much as how you say it. Sailing just released so probably that,money-work,PT27S,37,0,0,-0.10978037245520245
UrD-Q-oBE-k,2025-11-22T00:45:23Z,240.1,0,"Pandemic Fads: Remember These?! 💀
 #shorts #foryou",what was very popular in the 2020 pandemic but now its pretty much dead?,"Directional footprint stickers on the floor of the grocery store Tiger king When standing in line, people would stay a few feet behind me.  Now they're right up on me again.",nostalgia,PT23S,123,0,0,1.0732002154116875
DWwGPzpDyr8,2025-11-22T12:19:18Z,239.6,12,"Men's Secret Shame: Things They Hide
 #shorts #foryou","Men, what's something you wish you could admit without being judged?","I'm a teacher. People hate teachers. Worse, I'm a man that teaches kindergarten. That automatically gets me the side eye. That I have zero desire to have kids. The whole parental instinct thing is something that I've never felt. I don’t want to be a provider or “man of the house”. I’m already struggling and stressing out providing for myself",other,PT31S,30,0,0,-0.31282786964957143
7y-j8FAsFM8,2025-11-23T00:54:00Z,239.1,0,"Childfree in 40s/50s: The TRUTH. 🤫
 #shorts #foryou","People who are in their 40’s and 50’s with no children, how does it feel?",Quiet Feel like I am exactly where I'm suppose to be. If I'm this poor without kids then if I had kids it would be an absolute travesty.,other,PT19S,112,0,0,0.9808629535695292
BQIHokBkLZM,2025-11-23T12:19:00Z,238.6,12,"NYE 1999: What WERE You Doing?!
 #shorts #foryou","If you were alive back then, what were you up to on 31st December 1999?","Partied like its 1999. Just sitting around waiting for the lights to go out Backing up the family business's computers just in case. Y2K was resolved, but we couldn't risk losing all the financials. I was a high school kid.",nostalgia,PT27S,157,1,0,1.3163341260065238
NA7EumyAw4s,2025-11-24T12:21:38Z,237.6,12,"Hot vs. Beautiful: The REAL Difference?
 #shorts #foryou",How do you differentiate between hot and beautiful?,“Hot catches your eye. Beautiful keeps your attention.” One burns to the touch and the other is pleasing to the eye. Is this some kind of synesthesia issue? It's so simple for me! ,sex-adjacent,PT26S,38,0,0,-0.08214163075453351
bhWV305AZCg,2025-11-25T00:46:53Z,237.1,0,"🤯 Life Hacks You're Missing Out On!
 #shorts #foryou",What’s your “I can’t believe other people don’t do this” hack?,Pay attention to price per gram at the supermarket Windows + V for clipboard history. I showed a coworker this last week and he looked at me like I invented fire. Telling my toddler that tv show characters go on vacation so we can take a break from watching them.,life-advice,PT26S,48,0,0,0.14640600906317713
DLiRMEwNnDc,2025-11-25T12:22:48Z,236.6,12,"Jaw-Dropping Movie Theater Moments! 😲
 #shorts #foryou",What is the biggest movie theater “GASP” moment you’ve heard?,"I would say the reveal at the end of the Sixth Sense. Was a pretty cool experience to see in the theater. ""What's in the box?"" Thanos actually snapping, followed by a deafening silence while everyone got dusted",other,PT27S,96,0,0,0.82956711726897
FMgGUvkXlkI,2025-11-26T00:48:06Z,236.1,0,"🤯The GREATEST Quote EVER?! (Reddit Asked)
 #shorts #foryou",what is the greatest quote of all time?,"""There is significant overlap between the smartest bears and the dumbest tourists"" I think my favorite of all time is:   “You'll stop worrying what others think about you when you realize how seldom they do.” David Foster Wallace",other,PT27S,63,0,0,0.41402945312195616
-KPak8LRUiA,2025-11-26T12:22:12Z,235.6,12,"Why *I* Don't Drink Alcohol (Honest Reasons)
 #shorts #foryou","If you don't drink alcohol, what are your personal reasons for abstinence?","One is too many and 12 isn’t enough. No reason to. Gives me headaches, doesn't taste great and isn't good for you. I've just never enjoyed the flavor of alcohol.",health-body,PT22S,47,0,0,0.12661824636817576
XVyf5d0eCE8,2025-11-27T00:46:29Z,235.1,0,"🤯 Near-Death Experiences You Won't Believe!
 #shorts #foryou",What is the biggest bullet you've dodged in life?,Don't think I'm dodging them... Surviving a brain aneurysm rupture. Literal bullets on two occasions and I'm uninvolved in any kind of industry or profession where you would expect to be shot at,other,PT20S,54,0,0,0.2630414863042887
HijWOdHKdH0,2025-11-27T12:22:09Z,234.6,12,"First Date Secrets I'd NEVER Admit 👀
 #shorts #foryou",What’s something you’ll never admit you’re into on a first date?,That I enjoy watching ants do their little ant business. They’re so organized it scares me. Warhammer 40k my obscure hobby of collecting vintage kitchen appliances because i dont want them thinking im either super boring or weirdly obsessive about toasters,relationships-dating,PT25S,116,0,0,1.0181548681984158
aFMkajr0L0o,2025-11-28T00:46:39Z,234.1,0,"RIP Websites 💔 You'll Remember These!
 #shorts #foryou",What is a website you loved that no longer exists?,"Stumbleupon, discovered some pretty good stuff because of it Thinkgeek.com so many awesome products and it was ruined after Gamestop acquired it. I really miss their April Fools items. IMDB message boards. Okay maybe not exactly a website - but so much movie trivia and explanations were lost when it was shut down.",other,PT29S,117,0,0,1.026957950594988
BFEdIXRH-Fo,2025-11-29T00:47:12Z,233.1,0,"Thanksgiving Drama?! You Won't Believe This.
 #shorts #foryou",So what did your family argue about this year at Thanksgiving?,"Someone turned off the oven when the turkey was cooking. We ended up eating 2 hours later than planned.  The culprit has yet to come forward My cousin claimed that there were 100% some birds that were also mammals.  actually, no one argued but my grandma died in the next room over about five minutes before dinner was ready",relationships-dating,PT33S,58,0,0,0.33437836552475364
MsaO1qV-Ln0,2025-11-30T00:56:14Z,232.1,0,"Obvious Scams People STILL Buy?! 🤯
 #shorts #foryou",What product is an obvious scam that people still fall for?,Influencer courses about how to make money selling influencer courses HP Printer Cartridges. Overinflated likes and followers on many social media platforms,money-work,PT21S,78,0,0,0.626862174945257
f-c69bkm6io,2025-11-30T12:18:54Z,231.6,12,"Straight Men Can't...? (Society's Double Standards)
 #shorts #foryou",What's something that is stigmatized for straight men?,"Liking children in a non-pedophilic way. Everyone will assume you’re a creep Showing vulnerability Being submissive in most ways, but especially sexually.",other,PT20S,91,0,0,0.7794739014461198
tZQoZXF9Ud4,2025-12-01T00:58:59Z,231.1,0,"Kindest People Do THESE Hobbies!
 #shorts #foryou",Which hobbies attract the kindest people?,fiber arts!! everyone I’ve met that does anything like sewing/spinning/crocheting/quilting/whatev are super kind and welcoming people Everyone I’ve met at the pottery studio so far has been amazingly welcoming and fun to be around! Bird Watchers,life-advice,PT25S,102,0,0,0.8927167004386778
hA9HyqaFyHM,2025-12-01T12:22:12Z,230.6,12,"Romantic Illusions: What's NOT as Good as it Seems?
 #shorts #foryou",What things do people romanticize but are actually horrible?,Living any time in the past that didn't have running water or toilet paper Serial killers. It is not okay to be in love with a cannibal that killed 17 young boys. Own and operating a bed and breakfast. ,life-advice,PT23S,35,0,0,-0.15822095175017425
K3wSItDBg1k,2025-12-02T00:48:54Z,230.1,0,"Married Folks & Their Rings! 💍 Truths Revealed
 #shorts #foryou","To those that are married, how often do you take off your ring?","I take it off when im working, especially without gloves, because De-Gloving is a thing and i would like that to not happen to me. I take it off whenever I hear Sauron’s voice. I take it off to fidget many times a day.  Also if I’m doing anything with my hands where it might slip off or get snagged",other,PT27S,100,0,0,0.8736789766269646
hxIwlu8ep-k,2025-12-02T12:23:15Z,229.6,12,"Unforgettable Reddit Comments: You Won't Believe These!
 #shorts #foryou",What’s a Reddit comment you’ve never forgotten?,"Someone asked ‘I hate cooking with passion, what should I do?’ ""I also choose this guy's dead wife."" One phrase I'll never forget was: ""Be the person you needed when you were little."" I don't know why, but it stuck with me forever.",other,PT26S,55,0,0,0.2841881875662793
eFDnU8gaEJM,2025-12-03T00:47:59Z,229.1,0,"Rare Stuff HIDING in Plain Sight?! 🤯
 #shorts #foryou","What is hyped as super rare, but can be found if you know where to look?","Diamonds Helium-3, it's rare here where we live. There's a lot of it in space. We need it, as things stand for Quantum Computing. Rare-earth minerals",other,PT22S,48,0,0,0.15095565658315468
XfbgEEaqypE,2025-12-04T00:49:06Z,228.1,0,"Profession Secrets They Don't Want YOU to Know!
 #shorts #foryou","What's an ""Insider's secret"" from your profession that everyone should probably know?","Projects don’t fall behind because of tools or materials, 90% of delays come from bad communication and people waiting on answers. File a grievance! For the love of all things, when your insurance denies something take the time and file a grievance. Expert craftsman still make mistakes they’re just way better at hiding them.",other,PT31S,54,0,0,0.26704878490692385
qL9y-Y4m8YY,2025-12-04T12:22:55Z,227.6,12,"$100K in 1 Hour?! Reddit's Wildest Spending Ideas!
 #shorts #foryou","You have $100,000 to spend in 1 hour. What are you buying with the money?","If the market is open I am buying stock, if its not, I am going to costco and buying gold. a 2 pack of DDR5 ram? Buy $100,000 in casino chips, then turn around and cash them back in.",other,PT26S,37,0,0,-0.10241797858577684
1avSfbfo6nQ,2025-12-05T00:49:35Z,227.1,0,"CRAZIEST White Elephant Gifts EVER?!
 #shorts #foryou",What was the White Elephant gift that everyone fought over at the Christmas Party?,"Someone randomly brought an Arizona Iced Tea-designed Razor scooter.  Unicorn slippers that flashed lights when you took a step I got the book ""P is for Pterodactyl: the worst alphabet book written"" and everyone fought over it. I was like ""its on Amazon...""",humor-absurd,PT30S,91,1,0,0.7820867126496509
SRE8VHmGAqw,2025-12-05T12:22:14Z,226.6,12,"I'm Back in High School?! First Thing I'd DO...
 #shorts #foryou",You wake up in your teen years again. What is the first thing you would do?,"Like, did I just become younger, or did I actually go back in time? Probably try to be the smart kid this time instead of the ‘winging everything last minte’ kid. Find better friends",hypotheticals,PT22S,61,0,0,0.3877135446461266
t2DSE_ojmik,2025-12-06T00:47:45Z,226.1,0,"Secrets I'm Taking to the GRAVE (Reddit Edition)
 #shorts #foryou",What's the one secret you will take to the grave but don't mind telling on the internet?,When I was 9 I took a $20 bill from my dad's wallet while we were on vacation and pretended that I found it in the sand on the beach It was me who broke the side mirror when pulling out of the garage. IT WAS MEEEEE! I stole a dime from church so I could get a bottle of Pepsi.  I was 11.   I remember it clearly.   We were poor.  And of course I wanted it.  No joke.,dark-morbid,PT34S,77,0,0,0.6175911268117744
U5_e3bmCbZY,2025-12-09T12:22:22Z,222.6,12,What was your “could never be me” but did indeed become you? #shorts #foryou,What was your “could never be me” but did indeed become you?,Becoming old and grumpy Tried to guess the number of candy corns for a work event and I actually got it right for a $100 gift card. First time ever winning anything lol Alcoholism,life-advice,PT22S,39,0,0,-0.04818099468258685
E1ibjYdkrbQ,2025-12-10T00:49:51Z,222.1,0,What’s a “bare minimum” adult skill more people fail at than you expected? #shorts #foryou,What’s a “bare minimum” adult skill more people fail at than you expected?,"Emotional regulation and basic communication. You’re allowed to say when you are upset, but you can’t take it out on everyone else Being able to admit they are wrong or don’t know something Listening and apologising",other,PT23S,33,0,0,-0.21039051528682862
MtheX2OJMDQ,2025-12-10T12:22:34Z,221.6,12,What celeb have you lost all respect for? #shorts #foryou,What celeb have you lost all respect for?,Snoop Dogg Bill Cosby. Neil Gaiman,fame-celebrity,PT21S,55,0,0,0.28888803623005943
L6Wc8lnn4DU,2025-12-11T00:51:08Z,221.1,0,What’s the most dangerous thing people do daily without realizing it? #shorts #foryou,What’s the most dangerous thing people do daily without realizing it?,"Driving Not having situational awareness. Stop moving around parking lots and sketchy areas while staring at your phone. I recently nearly choked on a small chicken bone. And for the first time in 35 years, I realized that eating is much more dangerous than I thought.",other,PT28S,1657,0,0,3.677214939050784
XAzSHS1CHFY,2025-12-11T12:22:27Z,220.6,12,"Your username is your next meal, what are you eating tonight? #shorts #foryou","Your username is your next meal, what are you eating tonight?",I'm…going to be here awhile. Yikes. Uh oh…,humor-absurd,PT15S,73,0,0,0.5682008002756476
kWgeQ8_3gf4,2025-12-12T00:49:39Z,220.1,0,What’s a legendary Reddit post you’ll never forget? #shorts #foryou,What’s a legendary Reddit post you’ll never forget?,The person who thought someone was breaking into their apartment but really they had a carbon monoxide leak Broken arms. The guy who's gf wanted him to talk dirty so he called her an R word.,other,PT22S,107,0,0,0.9465790329484607
X253-VhbDHQ,2025-12-12T12:22:27Z,219.6,12,What’s something you find attractive that is generally considered unattractive? #shorts #foryou,What’s something you find attractive that is generally considered unattractive?,"Social awkwardness. I see you, weird dude. I know there’s all kinds of cool stuff in there you want to share but just aren’t good at sharing There's no polite way to say ""saggy tits"" really is there? Natural aging. Natural bodies.",sex-adjacent,PT25S,38,0,0,-0.07170051360149632
rKfPskTw4uE,2025-12-13T00:46:03Z,219.1,0,What’s a sign that someone isn’t intelligent? #shorts #foryou,What’s a sign that someone isn’t intelligent?,Their mind can’t be changed even as new evidence is presented. lack of curiosity. They think their opinions are facts.,life-advice,PT17S,55,0,0,0.290401540229285
tdK_vfJlYIU,2025-12-13T12:19:52Z,218.6,12,What is the quickest job you quit from? #shorts #foryou,What is the quickest job you quit from?,"Abercrombie and Fitch. I watched the orientation video, used my discount to buy a winter jacket, then quit. When they wanted me to participate in a morale cheer / song.  Car sales. Did it for three days and knew it wasn’t for me.",money-work,PT28S,56,1,0,0.30839290170280576
pkVeQWwOH1M,2025-12-14T00:55:44Z,218.1,0,What’s something someone once told you that you’ll never forget? #shorts #foryou,What’s something someone once told you that you’ll never forget?,"The best thing about being an adult is, outside of work, you never have to hang out with anybody you don’t want to. Remember that. “If you were going to turn out like your father, you would have done so already.” -my therapist when I was 17. It was a weight off my shoulders ´Not everything deserves your energy´, and it unlocked a whole new personality for me",other,PT30S,71,0,0,0.5423263651809247
ChBrBKj_FL0,2025-12-15T12:23:43Z,216.6,12,What was the greatest thing we almost had? #shorts #foryou,What was the greatest thing we almost had?,"The end of many infectious diseases, like measles and many others. A generation without a nicotine addiction. McDonald’s started 24 hour breakfast right before COVID & when the lockdowns hit they killed it and have never brought it back.",nostalgia,PT24S,80,1,0,0.6610105220252174
w0u7iPVS4kg,2025-12-16T00:50:07Z,216.1,0,What jobs pay extremely well but people don’t realize it? #shorts #foryou,What jobs pay extremely well but people don’t realize it?,Costco manager (not the GM) On track to make 150k including stock options I've read every comment. I think I'm going to go into crime. Nuclear station security guards,money-work,PT22S,49,0,0,0.17890190217879498
or2vlbZ8PUo,2025-12-16T12:21:46Z,215.6,12,Who has the most recognizable voice in history? #shorts #foryou,Who has the most recognizable voice in history?,Morgan Freeman James Earl Jones.  David Attenborough,fame-celebrity,PT15S,41,0,0,0.00484343360400441
lF9gvPG7YEY,2025-12-17T00:45:41Z,215.1,0,What never came back after the pandemic? #shorts #foryou,What never came back after the pandemic?,Affordability of everything. My perspective of time  A sense that things will be ok.,other,PT16S,48,0,0,0.1593120526469347
a-0M7qv4ECM,2025-12-17T12:23:19Z,214.6,12,What screams “I peaked in high school” without saying it directly? #shorts #foryou,What screams “I peaked in high school” without saying it directly?,"If Coach had put me in fourth quarter, we would've been state champions. No doubt. No doubt in my mind. In my town it’s always car salesmen who were hired by the owner, their father. Still bringing up high school stories like they were last weekend.",humor-absurd,PT29S,68,0,0,0.5018971121043867
6j1gLZK5aJQ,2025-12-18T00:46:26Z,214.1,0,What’s something people insist is ‘harmless’ that actually makes society worse? #shorts #foryou,What’s something people insist is ‘harmless’ that actually makes society worse?,Recording strangers for content Employers requiring multiple years of experience for entry-level positions  Glorifying being constantly busy like it’s a personality trait,other,PT22S,48,1,0,0.15992998573610784
UMYm5lJHF6s,2025-12-18T12:21:22Z,213.6,12,"Be honest, what do you think comes after death? #shorts #foryou","Be honest, what do you think comes after death?",The exact same thing that occurred before birth Nothing *Hey you... you're finally awake*,dark-morbid,PT16S,89,0,1,0.7682184457467729
zP021DqgYA4,2025-12-19T00:49:03Z,213.1,0,What do you expect 2026’s major event will be? #shorts #foryou,What do you expect 2026’s major event will be?,A big shift in how people trust technology and information. Something involving Trump. US attack and start war with Venezuela.,other,PT19S,146,0,0,1.2591639082179018
2HxaPdFdrAE,2025-12-19T12:21:23Z,212.6,12,What do rich people have in their house that says they’re rich? #shorts #foryou,What do rich people have in their house that says they’re rich?,Floor to ceiling windows because neighbors aren’t close enough to look. Furniture isn’t necessarily against a wall. I’d love that More bathrooms than bedrooms,money-work,PT20S,305,0,0,1.9926157933206863
fDS63LcxhNk,2025-12-20T00:47:34Z,212.1,0,What company went downhill but made a comeback? #shorts #foryou,What company went downhill but made a comeback?,"Champion! Back in the 80s it was a cheap Kmart brand, I would get picked on for wearing it. Now it's everywhere, what changed? Is it the irony? LEGO almost went out of business in the early 2000s Porsche has almost died twice. Both times saved by the cars that Porsche people love to hate.",money-work,PT29S,151,0,0,1.2932346262107437
LP9DKhWavDA,2025-12-20T12:21:03Z,211.6,12,What is the most expensive corporate mistake you personally witnessed? #shorts #foryou,What is the most expensive corporate mistake you personally witnessed?,"Reg employee decided to move files around and deleted every customer we had on the server. Somehow he is still employed Boeing merger with McDonnell Douglas, when they brought over the executives that ran McDonnell Douglas into the ground and put them in charge my old company spent six figures developing a new logo. the final presentation was just the old logo, but in comic sans. the ceo loved it.",money-work,PT35S,47,0,0,0.140856397997553
aN61kpao8HI,2025-12-21T00:54:41Z,211.1,0,"What sounds like complete nonsense, but has been proven to be true? #shorts #foryou","What sounds like complete nonsense, but has been proven to be true?","Placebos show positive effect even when you know you're being given a placebo. Per capita, the Vatican City has the highest crime rate in the world Tumbleweeds are not native to North America. They are invasive",other,PT24S,187,0,0,1.5064255420421175
McHdknbY2cU,2025-12-21T12:19:35Z,210.6,12,What's a skill that sounds useless but is actually powerful? #shorts #foryou,What's a skill that sounds useless but is actually powerful?,Delaying your reaction. Taking notes you’ll never reread Active listening. Remembering what people shared with you.,other,PT21S,44,1,0,0.07694503563934996
uGeiWkgtDP8,2025-12-22T00:53:16Z,210.1,0,What's something women think impresses men but actually doesn't? #shorts #foryou,What's something women think impresses men but actually doesn't?,Acting hard to get only makes you hard to want. Acting disinterested to seem to be COOL. Telling us about how many other dudes are interested in you or what they did for you.,relationships-dating,PT20S,130,1,0,1.145809641683862
9ieCGBvL-Bg,2025-12-24T03:45:47Z,208.0,3,What’s something you thought was going to be really big that never caught on? #shorts #foryou,What’s something you thought was going to be really big that never caught on?,I know VR games/headsets are still growing but I definitely thought it was going to explode in popularity much faster The Panama papers  [removed],nostalgia,PT20S,51,0,0,0.22320011468899104
0wI-gF3lGLM,2025-12-24T12:21:25Z,207.6,12,What's your earliest memory? #shorts #foryou,What's your earliest memory?,Being molested. The earliest memory I can attribute to an actual date was going to watch a church burn when I was 2.5 years old. I remember knocking down some kid’s blocks in pre K for no reason at all,other,PT21S,75,0,0,0.6029181307597251
AKbv7xTvxnQ,2025-12-25T00:49:59Z,207.1,0,What habits of girls did you only discover after getting a girlfriend or wife? #shorts #foryou,What habits of girls did you only discover after getting a girlfriend or wife?,"“Are you hungry”? Means “I’m hungry and I want you to be hungry with me” Came here to write **hair**, but it's already everywhere in the comments - just like at home.. tiny bundles of hair on the shower walls that she's definitely going to remember to throw out afterwards",relationships-dating,PT26S,96,1,0,0.8472280407145858
DmhxO5mlvxo,2025-12-25T12:22:02Z,206.6,12,What is a tradition that is insanely cruel yet still considered legal? #shorts #foryou,What is a tradition that is insanely cruel yet still considered legal?,"Breeding flat faced dogs and cats. Forced marriage, child marriage, forcing a child to marry her uncle or cousin marriage. Declawing cats.",dark-morbid,PT24S,115,0,0,1.0264151813947606
1goDD83ipeQ,2025-12-26T00:50:19Z,206.1,0,What is just a placebo effect but most people don’t realize? #shorts #foryou,What is just a placebo effect but most people don’t realize?,"Sugar highs in kids apparently. Although anecdotally, it doesn’t seem like it’s placebo! Chiropractor  Homeopathy.....  Don't even get me started.",health-body,PT25S,95,0,0,0.837506937836781
S4SHNb3-W3Q,2025-12-26T12:21:04Z,205.6,12,What kind of parents raise the best children? #shorts #foryou,What kind of parents raise the best children?,"Emotionally mature parents, who know how to sort their own emotions parents who encourage curiosity instead of punishing questions Golden retrievers",relationships-dating,PT20S,61,0,0,0.4006019737558302
eaCy2RgCOe8,2025-12-27T00:48:31Z,205.1,0,How did the Trump supporters you know react to Trump being in the Epstein files? #shorts #foryou,How did the Trump supporters you know react to Trump being in the Epstein files?,"They don’t care or haven’t brought it up They’re denying it and saying it’s fake Well, my uncle is dating a 19 year old when he is nearly 60. So, he's been pretty hyped.",politics-news,PT22S,127,1,0,1.125832858898252
lAIIM4vuUSs,2025-12-27T12:20:12Z,204.6,12,What is your single best tip for 2026? #shorts #foryou,What is your single best tip for 2026?,"Build habits that work on your worst days, not your best ones. Invest in yourself now, because future you is gonna thank you big time. pick progress over perfection every time",other,PT21S,92,0,0,0.8067128560146655
18FMuOikGQE,2025-12-28T00:57:32Z,204.1,0,What is the most shocking detail you’ve found in the Epstein files so far? #shorts #foryou,What is the most shocking detail you’ve found in the Epstein files so far?,That they didn’t exist and now some of them do Just how little people actually care about girls and women. How everyone turned a blind eye back in ‘06 or whenever it was he got arrested.,other,PT22S,41,0,0,0.012124082835189842
OPdvBceQCCE,2025-12-28T12:19:38Z,203.6,12,What inspired your reddit username? #shorts #foryou,What inspired your reddit username?,not much hiding is there Cassandra - because being right and being ignored is basically my brand. Auto generated and I liked it,other,PT17S,63,0,0,0.43364551782337557
9xKSMqEzQAM,2025-12-29T00:56:57Z,203.1,0,"What screams ""Pretending to be Poor""? #shorts #foryou","What screams ""Pretending to be Poor""?",Always complaining about not having money but miraculously goes on vacation 3xs or more a year.  Poor people don’t take vacations. Posh Spice telling how hard it was growing up ”poor” when her dad drove a Rolls Royce Most content creators when try to feel relatable after 1 Million subs,other,PT30S,90,0,0,0.7859647118317983
_lBSpyvMgjw,2025-12-30T00:49:10Z,202.1,0,What’s one fast food chain that was once all the rage but now barely around? #shorts #foryou,What’s one fast food chain that was once all the rage but now barely around?,Quiznos Boston Chicken/Boston Market. Orange Julius,other,PT17S,302,0,0,1.9894886832486325
yh4jE0h28KA,2025-12-30T12:22:50Z,201.6,12,What smell will YOU never forget? #shorts #foryou,What smell will YOU never forget?,"My grandma’s house. Old furniture, food, and something I can’t name Fresh rain on hot pavement. Instantly takes me back, no matter where I am, it feels like a reset for my soul. The smell just after rains stops",other,PT24S,107,0,0,0.9582033974996245
xjP-OITrIT4,2025-12-31T00:52:35Z,201.1,0,What complicated problem was solved by an amazingly simple solution? #shorts #foryou,What complicated problem was solved by an amazingly simple solution?,"Many deadly infections were cured after the discovery of a forgotten moldy petri dish.  Copying poorly redacted documents into a text editor and removing the formatting Surgeons washing their hands before surgery, to prevent infections.",other,PT32S,48,0,0,0.1682351845095842
wXEuAdlXM_M,2026-01-05T04:59:54Z,195.9,4,What's a movie most people think is great but you couldn't even stand watching? #shorts #foryou,What's a movie most people think is great but you couldn't even stand watching?,"Everyone of my friends loved The Notebook, I hated it. Avatar. I don't understand how it's the number 1 movie in the world. Any of those Saw movies, no thanks.",other,PT21S,79,0,0,0.6618947449715158
2nIDH-gIDhQ,2026-01-05T12:23:37Z,195.6,12,What do you hate about this world the most? #shorts #foryou,What do you hate about this world the most?,"How we are slaves to the system and we have no choice until we die I just can’t understand why people are so mean to one another….and so greedy (I mean the billionaires-how much money do you really need to be happy??) i hate how easy it is to be loud and cruel, and how hard it is to be kind without being taken for granted",other,PT27S,75,0,0,0.6108100640470786
SUI99n7yB_U,2026-01-06T00:51:02Z,195.1,0,What’s something society treats as a flex but really shouldn’t? #shorts #foryou,What’s something society treats as a flex but really shouldn’t?,Not taking sick days Working long hours and not taking all your vacation time. Flexing with things bought on credit,life-advice,PT18S,102,0,0,0.9151578541389176
Qjze3mrpiaE,2026-01-07T00:50:57Z,194.1,0,What’s the most overrated “adult goal” people chase? #shorts #foryou,What’s the most overrated “adult goal” people chase?,“Keeping up with the Joneses” in Flying a lot for work [removed],life-advice,PT15S,36,0,0,-0.10797216202686988
cqhF9hro86M,2026-01-07T12:22:59Z,193.6,12,What is one thing that you are pretty sure of that government is hiding? #shorts #foryou,What is one thing that you are pretty sure of that government is hiding?,The true extent of how little privacy we actually have. Epstein files. Massive amount of government money being funneled into the pockets of the rich,other,PT20S,112,0,0,1.0088263149970995
DazZAvrhRKI,2026-01-08T00:50:30Z,193.1,0,"What’s a piece of advice you ignored once, but later realized was 100% correct? #shorts #foryou","What’s a piece of advice you ignored once, but later realized was 100% correct?","Trust patterns, not words. Measure twice, cut once Brush your teeth",other,PT18S,110,0,0,0.9913245290393817
QSTdknWa4gQ,2026-01-08T12:24:04Z,192.6,12,What’s something you’ve learned to appreciate more as you got older? #shorts #foryou,What’s something you’ve learned to appreciate more as you got older?,"My parents and what they’ve sacrificed to give me the best life they could Being left alone when I want to be. Quiet mornings and having time to myself, they feel way more luxurious than I ever realized.",life-advice,PT22S,40,0,0,-0.004302598731680263
FFNwRRPqXLc,2026-01-09T12:22:37Z,191.6,12,Whats your best non-swearing insult? #shorts #foryou,Whats your best non-swearing insult?,"Thanks for helping it was like doing it by myself, but harder. I envy the simplicity of your perspective. May your days be as pleasant as you are",humor-absurd,PT18S,50,0,0,0.21464016655889084
SUCUfIo6MH4,2026-01-10T00:50:48Z,191.1,0,"Non-smokers of Reddit, how noticeable is the “smoker smell” to you, if at all? #shorts #foryou","Non-smokers of Reddit, how noticeable is the “smoker smell” to you, if at all?","It's pungent, even after a few hours. Almost instant and I say this as a former smoker.  It does not smell appealing at all. No matter what you do to cover it, we can tell.",health-body,PT23S,82,0,0,0.7020150127514979
Md2_HGkjEmQ,2026-01-10T12:19:57Z,190.6,12,What will someday be illegal after we finally understand how bad for us it is? #shorts #foryou,What will someday be illegal after we finally understand how bad for us it is?,Algorithms designed specifically to exploit human dopamine loops Access to unlimited sports betting on our cell phones Kids beauty pageants.,other,PT21S,166,0,0,1.4015005606104571
k-rUw2TVYs8,2026-01-11T00:57:40Z,190.1,0,What’s the worst thing you accidentally texted to the wrong person? #shorts #foryou,What’s the worst thing you accidentally texted to the wrong person?,I asked my mom how tall her bong was Not a text but I once emailed my boss that PowerPoint about Lorde and jack antonoff’s affair. Dad has sent his boss “good morning baby” accidentally on two occasions.,other,PT22S,151,0,0,1.3077536430504924
-eFSzJLoCmk,2026-01-11T12:21:09Z,189.6,12,"If you could talk to one deceased person for 1 hour, who would it be? #shorts #foryou","If you could talk to one deceased person for 1 hour, who would it be?","Definitely my father who passed away early and who I never had a relationship with. my dad, he passed away very unexpectedly 2 years ago. life isn’t worth much without him My mother.",hypotheticals,PT22S,165,0,0,1.396192262031899
5VDp8xr8PMw,2026-01-12T00:55:14Z,189.1,0,What’s a “normal” experience that somehow never happened to you? #shorts #foryou,What’s a “normal” experience that somehow never happened to you?,"I've never had a real friend group, just individual friends from different phases. Breaking a bone  Going to prom, or being asked to any dance in general.",other,PT20S,189,0,0,1.5315950877951603
WRwrZDyTJ2o,2026-01-13T05:18:51Z,187.9,5,What’s a totally harmless thing that triggers an oddly strong reaction in people? #shorts #foryou,What’s a totally harmless thing that triggers an oddly strong reaction in people?,Having different dietary choice. Waiting.  basically having the audacity to live the way you like,humor-absurd,PT23S,38,0,0,-0.05103549967589949
rN0DF7i_3wU,2026-01-13T12:25:10Z,187.6,12,What’s the worst second-hand embarrassment you’ve felt from someone else’s actions? #shorts #foryou,What’s the worst second-hand embarrassment you’ve felt from someone else’s actions?,"My father called my 8th grade teacher a ""hoochie mama"" during the parent-teacher interview because he heard it on TV and thought it was a compliment. On a date when the guy decided it’d be super romantic to sing to me very loud in the middle of a busy mid-tier chain restaurant Watching my divorced jobless sisters’ life coaching videos on Instagram",humor-absurd,PT31S,36,0,0,-0.10347025284075251
C1TOy6a0dxI,2026-01-14T00:53:28Z,187.1,0,What’s the most useless thing you were taught in school? #shorts #foryou,What’s the most useless thing you were taught in school?,To appeal to authority when encountering bullies. THE MITOCHONDRIA IS THE POWERHOUSE OF THE CELL!!! Square dancing,other,PT17S,173,2,0,1.4450347488835082
njCG2PJKEpA,2026-01-14T12:24:19Z,186.6,12,How do you get rid of depression? #shorts #foryou,How do you get rid of depression?,"Move as in exercise. Find hobbies. Volunteer. Work. Socialize. Go outside. Anything but staying home and rotting. I want to go see a psychiatrist but I dont have any money to go for it so I just wait it out huhu Wellbutrin, 300mg / day.",other,PT29S,103,0,0,0.9307106482755367
ySxlAX5nhjU,2026-01-15T00:50:13Z,186.1,0,What’s the most overrated video game of all time? #shorts #foryou,What’s the most overrated video game of all time?,"I have a feeling most replies are gonna be games that are fairly criticised every year (CoD, EA sports games) Nobody hates a video game more than a group of people who love a video game, it’s pretty wild honestly. Undertale. It is very good but the cult around it is completely detached from reality",other,PT27S,93,0,0,0.8299829310472533
3vq3Zd6uxtU,2026-01-15T12:24:16Z,185.6,12,What unhinged thing did a former teacher do in the classroom? #shorts #foryou,What unhinged thing did a former teacher do in the classroom?,"Decided to show us how earthquake proof the lights were by hanging down from them. They were not indeed rated for such a test. One of mine brought a microwave to class and made popcorn during a test, then ate it slowly while maintaining eye contact with everyone Was convicted of being a child molester. Some of the victims were my classmates.",humor-absurd,PT30S,243,2,0,1.784200087160762
KNtqlDQDY10,2026-01-16T00:52:38Z,185.1,0,What is the worst medical disease a human can have? #shorts #foryou,What is the worst medical disease a human can have?,Radiation poisoning.  Huntington’s Disease. I’m gonna go stage 4 pancreatic cancer,health-body,PT19S,224,1,0,1.703503877755057
kaIHDp90cf4,2026-01-16T12:22:00Z,184.6,12,What’s the biggest lie we were told growing up? #shorts #foryou,What’s the biggest lie we were told growing up?,"Everything will be fine Study hard, get a government job and life will be set.. That you’d never have a calculator on you at all times",nostalgia,PT18S,70,0,0,0.5504265932740555
pmg5-dykDZU,2026-01-17T00:49:25Z,184.1,0,What do you think America will be like when Trump finishes his term? #shorts #foryou,What do you think America will be like when Trump finishes his term?,Divided The thing is: Trump isn’t the problem. In shambles. I feel bad for whoever is next in office,other,PT20S,110,0,0,0.9976500688335705
Y0Fj37HV_o4,2026-01-17T12:19:41Z,183.6,12,What's something everyone romanticizes but is actually terrible? #shorts #foryou,What's something everyone romanticizes but is actually terrible?,"Toxic positivity. It’s ok for you to acknowledge something’s are not ok, actually bad, make you angry etc. Grand public proposals War",life-advice,PT21S,56,1,0,0.33151668988828753
tEbQwwQB0UI,2026-01-18T00:57:50Z,183.1,0,What’s something you wish people knew before they had kids? #shorts #foryou,What’s something you wish people knew before they had kids?,"Kids will not solve your relationship problems. How much work and effort goes into actually being a good parent and how much patience can be required, five month old here who loves to scream I'm a teacher and it is painfully obvious to me which students were read to as a child and which ones weren't.",other,PT26S,82,0,0,0.7076866085503646
ailU9L3hHCA,2026-01-18T12:19:45Z,182.6,12,What's something you can eat any day without getting tired of it? #shorts #foryou,What's something you can eat any day without getting tired of it?,Pizza Tacos!! [removed],other,PT13S,208,0,0,1.6315234995715668
nFiWF8pBOdE,2026-01-19T00:56:21Z,182.1,0,The world is looking so bleak right now. How is everyone coping? #shorts #foryou,The world is looking so bleak right now. How is everyone coping?,By keeping my focus on my own small circle of influence Getting back into reading has been a helpful distraction for me. Doing what I can to help people who have it worse than me,life-advice,PT21S,157,1,0,1.3521661629914083
wzrCnh_cx38,2026-01-19T12:24:52Z,181.6,12,What’s something that quietly changed you? #shorts #foryou,What’s something that quietly changed you?,"I guess the disappointment you get when you expect something from someone and they let you down time to time, every now and then Heartbreak When small heartbreaks and failures began piling up like an avalanche and crashing down on me, I realized that I was changing.",life-advice,PT24S,60,0,0,0.40079347131332366
b7-hRk00vBY,2026-01-21T02:03:34Z,180.0,2,What is a sound that people should know means immediate danger? #shorts #foryou,What is a sound that people should know means immediate danger?,"Silence where there should be noise. Like kids suddenly going quiet, or machinery that just stops mid-operation The noise a cat makes right before it pukes all over your nice carpet at 3am If you hear a woman screaming in the woods... It's probably a bobcat",dark-morbid,PT25S,309,1,0,2.0276415706646502
Lzn8i_3QxyQ,2026-01-21T12:24:55Z,179.6,12,What subtle sign made you realize your partner was cheating? #shorts #foryou,What subtle sign made you realize your partner was cheating?,The mystery baby that he was tagged in a photo with.  Christ man. Parsing through some of these comments is brutal. He was strangely good at new positions,relationships-dating,PT23S,88,0,0,0.7800236635692488
ieBibN_NFi4,2026-01-22T00:54:16Z,179.1,0,What's the creepiest display of intelligence you've ever witnessed in real Iife? #shorts #foryou,What's the creepiest display of intelligence you've ever witnessed in real Iife?,"I know a guy who'd go upto women in clubs and say ""Tell me your name and I'll tell you your postcode"" (He was a postman"" The mental gymnastics of people going to great lengths to protect pedophiles. Girl I worked with knew the lyrics of any song I played. Even obscure random songs. She knew them word for word. Different genres and everything.",dark-morbid,PT32S,105,0,0,0.9552109396669111
1yw_y7DZILM,2026-01-22T12:25:46Z,178.6,12,What options do US Generals have in terms of disobeying Trump aside from resigning? #shorts #foryou,What options do US Generals have in terms of disobeying Trump aside from resigning?,"If they start resigning that actually helps Trump, he can promote loyalists. Their duty is to not resign and to refuse illegal orders. No one in the military has to carry out illegal orders. Not resigning and forcing a court martial.",politics-news,PT25S,130,0,0,1.1673250255907668
1NjWzWWPYGk,2026-01-23T00:53:23Z,178.1,0,What is a medical fact that sounds fake but is 100% true? #shorts #foryou,What is a medical fact that sounds fake but is 100% true?,Your brain can literally convince your body it’s sick just because it’s bored and anxious. One of the symptoms of receiving the wrong blood type in a transfusion is an impending sense of doom. [removed],other,PT23S,98,0,0,0.8876333658349531
kUeBkvKtifE,2026-01-23T12:23:51Z,177.6,12,How did salt and pepper get to the top of the seasoning ladder? #shorts #foryou,How did salt and pepper get to the top of the seasoning ladder?,"[removed] Salt never expires or goes bad, and you need it to live, so it’s got that going for it. Seniority. Salt-N-Pepa were there long before the Spice Girls showed up",other,PT21S,76,0,0,0.6366762585191532
fUyA8HoBxm4,2026-01-24T00:50:34Z,177.1,0,What is a fact that continues to horrify you to this day? #shorts #foryou,What is a fact that continues to horrify you to this day?,"That people can just disappear from your life forever, and the world doesn’t pause at all. You could die at any moment from a spontaneous aneurysm At some point in your life you've probably walked past a killer without realizing it.",other,PT24S,102,0,0,0.9279873429332044
SjE0oaTOM2U,2026-01-24T12:21:37Z,176.6,12,Who was the most evil person you've ever met and how was the interaction? #shorts #foryou,Who was the most evil person you've ever met and how was the interaction?,"Before his arrest, I often bumped into and enjoyed speaking with NJ serial killer Richard Kuklinski. I thought that he was an OK guy.  My grandfather a racist white guy who somehow someway decided to have a couple of children with a black women then was racist towards his kids crazy guy was beating up his disabled wife. he was from middle east and surprised when told he cant do  that",other,PT34S,210,0,0,1.6454761295901665
ozxoy8JJgag,2026-01-25T00:58:33Z,176.1,0,Minnesota has activated the National Guard. What are your thoughts? #shorts #foryou,Minnesota has activated the National Guard. What are your thoughts?,I can't even imagine how much crazier this could be if the weather was better. And so it begins . .. I worry about a Kent State situation and am not totally sure the National Guard will prove helpful,politics-news,PT23S,37,0,0,-0.06840079213712746
ViOQ5c1vM1I,2026-01-26T00:57:53Z,175.1,0,"Real Police officers and military members, what do you guys think of Ice agents? #shorts #foryou","Real Police officers and military members, what do you guys think of Ice agents?","Army Infantry, saw combat in Afghanistan. LEO. I’d be fired and charged if I did a quarter of what they seem to get away with Unregulated unaccountable losers .",politics-news,PT25S,105,0,0,0.9582066104716049
SUWQ8Allb_M,2026-01-26T12:24:55Z,174.6,12,What would happen if Alex Pretti's killers are not prosecuted? #shorts #foryou,What would happen if Alex Pretti's killers are not prosecuted?,"The man who killed him probably already has a gofundme started for him just like the last guy. The same that happened to Renee Good's. The person will go about their day and the President will say ""Don't get in their way."" Nothing.",politics-news,PT23S,163,0,0,1.394995592492593
1yCT5-9hUmA,2026-01-27T12:24:29Z,173.6,12,What’s the most unexpectedly high-quality online subscription you’ve ever paid for? #shorts #foryou,What’s the most unexpectedly high-quality online subscription you’ve ever paid for?,Gonna go with FlightRadar24… where my peoples PBS passport. Support educational shows! I appreciate my Proton VPN subscription.,money-work,PT23S,37,0,0,-0.06652368508806772
PgbAGpSsB1I,2026-01-28T00:54:02Z,173.1,0,What’s a moment that permanently changed how you see the world? #shorts #foryou,What’s a moment that permanently changed how you see the world?,"Realizing that adults are just older kids who have zero idea what they’re doing. It’s just life on improvisation mode folks The moment I realized people can love you and still leave, that changed how I see everything. Lost a family member to a heart attack. They were young and healthy. I will never leave someone without telling them I love them since then.",life-advice,PT31S,109,0,0,0.9967684881999324
Gc53wfoTpu4,2026-01-29T16:02:58Z,171.5,16,What is a luxury you can never go back from once you’ve experienced it? #shorts #foryou,What is a luxury you can never go back from once you’ve experienced it?,Honestly? Not having to look at prices while buying groceries Hiring movers Business class on flights over 8 hours. It's another world if you can actually lie down. But so dang expensive...,other,PT25S,38,0,0,-0.03889528846138468
H2W6mhWfeMU,2026-01-30T01:00:51Z,171.1,1,What’s a disgusting habit that you secretly think is actually 100% normal? #shorts #foryou,What’s a disgusting habit that you secretly think is actually 100% normal?,"Picking your nose, so satisfying Smelling your armpits to see if you stink. Eating over the sink like a raccoon when you don’t want to wash a plate is completely normal behavior.",humor-absurd,PT25S,89,0,0,0.7976417854646494
sWUfDxSRdp0,2026-01-30T12:28:50Z,170.6,12,What profession have you lost respect for as you've gotten older? #shorts #foryou,What profession have you lost respect for as you've gotten older?,Politicians Chiropractic HR,money-work,PT14S,136,0,0,1.21818367315342
bsaD1cSmXkA,2026-01-31T00:58:35Z,170.1,0,What‘s a secret you found out by accident and were never supposed to know? #shorts #foryou,What‘s a secret you found out by accident and were never supposed to know?,"Found my nan's death certificate, she died of alcoholism, never had a clue Found out my mother was having an affair with my uncle When I was a kid, I found out my dad wasn't my dad. They all knew, but I didn't. Found my real dad last year.",other,PT26S,43,0,0,0.08279747223556644
Ztqx3Myofwo,2026-01-31T12:24:07Z,169.6,12,What is free on the internet that more people should know about? #shorts #foryou,What is free on the internet that more people should know about?,Photopea is a free online photoshop that doesn't require a login or anything. Internet Archive / The Wayback Machine I made a list that was gathered from users on this subreddit a while back: [https://roundible.com/NEBmEzBj](https://roundible.com/NEBmEzBj),other,PT33S,56,0,0,0.34203058751106585
07Mfq1dhiJg,2026-02-01T01:11:17Z,169.1,1,What is the worst thing you ever saw on someone else's phone? #shorts #foryou,What is the worst thing you ever saw on someone else's phone?,"When my husband changed my name in his phone from a pet name to my actual name. I knew we were growing apart, but that was a gut punch. I saw a guy shopping in the grocery store with a post-it-note stuck to his phone with his grocery list he was reading from Calculating 2+6........",other,PT28S,63,0,0,0.45827935870835645
SoyzMc1na_8,2026-02-01T12:24:24Z,168.6,12,Which new Epstein file finding made you go “wait… what?” and why? #shorts #foryou,Which new Epstein file finding made you go “wait… what?” and why?,"At this point, the only thing that would surprise me is anyone involved facing any consequences The fact that this much was even released. Epstein ties to 4chan is unexpected but makes perfect sense.",other,PT24S,42,0,0,0.0609633139506367
SvIn_cEBJG0,2026-02-02T01:04:39Z,168.1,1,"What job pays way more than people think, but nobody talks about? #shorts #foryou","What job pays way more than people think, but nobody talks about?",[removed] Girlfriend was explaining garage door tech pay to me the other day. Pretty wild. Very dangerous too. Anything that fixes essential infrastructure at 3 a.m. — the paycheck isn’t subtle.,other,PT24S,82,0,0,0.7190194514811781
5l3UTqchtpg,2026-02-02T12:32:40Z,167.6,12,What’s actually safe but people think is dangerous? #shorts #foryou,What’s actually safe but people think is dangerous?,"MSG I've been living my adult life in constant fear of putting magnets near my electronics, but it turns out that's not really an issue anymore. Trick or treating.   ",other,PT24S,60,0,0,0.4114299886306574
MUXCB4BxKbc,2026-02-03T01:04:27Z,167.1,1,What is a piece of software that is so good you can't believe it's completely free? #shorts #foryou,What is a piece of software that is so good you can't believe it's completely free?,Danvici Resolve. Git Merlin Bird ID,other,PT22S,45,0,0,0.12961100040015427
1VcsP7QNhxw,2026-02-03T12:33:18Z,166.6,12,What did you find the most interesting or disturbing in the new Epsteinfiledrop? #shorts #foryou,What did you find the most interesting or disturbing in the new Epsteinfiledrop?,"That victims are not protected by the redaction but the predators are That no one really is going to do a thing. That Bill Gates, at the time the wealthiest human on earth, had to ask his buddy Epstein for antibiotics.",dark-morbid,PT25S,90,0,0,0.8122091124824897
gNravpCcDCo,2026-02-04T01:00:45Z,166.1,1,History's Most Epic Fails? #shorts #foryou,Who is the biggest loser in history?,"The people to put all their money into the Huak Tuah meme coin that cratered in like 10 minutes and effectively ended her 15 minutes of fame. Louis Klotz, founder of the Washington Generals who have a 6-17000+ record against the Harlem Globetrotters Elon Musk. Even Epstein thought he was a loser.",other,PT28S,0,0,0,-3.6982368292462207
LN9z5FPHDmA,2026-02-04T12:33:27Z,165.6,12,The Fastest Way To Lose It All #shorts #foryou,What’s the fastest way you’ve ever seen someone completely ruin their own life?,The jumbotron at the coldplay concert Drugs in the workplace while they were in training for a promotion to a position with a higher wage. Have a kid with the wrong person ,other,PT22S,125,1,0,1.1384295048306208
FZBy_yqhT5g,2026-02-05T01:02:53Z,165.1,1,Unmistakable Signs of Low Intelligence #shorts #foryou,What is a sign of very low intelligence?,Lack of curiosity.  Confusing 'being loud' with 'being right.' The loudest person in the room is rarely the smartest. Believing anything they see on social media,life-advice,PT21S,133,0,0,1.2004045698084562
YFHRUTj8xeE,2026-02-05T12:35:00Z,164.6,12,Epstein Files: What REALLY Shocked Reddit? #shorts #foryou,"What's the most disgusting/shocking, you have read on the Epstein files?","Whats more shocking than the list, itself, is how nothing has happened because of it. At least not in America. I think what upsets me the most is they protected the predator and exposed the victims. The fact that all of the redacted names are still breathing.",other,PT25S,59,0,0,0.39729576851022985
FRrzAOfIsh0,2026-02-06T01:00:14Z,164.1,1,You'll ONLY Understand This After Living Alone #shorts #foryou,What’s something you only understand after living alone?,"How nice it is to be able to come and go as you please without having to explain yourself to anyone. Silence can be peaceful or lonely, depending on the day Discipline matters more than motivation when no one is watching.",life-advice,PT23S,153,0,0,1.340321165901913
rbq64uH4irY,2026-02-06T12:33:39Z,163.6,12,FAFO: They Found Out The Hard Way #shorts #foryou,What was the best FAFO moment you've witnessed?,Customer screaming “I KNOW THE OWNER” while the owner was standing right behind them Road rager punched out other driver’s window. Got maced or pepper sprayed. Fell down.  Police car was 2-3 cars back and cuffed up the sprayed fella. Customer told the waitress ‘I pay your salary.’ Manager was the owner’s daughter. He got banned,humor-absurd,PT31S,69,0,0,0.5522533274571515
pdT4jk2KxU4,2026-02-07T00:59:32Z,163.1,0,Celebs: The Incidents We Won't Forgive #shorts #foryou,What celebrity have you never forgiven since an incident?,"danny masterson and friends. Oprah, who introduced the world to Dr Phil and Dr Oz Bill Cosby",fame-celebrity,PT19S,48,0,0,0.19599866015753298
_yj8qFj_c_o,2026-02-07T12:24:22Z,162.6,12,Epstein Files: Is Justice For Sale? #shorts #foryou,"Epstien files got released and yet no one has been arrested, why?",Because the people contained in the files are either in power or can afford to buy those who are. Because America doesn’t have a justice system. Oligarchy. Fake democracy.,other,PT26S,127,0,0,1.1565956803327073
QUvyUEOIFcY,2026-02-08T01:20:22Z,162.1,1,Entertainment That Aged Like Milk! 🥛 #shorts #foryou,What piece of entertainment aged worse than you ever expected?,"Bill Cosby Show seemed wholesome back then.   Any album by the Lostprophets, but *especially* the music video for a town called hypocrisy. Genuinely horrible. Get him to the Greek.",nostalgia,PT25S,92,0,0,0.8376048599429597
k_bGGxcqkWQ,2026-02-08T12:24:47Z,161.6,12,Weak Man Red Flags? #shorts #foryou,What are the signs of a weak man?,"A weak man can't handle criticism, even when it's constructive Someone who feels the need to bully or insult other men to feel powerful Never admitting fault. Always someone else's fault.",other,PT21S,43,0,0,0.08957285329897946
QLzyNIxy-0k,2026-02-09T01:06:08Z,161.1,1,The Rarely Sick: Their Secrets #shorts #foryou,"People who rarely get sick, what are your secrets?","Avoid the public. Wash hands regularly. Don’t have children, that’s for sure. I’ve been teaching for over 20 years and veteran teachers have great immune systems.",health-body,PT20S,86,0,0,0.7717256450132366
b4tny2EG7kM,2026-02-09T12:40:24Z,160.6,12,Bad Bunny Halftime Show: Was He a 'Good Bunny'? #shorts #foryou,what did yall think of the bad bunny halftime show?,didnt expect lady gaga lol I don’t have any idea what he was saying but HE WAS SAYING SOMETHING! To be totally honest he seems like a good bunny,other,PT19S,158,0,0,1.375119012741723
8pEemfuXl74,2026-02-10T01:15:16Z,160.1,1,Are Gambling Ads the New Cigarettes? #shorts #foryou,Should all gambling ads be banned the way cigarette ads mostly were? Why or why not?,"All gambling ads should be banned, mainly because they are exploitative.  Yes, gambling, especially sports gambling is highly addictive and destructive. Ban gambling and pharmaceutical ads while you're at it. Both are extremely predatory and there's a reason most other countries don't allow them.",politics-news,PT30S,55,0,0,0.33199981851463356
4Njh8cdvW5w,2026-02-10T12:44:28Z,159.6,12,These Characters RUINED Their Shows. #shorts #foryou,Which character ruined an entire TV show for you?,Scrappy doo Po. His antics made the Teletubbies completely infuriating. Poochie.,other,PT17S,34,0,0,-0.13760694721199052
uODHjXY2kqc,2026-02-11T01:12:56Z,159.1,1,What Women Deal With Daily (Men Have No Idea) #shorts #foryou,What is something that women have to deal with on the daily that men have no clue about?,"When I rode the bus regularly I never thought twice about sleeping on it. Mentioned it to a female friend and she was all ""you do what now!?!?!""  Medical suffering that is brushed off as hysteria, even if you shove your diagnosis up their throat [removed]",other,PT26S,50,0,0,0.23930296548408414
KBtePfFvUws,2026-02-11T12:40:50Z,158.6,12,What ACTUALLY Happens in Your 30s? #shorts #foryou,What is something that starts happening in your 30s that nobody warned you about?,"The people you work with keep getting younger. Watching your parents get old is a psychological mindfuck Realizing that ""What do I actually want to do with my life"" is no longer a ""Eh, I'll figure it out later"" problem.",life-advice,PT23S,119,0,0,1.095367679084152
xwxQmh3BrH4,2026-02-12T01:05:11Z,158.1,1,The Vibe When Obama Was Elected #shorts #foryou,What was it like when Obama was elected President?,Pretty weird moment as a country.  People were over Bush and wanted something new.  Even my racist grandma supported him. There was hope. You didn't have to hear about him every day,nostalgia,PT25S,57,0,0,0.3687516150082688
tJ0B_ZSe4-0,2026-02-12T12:37:06Z,157.6,12,"What's LEGAL Now, BANNED in 10 Years? #shorts #foryou",What’s legal now but might become illegal ten years from now?,Accessing the internet anonymously owning things you buy Pimping your kids out on social media in return for freebies and likes,politics-news,PT18S,154,1,0,1.3521371822758579
klumNyrvIQg,2026-02-13T01:09:16Z,157.1,1,The Dumbest Ideas That Were Pure Genius. #shorts #foryou,What's the dumbest idea you've seen that actually worked?,Putting googly eyes on random objects and suddenly the whole office morale went up like we discovered fire again. House propane tank gauge was stuck for a month. Hit it with a stick. Propane tank gauge works fine now. Posting a wrong answer on the internet to get the right one. It’s significantly faster than asking the actual question.,other,PT29S,131,0,0,1.191953978737811
lBorBD-wejA,2026-02-13T12:33:39Z,156.6,12,America's Most HATED Fast Food? #shorts #foryou,Whats the worst fast food joint in america?,Annnnd almost every fast food chain will make an appearance. Panera bread was good in the early 2000s. It is genuinely disgusting now… I don’t know who’s still keeping them in business I just came here to make sure nobody said anything disparaging about Bojangles. ,other,PT30S,125,0,0,1.1458355761579107
PcOD2_1othA,2026-02-14T01:02:42Z,156.1,1,The Sounds of IMMEDIATE DANGER. #shorts #foryou,What’s a sound everyone should recognize as immediate danger?,If you have children: the sound of silence means they are up to no good. The sound of a dog about to throw up in the middle of the night on a carpeted floor The wailing of a train during a thunderstorm. Thats not a train. Go the lowest spot you can find and wear your helmet.thats a tornado.,life-advice,PT27S,60,0,0,0.42086849380642244
89JtSG4iVsA,2026-02-14T12:23:30Z,155.6,12,Are YOU Doing These Filthy Habits? #shorts #foryou,What is extremely unhygienic but everyone seems to do it anyway?,Using their phones. Not many people ever sanitize their phones and use them non stop. Snorting coke off public restroom toilet seats. Lick their fingers when counting money,health-body,PT22S,41,0,0,0.04806630670879963
qzsX1iUsMnM,2026-02-15T01:07:42Z,155.1,1,These 10-Second Choices Changed Everything #shorts #foryou,What’s a decision you made in under 10 seconds that changed your life forever?,"11 years ago, my friend drunkenly asked me to marry her. I said yes, and we’ve been happily married for almost 9 years. Eating dinner at Applebee's. My future husband was my waiter that night Answering a random call at 7pm. HR recruiter for my current employer",other,PT28S,64,0,0,0.48523672820174646
3mUEEsOzNqU,2026-02-15T12:25:24Z,154.6,12,Romanticized but secretly MISERABLE. #shorts #foryou,What’s something people romanticize that is actually miserable?,Medieval times Living in the middle ages or the 1920s. Bedrotting. The actual kind.,life-advice,PT25S,41,0,0,0.048921895447427755
X55oBmu1ezo,2026-02-16T01:04:58Z,154.1,1,The REAL Signs of Wealth #shorts #foryou,What’s a subtle sign someone is actually rich?,"That everything is replaceable. Only sentimental items have real value to them It’s a banana Michael, what could it cost - ten dollars? They can buy beef jerky weekly",money-work,PT20S,42,0,0,0.0729053323700195
PXWcYPr7Omo,2026-02-16T12:34:48Z,153.6,12,"Guys, Stop Wearing THIS (According To Women) #shorts #foryou",Women of Reddit - what is the most unattractive fashion choice men frequently make?,[removed] Pants that sag below the top of the butt. The broccoli top hair cut has GOT to go.,other,PT18S,130,0,0,1.1873152420563513
OCBFsNL9PNU,2026-02-17T01:04:42Z,153.1,1,'Worst She Can Say Is No' Was A Myth #shorts #foryou,"""The worst she can say is no"" - Lads, what was the worst ""she"" ever said?","I think this might make it worse, but it actually occurred when *she* was asking *me* out. I wrote her a note asking her out, she wrote 'Ew' on it and sent it back. Female here he said ""I've been thinking about whether I want or need you in my life and the answer to both is no""",other,PT28S,110,0,0,1.0220982206658142
vRLOsY8jCf0,2026-02-19T03:42:50Z,151.0,3,What Smell SCREAMS Immediate Danger? #shorts #foryou,What is a smell that we should all recognize as immediate danger?,"As someone that was born without a sense of smell, this entire thread is nightmare fuel lol. [removed] The smell of sulfur inside your home.",other,PT21S,76,0,1,0.6582127753325033
aQUnfLgpEq0,2026-02-19T12:36:05Z,150.6,12,Creepy Facts You Can't Unknow #shorts #foryou,What are some VERY creepy facts?,Your brain can create false memories that feel completely real. That which is not alive cannot be killed. Prions scare me Chainsaws were invented for childbirth.,other,PT19S,8,0,0,-1.4880425813117761
9uOhp9bPWmM,2026-02-20T01:01:38Z,150.1,1,Prince Andrew & Epstein: The Arrest Question SHOCKING Reddit. #shorts #foryou,Prince Andrew just got arrested over Epstein files involvement what do you think of this?,"I hope he rats everyone out. I'm surprised that the police actually took action against him, but i'm happy with it. It's been long overdue. Keep going, do more.",other,PT22S,9,0,0,-1.382225648808821
SXe6AH6SFSk,2026-02-20T12:33:18Z,149.6,12,Your instant movie turn-off? #shorts #foryou,What actor’s mere presence makes you automatically lose interest in a movie or show?,James Cordon. His voice is irritating and repugnant. How does he get voice cast for roles ffs.  Jared Leto. Box office poison is what he is. The guy from 30 Seconds to Mars,fame-celebrity,PT25S,28,0,0,-0.31709007163273606
wFXehYoCg9E,2026-02-21T01:00:07Z,149.1,1,The Adult Skill Your Brain Just WON'T Learn #shorts #foryou,What is a basic adult skill that your brain just literally refuses to learn?,Folding fitted sheets. My brain acts like it is advanced math every time. Remembering peoples names Neighbors and their kids names…,humor-absurd,PT20S,50,0,0,0.2478999800610433
EU_EZFH_g2o,2026-02-21T12:24:14Z,148.6,12,The Celebs That Just Feel... OFF. #shorts #foryou,"Which celebrity just bothers you, and you can't put your finger on why?",Mr. Beast. Something is up with that one Kevin Hart comes off as so fake to me. It's like he's trying so hard to look like he's enjoying himself. Just fake in presentation period. Jada pinkett since always.  Wahlberg but I have an idea why,other,PT27S,5,0,0,-1.8917431680854233
6Mr6AlNDiT8,2026-02-22T01:05:02Z,148.1,1,Kids Off Social Media: Good or Govt. Control? #shorts #foryou,What do you think about a universal law that bans teens under 16 from having social media?,It's just an excuse to make the internet less anonymous for everybody. It's not about the kids. I think it should be 65. I can't be trusted. strongly against.,politics-news,PT29S,0,0,0,-3.683030614688704
rX6MPpz51FE,2026-02-22T12:24:18Z,147.6,12,Smells That Are WRONG But SO GOOD #shorts #foryou,What's a smell that's bad but smells oddly good?,Petrol/gasoline. I roll down the windows in the car every time I fill up. So satisfying Burning matches I love the smell of an unfinished basement or parking garage. ,humor-absurd,PT22S,33,0,0,-0.15624722792591195
B01SjrM0O2Q,2026-02-23T01:03:48Z,147.1,1,Reddit's 10/10 Books: Do YOU Agree? #shorts #foryou,Readers of Reddit. What’s a 10/10 book you’ve read?,11.22.63 The Count of Monte Cristo by Alexander Dumas Cat’s Cradle,other,PT18S,58,0,0,0.39540410406012594
TNz0IN0G0xo,2026-02-23T12:36:36Z,146.6,12,What You Didn't Know Was Trauma #shorts #foryou,What is actually a trauma that is not commonly thought of as a trauma?,losing your job Emotional neglect: parents that are emotionally unavailable Growing up poor. We didn't go to the doctor or dentist growing up.,health-body,PT20S,0,0,0,-3.6816991045299554
Jbq-Eap63y8,2026-02-24T01:03:00Z,146.1,1,Was your childhood 'normal' actually toxic? #shorts #foryou,"What seemed completely normal in childhood, but now you realize was actually not okay?",adults oversharing their problems to kids like we were therapists Being told to “respect adults” no matter how they treated you Apologizing for things that weren’t even my fault.,nostalgia,PT22S,79,0,0,0.7007969585792684
Hb78GB9PtEY,2026-02-24T12:37:32Z,145.6,12,40+ Reveal: What *Actually* Matters? #shorts #foryou,"People 40+, what actually mattered in the long run and what didn’t?",Knowledge compounds.  Don't stagnate or ever stop learning. Investing for retirement Strength training and stretching,other,PT19S,33,1,0,-0.15443084479882296
3Pp3MUfmhNE,2026-02-25T01:08:19Z,145.1,1,Sexually Incompatible Marriage: What Happened? #shorts #foryou,People who married someone they weren’t sexually compatible with — how did it turn out?,"builds resentment over time, lots of frustration and eventually either compromise or divorce. [removed] We got divorced. Now I'm with someone I'm compatible with. That said, there were many other things wrong with the relationship.",relationships-dating,PT25S,0,0,0,-3.680315928407292
96oYUXW1pBw,2026-02-25T12:38:01Z,144.6,12,Proof you're dating an idiot. #shorts #foryou,When did you realize you were dating an idiot?,"She asked if they spoke English where I was planning on visiting......I was going to England. Once i remarked that I use the dictionary function on my phone everyday- he said “I pretty much know all the words”. Okay. When the guy who worked at the liquor store goes ""why are you with that guy? He's a piece of shit""",relationships-dating,PT27S,34,0,0,-0.12452959941856934
IzdKRyCenzc,2026-02-26T01:02:37Z,144.1,1,The Boring Jobs That Are Secretly Goldmines #shorts #foryou,What's one 'boring' career that's actually a goldmine if you play it smart?,"Elevator repair. Guys I know doing that are clearing 120k easy and nobody even thinks about it as a career. Utility company. Big money jobs but don't wear company gear out in public.  Actuary.     Great hours, very high pay.   ",money-work,PT30S,31,0,0,-0.21366697205354557
7jX6bNGmVsk,2026-02-26T16:25:07Z,143.4,16,Things You'll *Actually* Want After 25 #shorts #foryou,What’s something that becomes attractive only after 25?,Having no plans for the weekend. A full night's sleep A high-quality vacuum cleaner,relationships-dating,PT16S,30,0,0,-0.24482507960680078
pPXch1Fsu6Q,2026-02-27T01:03:37Z,143.1,1,Reddit's Shocking Rabbit Holes #shorts #foryou,What is the most interesting rabbit hole you’ve ever been down?,Steven hawking's personal life Sometimes I go to prison pen pal websites and look up what they did to get locked up Death Valley Germans.  A fascinating read.  Link below.,other,PT29S,48,0,0,0.21334112015622653
UnNlXUaYBU4,2026-02-27T12:32:55Z,142.6,12,How Fast Can a Life Be Ruined? #shorts #foryou,What is the fastest way you have seen someone ruin their life?,"Had an affair with his cousin's wife My late brother-in-law discovered opioids. It cost him his marriage, his house, and his life in about two years. Pulling a knife on a cop wasn't a smart move.",dark-morbid,PT23S,79,0,0,0.7039915922020485
2vORckqweJ8,2026-02-28T00:56:51Z,142.1,0,Still Insane: Our New Normal #shorts #foryou,"What became ""normal"" in the last 5 years that still feels insane to you?","Getting charged a subscription for things that used to be one-time purchases even my car wants a monthly fee now. Treating politicians like influencers and random people on the internet and vice versa. All of our tech is listening to us and advertising to us based on our searches, thoughts etc. it should be illegal.",other,PT29S,63,0,0,0.48132905399324244
nlnvOR4QLow,2026-02-28T12:22:45Z,141.6,12,Men Who Cook: Who Taught Them? #shorts #foryou,"Men who can cook, who taught you?","My mom Jacques Pépin, Julia Child, J. Kenji López-Alt, Rick Bayless, Alain Passard, Alton Brown, Michael Ruhlman, Justin Wilson... In order necessity then Alton brown",other,PT21S,49,0,0,0.23491401800788259
iykldQ76W7Q,2026-03-01T01:10:37Z,141.1,1,What Celebs Hope You Forgot #shorts #foryou,What is some shady info about a celeb that everyone seems to have forgotten about?,"Brett Favre stole millions meant for the poorest people in Mississippi and has yet to be held accountable. Mark Wahlberg was a really bad dude. Here in Boston, among the older locals, he is considered trash. That Caitlyn Jenner caused a car accident that ended up killing someone.",fame-celebrity,PT30S,177,0,0,1.5051745677469057
DfcBrzVHQ90,2026-03-01T12:25:26Z,140.6,12,The Body Secrets Nobody Talks About #shorts #foryou,What’s something your body does that you’ve never told a single person about?,Sometimes I’ll randomly get really shaky and dizzy but it usually goes away after a bit If I squeeze my butt cheeks together real hard I can crack my tail bone Derealization. I have many moments of feeling like I'm in a waking dream. It's hard to explain but my doctor told me that's what it's called,other,PT29S,74,0,0,0.6413201080079443
A53opaIG3a0,2026-03-02T01:02:30Z,140.1,1,"""The Worst She Can Say Is No""... Or Is It? #shorts #foryou","""The worst she can say is no"" - Guys, what's the worst ""she"" ever said?","""I was just pretending to like you because I lost a bet."" ""You're embarrassing yourself"" She laughed",relationships-dating,PT17S,94,0,0,0.878205364201655
dkcprpuQVwU,2026-03-02T12:32:20Z,139.6,12,Things I thought EVERYONE did. #shorts #foryou,What's a 'normal' thing you didn't realize was unusual until you were older?,I thought it was normal for the whole family to sit in the lounge room all day reading books. Christmas presents had your age and gender never your name Blowing into the tube on the black box so my grandpa could drive to the gas station,life-advice,PT25S,40,0,0,0.03835455144676159
ixoTePG8L7k,2026-03-03T01:04:39Z,139.1,1,Reborn as your Username: What's Your First Move? #shorts #foryou,"Hey reddit, you die and are reborn as your username. What's the first thing you do?",die i guess Try and take over the tri state area Figure out what my name is,other,PT18S,45,0,0,0.15392079599488806
n-0NrVBgWGA,2026-03-03T12:33:14Z,138.6,12,Did These Weddings Last? 💔 #shorts #foryou,"What wedding moment that screamed, “They are not going to last long”?","They had a “who knows their partner better?” game. When the groom mentioned something about the bride’s ‘stinky farts’ in his vows.  Bride was crying during vows but not from joy, just pure what am I doing energy.",relationships-dating,PT28S,72,0,0,0.6161952975117124
h_1EvAZD-8s,2026-03-04T01:01:20Z,138.1,1,One Mistake = Catastrophe. What jobs? #shorts #foryou,"What's a job where you have zero room for error, like one mistake and it’s a huge deal?","Air traffic controller. One wrong call and its catastrophic Anesthesiologist. Forensics,",other,PT23S,105,0,0,0.9896726487098326
Ycci77WFitE,2026-03-04T12:31:37Z,137.6,12,Restaurant Red Flags: What Not To Eat #shorts #foryou,What's a restaurant red flag that tells you the food isn't going to be good?,A massive menu implies that everything is frozen because they could never afford that many fresh ingredients A BBQ restaurant where you don’t smell smoke outside Asian restaurants with no Asian customers.,life-advice,PT23S,128,0,0,1.1865068565113956
2EqR9wS2Q8I,2026-03-05T01:04:18Z,137.1,1,Dating Rich: The Unfiltered Truth #shorts #foryou,"Poor people who have dated rich people, what did you learn?",That everyone has problems. And if you don’t have enough you make them up.  My BF chooses food based on what he feels like eating.   That I will put up with a lot for financial stability. ,relationships-dating,PT24S,99,0,0,0.9323690331390808
PQekC8_mq9U,2026-03-05T12:34:57Z,136.6,12,Your 'Healthy Habits' Are FAKE?! #shorts #foryou,"What's a ""healthy habit"" that's actually completely made up?",Doing a “cleanse” or getting “rid of toxins”.  Not all of the benefits of cold plunging are made up but some are and others can be quite exaggerated  The colonics people with the creative enemas. They just want to have their bottoms tickled but call it a cleanse.,other,PT24S,47,0,0,0.19886437757849817
D43fOoEvRiU,2026-03-07T18:20:23Z,134.4,18,Oops! I Found Out Their Secret #shorts #foryou,What’s the juiciest secret you accidentally found out?,"My friend is taking his kids to Disneyland. They don't know it yet. It's a surprise  HR assistant accidentally emailed me everyone’s salaries, from hourly to CEO. This Kinda counts!  Not me, but I know someone who found out their dad was not actually their birth father because they were gifted a 23 and Me. ",other,PT29S,42,0,0,0.09105467383401633
ytglD92ZCKY,2026-03-08T01:03:40Z,134.1,1,Why Forgive a Cheater? The Hard Truths. #shorts #foryou,"People who forgave their spouses for cheating, why?","I did once, because she said it was a mistake and she was *really sorry*. I was a sucker with no self-esteem  I was young, dumb, insecure and afraid of being alone. ",relationships-dating,PT23S,77,0,0,0.6868399200444371
5LLvE-nWsac,2026-03-08T12:26:54Z,133.6,12,Boys: The REAL Surprises #shorts #foryou,What’s something about boys that surprised you once you understood them better?,"how much a random compliment sticks with them. my friend told me a girl said he had nice eyes in 2019 and he still brings it up lol Many put on a tough persona, but when they feel comfortable, they can be more easygoing and silly.  A lot of them don't get many compliments and it really brightens their whole week when you are kind to them and give them a compliment.",relationships-dating,PT30S,183,1,0,1.545536671364851
DehiGK5t_uQ,2026-03-09T01:04:03Z,133.1,1,How they got SUPER RICH?! #shorts #foryou,How did that one person from your circle got super rich?,"Was among the first ten employees of Spotify He stopped eating avocado toast. He now owns companies in 44 countries. Invented e-tithing for megachurches, but ironically takes a massive cut...",money-work,PT24S,47,0,0,0.20232452616049867
pDMzcV3D7Hc,2026-03-09T12:45:57Z,132.6,12,"Who's your 'Pure Evil, Zero Proof' person? #shorts #foryou","Who's your ""I know he's pure evil but can't prove it"" person?",My coworker who is always extremely friendly but somehow every conversation leaves you feeling like you accidentally signed a contract Lawyer here. About 50% of lawyers I go up against.  Mr. Beast,dark-morbid,PT23S,72,0,0,0.6220692706306261
qBqjHbqsBEM,2026-03-10T00:59:16Z,132.1,0,High School's Hottest: Life Took WILD Turns #shorts #foryou,"What happened to the hottest chick at your high school, years later?","She died of a brain (?) aneurysm when we were 28ish. Real nice person, it was tragic. I married her! We were married for 39 years, then she died, and I have been lost for the last 10 years. Became a dancer (not the exotic kind), married an NBA player. ",nostalgia,PT28S,64,0,0,0.5065070939878082
b87wxLO0_f4,2026-03-10T12:34:31Z,131.6,12,What's Quietly Vanishing? #shorts #foryou,What is slowly disappearing but nobody talks about it?,"Butterflies! I remember when I was little there were tons of butterflies in the summer, now it feels like there are fewer and fewer :(  Privacy. I hate that I was born just in time to see every country in the world simultaneously become a surveillance state  Critical thinking ",other,PT27S,89,1,0,0.8324148340767441
BveJhXXeWew,2026-03-11T01:00:33Z,131.1,1,Caught Cheating: CRAZY Stories #shorts #foryou,What’s the 'craziest' way you caught an ex being unfaithful?,"I came home early unexpectedly. He was out but the bedroom was a mess and there were _stains_. One thing in seeing a lot of here is how many people are being outed by their tech Her “friend” that was driving us somewhere reached over to hold her hand, when I was in the back seat able to see. ",relationships-dating,PT31S,63,0,0,0.4920110218939149
-DQSkoMoQZw,2026-03-11T12:34:00Z,130.6,12,NDA Expired: Secrets They Can Finally Spill! #shorts #foryou,What secret can you reveal now that your nda has expired?,"some Lowes stores haven't cleaned their a/c units in 20 years and you breathe mold every time you shop there  There is a vast spy network that looks at everything we do. It’s run by mid size tech companies with 90s names. Nice try, FBI.",other,PT25S,63,0,0,0.49249880556376846
4143nMw1ySw,2026-03-12T00:56:59Z,130.1,0,What's Space's Scariest Message? #shorts #foryou,What would be the scariest message humanity could receive from space?,"TBH, all we need is a true, undeniable ""hello"" from space and it would be pants shittingly terrifying.  ""you have to be quiet or they'll hear you."" “People of Earth, I am Lrr, Ruler of Omicron Persei 8”",hypotheticals,PT23S,48,0,0,0.2259606463468713
u8j6UgwcAWE,2026-03-12T12:33:58Z,129.6,12,Secrets They Never Knew I Knew #shorts #foryou,"People who accidentally discovered a huge secret about someone, what happened?",[removed] A buddy of mine and his (now) wife had a kid in university before they were married that they put up for adoption. They do not know I know. Found out my (ex) husband was picking up trans women on dating sites whenever he’d travel for work. Explains why he wasn’t interested in me… ,other,PT30S,184,0,0,1.5549902133445208
NaHEZrAUApQ,2026-03-13T01:02:51Z,129.1,1,We ALL Have These 'Keep Quiet' Moments #shorts #foryou,What was your “I need to learn to keep my mouth shut” moment?,"Many years ago, I learned the hard way that any time I talk to a coworker I need to pretend I’m talking to the top brass. Oh my gosh- you’ve lost so much ch weight! “I have cancer”.  When I accidentally shared a very personal secret with the wrong people and saw the look on their faces, I realized that silence is golden.",other,PT28S,60,0,0,0.44604114095011127
xOKf3tbA7to,2026-03-13T12:33:53Z,128.6,12,Why your best friend became a stranger. #shorts #foryou,Why did you and your former best friend stop being friends?,"It was one-sided. I was tired of only giving. He stopped sharing his joys with me, and then I realized that we only communicate when he has problems Nothing dramatic. We just slowly stopped talking and one day realized we were strangers again.",relationships-dating,PT33S,90,1,0,0.846520415000052
OaGDrxJs5jE,2026-03-14T01:01:50Z,128.1,1,6 Years Ago: Our WILD Lockdown Memories #shorts #foryou,Covid shut down the world six years ago this week. What do you remember from that week?,"i still had to go to work and i had the interstate to myself Empty shelves of toilet paper and the feeling that this is all some kind of movie ""Aww, man. My cruise is going to be postponed for weeks! How inconvenient!""",nostalgia,PT30S,89,0,0,0.8360069483350201
sqh-tKCq2UA,2026-03-14T12:25:56Z,127.6,12,The Moment Trust Shattered #shorts #foryou,What’s the moment you realized someone you trusted was actually a terrible person?,By the way they abandoned me when I was sick and recovering from surgery… He was on the phone threatening to put a gun to somebody's head.  When he threw my past or conversation had in confidence of things that hurt me. He used that knowledge to hurt me.,other,PT25S,62,0,0,0.4798244937094136
eFJKq7ChQVE,2026-03-15T01:11:23Z,127.1,1,What Games Hooked Reddit? #shorts #foryou,What’s the most addictive game you’ve ever played?,World of warcraft. Never have i seen so many people throwing their entire life away for a game Civilization will make you stay up all night Runescape.,other,PT19S,61,0,0,0.46437738431893205
YKR_FyTNu3M,2026-03-15T12:27:36Z,126.6,12,Reddit's Unforgettable LEGENDS #shorts #foryou,What’s a legendary Reddit post you’ll never forget?,"EA’s laughable response to the loot box grind for battlefront 2. I think it’s still the most downvoted comment ever “Today you, tomorrow me.” Still one of the most wholesome Reddit posts ever. I also chose this guy's dead wife.",other,PT25S,50,0,0,0.2695592987810378
V40i1wyTyC8,2026-03-16T01:11:58Z,126.1,1,Eerie Intelligence: What Scared You? #shorts #foryou,What is the creepiest display of intelligence you’ve seen?,A kid memorizing entire conversations and repeating them word-for-word weeks later like a recording was oddly creepy. Too many people here are amazed animals and insects can see humans [removed],dark-morbid,PT22S,61,0,0,0.46542487598154114
b_6YnowMPpM,2026-03-16T12:44:40Z,125.6,12,Women's Take: The HARDEST Parts of Being a Man #shorts #foryou,"So, what would women dislike most if they became men?","You worry that every move you make will be seen as creepy, yet if you want anything to happen, you have to approach people. Probably general emotional stuff. Heard often enough male friends being downplayed when trying to vent about something.  Constantly being told to let your guard down and open up, only to have it immediately weaponized against you….every….single…time.  ",other,PT30S,81,1,0,0.745516384051927
UNuHYP9-wqo,2026-03-17T01:04:36Z,125.1,1,Things You Romanticize (But Shouldn't) #shorts #foryou,What's something people only romanticize because they've never actually done it?,"Running a small business. People picture freedom and passion, not the stress and constant worrying. Farm living. Like being at 04.00 am taking care of your animals because they are sick.  Living off-grid",life-advice,PT23S,74,0,0,0.6568285908754068
ep1qq76H6ks,2026-03-17T12:43:33Z,124.6,12,Workout Without Motivation? Their Secret. #shorts #foryou,"People who exercise even when they don’t feel like it, what’s your trick?","I don’t rely on motivation I rely on routine I just tell myself I only have to start, not finish. Once I start, I usually keep going. Low intensity. Make it easy. If every session is about exhausting yourself fully, it will be harder to fulfill. ",health-body,PT28S,72,0,0,0.6303152184474445
4nItZBXbg1E,2026-03-18T01:08:15Z,124.1,1,Things ONLY I Do... (Or Do You?) #shorts #foryou,What’s something you’re pretty sure only you do?,"When I’m nauseous or get grossed out by something I think of a stock picture of strawberries to feel better When watching a show, all I can think about are the actors telling someone they love that they got the part of this character. Talk to the commercials on  the radio and tell them they’re not the boss of me. ",other,PT25S,33,0,0,-0.13323245557390617
W0c6udxdcHY,2026-03-18T12:43:23Z,123.6,12,Dodged a Bullet... Or So I Thought. #shorts #foryou,"What was a time when you thought you had dodged a bullet, but it came back and hit you?","When I quit my terrible job and thought I was free, I realized the money ran out faster than the joy. Broke up with my ex and then got back together with him. That time my sister missed me with a BB and it ricocheted and hit me and stuck in my ankle.",other,PT27S,40,0,0,0.05449571585509583
-4NwUpvi8ng,2026-03-19T01:07:12Z,123.1,1,Your Insecurities: Secretly Attractive? #shorts #foryou,What's an insecurity someone might have that you find attractive?,"Shyness The tummy belly in women. You know the bump on lower abdomen. That's sexy. A pencil skirt plus ""that"" is deadly for me.  Big noses in women",relationships-dating,PT21S,103,0,0,0.9858695989495505
j-bjsPsftRo,2026-03-19T12:37:00Z,122.6,12,Jobs That Pay BIG You've Never Heard Of? #shorts #foryou,What job pays surprisingly well but nobody talks about?,"Elevator technician. Quiet job, very solid pay. I'm reading a lot of jobs that are pretty well known as having decent pay lol. Reddit Contributor",other,PT28S,47,0,0,0.21319653876976608
fhhV1egGhNI,2026-03-20T01:03:37Z,122.1,1,Everyone's Gone. Your FIRST Move? #shorts #foryou,You wake up to see everyone on earth has disappeared. What’s the first thing you do?,"Check Reddit find out exactly how many users are actually bots Make sure my spare glasses are safe! Go back to sleep again , maybe its a dream",other,PT21S,53,0,0,0.3315412525498509
AKLcTliJFL8,2026-03-20T12:33:26Z,121.6,12,Easy... Until You Try It. #shorts #foryou,What is something people assume is easy until they actually try it?,"Fall asleep early when you really need it swimming. everyone thinks they can swim until theyre actually in deep water and suddenly remember they have the cardio of a desk lamp. Tai chi.  Looks easy, calm, chill.",life-advice,PT28S,37,0,0,-0.019335562573020493
Zq2m1kRL6q0,2026-03-21T01:00:27Z,121.1,1,"The Truth Behind ""I'm Fine"" #shorts #foryou","What's a subtle sign someone is actually really struggling, even if they seem fine?","Anyone else reading this thread like it’s a guide on how to hide your depression? They often withdraw from plans they used to enjoy or give unusually short, flat replies even when they insist everything is ""fine"" yeah sometimes the people who check in on everyone else the most are the ones who need it themselves",health-body,PT29S,119,1,0,1.1311366198187986
-JFTX50ZtQk,2026-03-21T12:24:49Z,120.6,12,Reddit Ranks: The PERFECT Sci-Fi Movie! #shorts #foryou,What's the Best 10/10 Sci-fi movie ever?,"Alien  Matrix, perfect in every way possible. My favorite movie to this day. Terminator 2 : judgement day. Since 1991 its been T2. Thanks for asking. ",other,PT22S,212,0,0,1.7054582577495596
XdFwGAuSE7U,2026-03-24T05:02:03Z,117.9,5,20 vs 30: When 'Cool' Turns 'Cringe' #shorts #foryou,What’s cool if you’re 20 but weird if you’re 30?,Flexing about how little sleep you got last night Hanging out at college parties  Being chaotic with money,life-advice,PT19S,61,0,0,0.4742927237790395
hjkriefSr1w,2026-03-24T12:43:37Z,117.6,12,"Don't Judge These ""Pretentious"" Upgrades! #shorts #foryou","What did you think was pretentious, until you tried it and realized it was worth it?","Cleaning Lady. $150 every 2 weeks to do the stuff we hate. Yoga. Felt like a snoozefest, but then my back stopped screaming at me. Reading for fun. Thought it was overrated until I found the right book turns out it’s actually worth the hype",other,PT28S,56,0,0,0.39057036163015457
2BYS3ku1_Qs,2026-03-25T01:07:56Z,117.1,1,Beliefs I Was So Sure About... Then Learned The Truth #shorts #foryou,What’s a belief you once defended… but later realized was wrong?,"That ""you don't owe anyone anything they haven't earned"". I do owe people kindness and basic respect, at least once. I once believed that rational thought, logical reasoning and demonstrable evidence could change people's minds. That being ‘nice’ automatically makes people respect you.",life-advice,PT34S,4,0,0,-2.0424591682264257
vHhsy6xkkSY,2026-03-25T12:39:16Z,116.6,12,One Episode. That's All It Took. What Show? #shorts #foryou,What TV show hooked you instantly from episode 1?,Chernobyl  The Pitt true detective season 1,other,PT14S,0,0,0,-3.6513525007271483
LmctWQZyEvA,2026-03-26T01:11:07Z,116.1,1,A World Without Lies: What's Left? #shorts #foryou,"If all humans suddenly lost their ability to lie, which industry WOULDN'T collapse?",Comedy would survive somehow because awkward truths are still funny Engineering. Lies only get in the way Agriculture. People need to eat regardless.,other,PT22S,1,0,0,-2.9576105187323467
2Dd0b5yRvwo,2026-03-26T12:46:11Z,115.6,12,Nepo Babies: Are They ACTUALLY Good? #shorts #foryou,Who's a nepo baby you think deserves their success because they're legit talented?,Any Skarsgård.  Haven’t seen anyone mention Dan Levy yet. Sarah’s pretty great as well. Carrie Fisher,fame-celebrity,PT19S,35,0,0,-0.06668649696908435
r8F0QXGNJbM,2026-03-27T01:10:49Z,115.1,1,Your 'Dream Job' Is Probably Oversaturated #shorts #foryou,What job looks like a great career path but is actually insanely oversaturated?,"I heard only fans isn’t as easy as it seems and only the top creators turn a real profit  [removed] IT, programming, anything in the gaming industry",money-work,PT21S,32,0,0,-0.1531036626134279
C_L3cdiUtoc,2026-03-27T12:38:06Z,114.6,12,Billionaire Tomorrow: Your Surprising First Move #shorts #foryou,If you woke up a billionaire tomorrow.. What's the 1st thing you'd do?,"Check the value of the currency I have billions in If I woke up a billionaire tomorrow… I would probably apologise to that person for waking them up I'd refer back to that excellent post about winning large sums of money,  and keep it to myself until I had all of the preparation set up to use it. ",hypotheticals,PT28S,29,0,0,-0.247863021641463
JdpsABS7pKw,2026-03-28T01:06:42Z,114.1,1,Harmless Habits Secretly Destroying Your Future #shorts #foryou,What’s something most people think is harmless but actually slowly ruins their life?,Excessive social media. Lack of exercise.  Shift work. Especially working nights. ,other,PT29S,38,0,0,0.01510382177330305
5wUh_6vu2Go,2026-03-28T12:29:44Z,113.6,12,What Hobbies Did The Rich Ruin? #shorts #foryou,What thing was ruined because it turned into a rich person's hobby?,"Thrifting  Pokémon and other card collecting.  I'm convinced that the real rich people hobby is finding out what the average person enjoys doing, and then pricing them out of that thing. ",money-work,PT21S,7,0,0,-1.5684640805869727
WO8uAQLhGIE,2026-03-29T01:13:54Z,113.1,1,When Perfect Timing Saved Everything #shorts #foryou,"What was your ""caught the last chopper out of 'Nam"" experience?","Took an 8:00 am flight out of NYC on 9/10/01, having decided to move my flight up by a day Graduated before COVID Refinanced my mortgage in 2019.",other,PT22S,63,0,0,0.5115979950134673
z9rFY8GLOOY,2026-03-29T12:29:50Z,112.6,12,Software SO Good It's FREE?! #shorts #foryou,What free software is so good you can't believe it's free?,"VLC Blender, the fact that it's free is honestly insane for what it can do UBlock Origin. the amount of headache it saves me is crazy and it costs nothing.",other,PT20S,67,0,0,0.5727739337313902
fYBNO_nCOD4,2026-03-30T01:15:12Z,112.1,1,Comedians: From Hype to HELL NO. #shorts #foryou,"Which comedian did you look forward to, but their act died on stage?","I went to a Norm McDonald show last week.  Completely dead, not even a little funny. Tommy Cooper. Bert Kreischer basically just took his shirt off, talked about his family and drank until he turns purple… I’m not sure what I was expecting ",other,PT25S,67,0,0,0.5734009769587027
b7ksr31Qkf0,2026-03-30T12:49:48Z,111.6,12,Admiration Gone: Who Fell From Grace? #shorts #foryou,Who is a person you used to admire a lot but have completely lost respect for and why?,"Bill Cosby was once a very wholesome character, until the truth came out.  It's my comfort show so it's sad to say, but most of the main cast from That '70s Show.  Will Smith comes to mind. Used to love his movies and of course, Fresh Prince. But now I just seem him as a broken, sad human being. ",life-advice,PT29S,0,0,0,-3.645535082864674
n0FOvZvGh5Y,2026-03-31T01:12:37Z,111.1,1,You're SERIOUSLY Underestimating These. #shorts #foryou,What’s something people don’t realize is way more serious than it seems?,"Sleep deprivation. People treat it like a badge of honor, but it wrecks your brain and body faster than you’d ever expect. Dental care Pollution... it's killing us ",life-advice,PT25S,34,0,0,-0.08957295386600572
zrZ-lr-lvgU,2026-04-01T02:38:18Z,110.0,2,The REALITY of Being Attractive (Reddit) #shorts #foryou,What’s it like to be attractive?,ask yourself my guy you notice how differently people treat you… and how quickly it disappears the moment you stop playing along [removed],relationships-dating,PT18S,63,0,0,0.5152323050987104
gpaghTLJEzQ,2026-04-01T12:50:55Z,109.6,12,History's BIGGEST Betrayals? #shorts #foryou,"In all of human history, what's the biggest example of betrayal ?","Ephialtes. Et tu, Brute? Alan Turing. Genius who helped crack The Enigma Code. Treated poorly for the rest of his life. ",dark-morbid,PT26S,63,0,1,0.5157457962804806
UA2UmThZEKE,2026-04-02T01:09:22Z,109.1,1,200 Years From Now: Who Will History Remember? #shorts #foryou,Which person alive right now will still be famous in 200 years?,"Easily Trump, that dude is going to be a case study for politics for another 500 years There’s a non 0 chance that Kermit will transcend all space and time Kenan Thompson will still be on SNL, so I guess him",fame-celebrity,PT25S,105,0,0,1.0209234268900076
f0gyZCEFFhQ,2026-04-02T12:45:50Z,108.6,12,What Disturbing Celeb Facts Are Hiding? #shorts #foryou,What’s a disturbing celebrity fact that not a lot of people know?,"Terry Crews and Drew Carey were both sexually abused. Karl Malone impregnated a 13yr old girl while he attended Louisiana Tech University.  Joel Madden was a 25 year old, “dating” a 16 year old Hillary Duff. ",other,PT25S,35,0,0,-0.05840776640757017
6aUEBmQLjO0,2026-04-03T01:13:04Z,108.1,1,Why the World Dislikes Billionaires #shorts #foryou,Do you automatically dislike billionaires? Why?,The only good billionaire is someone who redistributes their wealth to the point they never become one. Dolly Parton is a good example  You generally dont earn your way to a billion Because I automatically dislike people that take 99% of the pizza at the pizza party for themselves. ,money-work,PT29S,64,0,0,0.5330953817896056
qWE6WMKLZQ4,2026-04-03T12:37:56Z,107.6,12,Reddit's Wildest Accidental Secrets #shorts #foryou,What secret did you find out by complete accident?,"I found out that my father had an affair with my ex, didn’t see that coming tbh  My dad put him self through University debt free, betting on horse races.  Found out when he introduced me to a old school, chum.   Not a secret, but my best friend of almost 20 years turned out to be my cousin. ",other,PT27S,77,0,0,0.7160014539753448
-Fme6XarNok,2026-04-04T01:05:49Z,107.1,1,The 'Harmless' Habits Wrecking Your Life #shorts #foryou,What’s a ‘harmless’ habit that actually ruins your life over time?,"procrastinating small tasks until they pile up into a mess Skipping brushing your teeth.   skipping rest but thinking u’re just being “productive”, health will be the ultimate truth teller",other,PT22S,63,0,0,0.51881696742729
tDEdhE0wjIs,2026-04-04T12:30:34Z,106.6,12,Reddit: Why Customers QUIT These Companies! #shorts #foryou,What company lost you forever as a customer? What did they do?,"Any company that lets you sign up online but only cancel via a phone call. So far that includes FastHosts and The Guardian. Subway. Just became too obscenely expensive.   HP printer ink. ""Low on colors"" is basically a way to make consumers buy a new cartridge because apparently the cartridges have an ""expiry date""",money-work,PT30S,126,0,0,1.2047108282085368
syLtpZe97p0,2026-04-05T12:32:18Z,105.6,12,Deepest Secrets Partners Keep #shorts #foryou,"What’s something you’ll never tell your partner, no matter how much you love them?","That in the morning when she comes in for a cuddle her breath is revolting.  the cat we adopted wasn't actually a stray, she was rehomed and I found her on Facebook. i just wanted another cat About a crime I committed many years ago, and will remain a secret till I'm on my deathbed.  No,it wasn't violent nor against another person.",relationships-dating,PT30S,74,1,0,0.6792624431564547
XA5MI3B6y3s,2026-04-06T01:14:24Z,105.1,1,Trump's 'Praise be to Allah': What's the Catch? #shorts #foryou,What is your take on Trump ending his recent post with 'Praise be to Allah'?,"He'll do literally anything for attention I took it as blatant mockery  As many people are pointing out, imagine the outrage on the right if Obama did that.",other,PT20S,155,0,0,1.4122961958054745
O7hMpgD9I_w,2026-04-06T12:43:44Z,104.6,12,Which Celeb Rumor Is Actually REAL? #shorts #foryou,Which celebrity rumor do you secretly believe is true?,The Bruno mars gambling debt has always seemed real to me  Diddy killed Biggy Christopher Walken knows what happened to Natalie Wood,other,PT18S,49,1,0,0.275068370480652
Dm-N0t4-3L4,2026-04-07T01:12:45Z,104.1,1,Women's Secret Pickup Lines? #shorts #foryou,"Women, if you had to use a pickup line on a guy, what would it be?","Do you like raisins? ... What about a date?  Under my clothes, I am not wearing clothes ‘Are you always this attractive or am I just ovulating?’ ",relationships-dating,PT20S,37,0,0,0.0012922458962254524
x48Y5AiqNL4,2026-04-07T12:55:32Z,103.6,12,The Norms We Broke #shorts #foryou,What societal norm did you decide to just stop abiding by?,3 meals a day at standard times. Now I just eat when I'm actually hungry without calling it a specific name and have lost a lot of weight bc of it. Well there are lots of online tutorials about folding fitted sheets. I don’t do that. I do not care if my fitted sheet is wrinkled.  Not being silly. I held it in for so long and I just think life is too short to not say the joke or whatever. ,other,PT35S,66,0,0,0.5690216528927152
KHax2aPAOLM,2026-04-08T01:14:48Z,103.1,1,Trump Nuke: What ACTUALLY Happens? #shorts #foryou,Realistically what would happen if Trump dropped a nuclear bomb tonight?,"His kids will have shorted the market massively 10 minutes prior to the order being given. My work would almost certainly expect me to clock in tomorrow all the same.  The /r/askreddit question tomorrow will be - ""The US just dropped a nuke, what are your thoughts?""",politics-news,PT26S,63,1,0,0.5238705783393733
SIA9YHj7IzE,2026-04-11T17:59:14Z,99.4,17,Is THIS the Greatest Anime of All Time? #shorts #foryou,What’s the best anime you ever watched and why?,Cowboy Bebop.  Fullmetal Alchemist: Brotherhood.  Akira because I'm old af,other,PT27S,94,0,0,0.9237059997110633
BYzdCmSths0,2026-04-12T01:19:31Z,99.1,1,These Apps Are Hidden Cheat Codes! #shorts #foryou,"What is a website or app that feels like a ""cheat code"" but most people don't know about?",Used to be stumblupon tbhhhh Ublock Origin + Sponsorblock works on Firefox mobile. Or use Brave. Anything but Google Chrome. Using dns.adguard.com as DNS on mobile.,other,PT28S,51,0,0,0.32148121598194246
9wid0pEfNso,2026-04-12T12:37:53Z,98.6,12,Early Suicide Signs: The Surprising Truth #shorts #foryou,What are some early signs that a person might commit sucide (serious)?,"They start deep cleaning their home and giving away possessions . They seem much happier and active after a period of depression. Selling or giving away all of their assets and possessions Honestly, I could not tell you, else my dad would still be here.",dark-morbid,PT25S,6,0,0,-1.683220654229199
12F1wsmOYOY,2026-04-13T01:20:52Z,98.1,1,What's Your WORST Live Concert Story? #shorts #foryou,What is the worst band you saw live?,My brother told me the best concert he ever saw and the worst were both Bob Dylan. Bob Dylan. I fell asleep. I'm not sure but I think he briefly did too.  30 seconds to mars. Jared Leto restarted a song 3 times because the crowd wasnt engaging in it enough ,other,PT27S,57,0,0,0.43202631834802574
-AS2aH34UOg,2026-04-14T01:19:35Z,97.1,1,First Date Icks That Scream 'RUN!' #shorts #foryou,What is the biggest ick you had on your first date with someone?,"When i was a teen i went out with a guy and he called the waitress over by snapping his fingers and yelling hey bambi. Date over He checked my knuckles for hair and said I don’t like hairy girls, he also couldn’t spell quiet.  The guy said that he was going to “dress up” for me and showed up in a camo long sleeve.",other,PT26S,0,0,0,-3.6270595727845443
fJpzcD4bFNA,2026-04-14T12:57:49Z,96.6,12,Wedding Cringe: What Were They THINKING?! #shorts #foryou,What’s the most cringe thing you’ve seen a couple do at their wedding?,"Stopping the ceremony multiple times to “get the perfect shot” for social media Open all their wedding presents at the reception in front of all the guests, and identifying who brought which gift when they thanked them. Get into a fight between the wedding and reception and throw their rings at each other ",relationships-dating,PT26S,46,0,0,0.22375170416325396
hKwwTsuCZJk,2026-04-15T01:16:59Z,96.1,1,What band will you NEVER like? #shorts #foryou,What is a band no one will ever convince you is good?,Morgan Wallen. Sounds like an accounting firm.  Kid Rock  Jelly Roll,other,PT22S,68,0,0,0.6084168298694879
XVvAky0zLB8,2026-04-15T12:57:13Z,95.6,12,"What is a job that you think is 100% safe from AI for the next 50 years, and why? #shorts #foryou","What is a job that you think is 100% safe from AI for the next 50 years, and why?","Nice try, AI. Plumber. In fact, most trades. We have a lot of old houses and buildings and we'll need to service those for at least the next 100 years. Lawyers and politicians will ensure their jobs are safe.",other,PT28S,39,0,0,0.06386229299601753
om2Y9-WmjuE,2026-04-16T01:22:06Z,95.1,1,Which premium subscription is actually worth the money in 2026? #shorts #foryou,Which premium subscription is actually worth the money in 2026?,[Dropout.TV](http://Dropout.TV) if you like improv comedy.  None . I pirate everything. I would download a car  apparently none judging by the 4 different price increases I've gotten emails about in the last 5 days ,other,PT27S,4,0,0,-2.014860086963421
6fQe1YosVJw,2026-04-16T13:03:38Z,94.6,13,What is something that sounds 100% false but is actually 100% true? #shorts #foryou,What is something that sounds 100% false but is actually 100% true?,"The only member of ZZ Top that didn’t have a beard was their drummer. His name? Frank Beard. Ancient Egypt had egyptologists who studied what was to them, ancient Egypt.  The difference between a million and a billion.",other,PT30S,1,0,0,-2.9304699233120752
HCHvfX-xRlc,2026-04-17T01:18:54Z,94.1,1,Tech We All Hyped Up... Then Forgot. #shorts #foryou,What's a piece of tech everyone hyped up that quietly turned out to be useless?,Those Amazon reorder buttons you can place around your house  Segway  Google+,other,PT17S,31,0,0,-0.15716379023402727
T0DREMCs_tM,2026-04-17T12:54:43Z,93.6,12,How would you feel if the top tax rate was 90% like it was in the 1950s? #shorts #foryou,How would you feel if the top tax rate was 90% like it was in the 1950s?,"Majority of billionaires make their money from capital gains, which in the 50s was at a 25% tax.  Today it's 20%. I would just love if people understood marginal tax rates at all but any improvement to the status quo would be welcome.  Great, but in today's world, the bigger issue is capital gains and, increasingly, endlessly borrowing against assets",other,PT35S,20,0,0,-0.577694741373119
S8WCu3_OkLQ,2026-04-18T01:13:14Z,93.1,1,"Cool at 18, CRINGE at 30? #shorts #foryou",What is something attractive at 18 but embarrassing at 30?,"I once ate 18 shrimp.  boasting about how much you can drink, or how hard you can 'party'. Another 18yr old?",nostalgia,PT27S,77,1,0,0.7352199106882833
GI6Aqq2E6vE,2026-04-18T12:35:57Z,92.6,12,Epstein Files: The Plan To Save The Truth? #shorts #foryou,How can we stop the Epstein files from being swept under the rug like they’re being?,Keep talking about it. Don't stop till we see justice. Don't vote for MAGA We all know the answer. Everyone is waiting for the right moment. The release will be inevitable.,politics-news,PT23S,94,1,0,0.9330647915995498
zqaDMDkpZDo,2026-04-20T00:32:54Z,91.1,0,The REAL 100% Life Upgrade (It's Cheap) #shorts #foryou,What is something relatively cheap that improves your life by 100%?,Going for walks or runs. Being active doesn't cost much other than your time and the benefits are huge. Library card Consistently getting a good night's sleep. ,life-advice,PT22S,50,0,0,0.31317483610054575
DNgq_qW1fA0,2026-04-20T01:21:35Z,91.1,1,Drivers Confess: Why 100 MPH? #shorts #foryou,Who’s ever driven over 100mph? Why?,"Because I could. Autobahn in a rental car I don’t think I know anybody who hasn’t hit 100 at least once. Generally because the road was open, the car could do it and we were young. ",other,PT22S,62,0,0,0.5245331203962493
ZIqroAx4CZE,2026-04-20T13:02:58Z,90.6,13,Which lyric makes you instantly tear up? #shorts #foryou,Which lyric makes you instantly tear up?,"“Well I’ve been afraid of changin’ ‘cause I’ve built my life around you.” ""I know someday you'll have a beautiful life. I know you'll be a star; in somebody else's sky. Oh why, can't it be mine."" She got a big booty so I call her big booty ",other,PT26S,35,0,0,-0.03437194185401138
zBcr6A0X_mk,2026-04-21T01:19:14Z,90.1,1,What’s one thing you absolutely need to experience before you die? #shorts #foryou,What’s one thing you absolutely need to experience before you die?,"I'd like to see the Northern Lights again. I also wanna visit a Dark Skies park to see the Milky Way. And I want to see the Grand Canyon.  One completely peaceful day where my brain shuts up, no anxiety, no guilt, just existing. Love",other,PT26S,70,0,0,0.6455391934776049
3QLoo5Qs8VE,2026-04-21T12:57:21Z,89.6,12,Guys Reveal: What DOESN'T Impress Us #shorts #foryou,What's something women think impresses men but actually doesn't?,"Acting ""hard to get"" only makes you ""hard to want"". Most guys read it as disinterest and move on instead of chasing. Telling us about how many other dudes are interested in you or what they did for you. Stop using filters. If we meet the truth works against you.",relationships-dating,PT25S,50,0,0,0.31540021760700565
bSqSTFuAvf8,2026-04-22T01:17:16Z,89.1,1,What Would You Tell Your 18-Year-Old Self? #shorts #foryou,"If you could restart life at 18, what would you do differently?","not buy so many things  Stay sober, invest the savings.  I’d start building skills earlier instead of chasing random interests without consistency.",other,PT20S,106,0,0,1.0571657522262785
YDbmBfmYgN0,2026-04-22T12:57:53Z,88.6,12,What do you think is the biggest truth the world is refusing to face right now? #shorts #foryou,What do you think is the biggest truth the world is refusing to face right now?,Many of us are addicted to technology and the internet and it is negaatively impacting our attention spans and our ability to discern true from false. The rich and powerful are actively protecting pedophiles. Rich people never going to face any punishments for their crimes  ,politics-news,PT27S,102,0,0,1.0197918124277434
JksOCivT2Bc,2026-04-23T01:23:23Z,88.1,1,The Unspoken Truths of Adult Life #shorts #foryou,What's the most unwritten rule of adult life that nobody warns you about?,"you must either do things proactively and be miserable, or put them off and be even more miserable.  That is the choice. Nobody warns you that half of adulting is just quietly mourning the version of life you thought you'd have by now Days are long and the years are short.",life-advice,PT27S,36,0,0,-0.0032424622274453974
pdpS-_jLTVE,2026-04-23T12:57:27Z,87.6,12,What's an addiction worse than alcohol and drugs? #shorts #foryou,What's an addiction worse than alcohol and drugs?,"Gambling  Food  With drugs there's only so much you can use before you overdose, but with gambling there's no limit to what you can lose",other,PT25S,38,0,0,0.050128594828011686
i0iIsb9n9VM,2026-04-24T01:22:16Z,87.1,1,Are You Unattractive? The Signs Are Clear. #shorts #foryou,what are the signs that you're not attractive?,"People stop talking to you when they found out what you look like You’ve never been hit on, never told you were someone’s crush, or never been asked out.  When I was born, the doctor slapped my mother instead of me",health-body,PT21S,28,0,0,-0.24535225058268795
gZSr5qx8oeg,2026-04-24T12:55:48Z,86.6,12,Celeb Skeletons: Who's Hiding What? #shorts #foryou,What celebrity do you think has skeletons in their closet that have yet to come out?,Simon Cowell. Whoever runs KidsBop. I can’t shake the feeling something ain’t right.  The singer from Maroon 5. There is no way that guy doesn't have allegations just waiting to erupt. ,other,PT23S,28,0,0,-0.24461712426120563
Tu6dvaFUK70,2026-04-25T01:16:39Z,86.1,1,Hidden Android Features You Didn't Know! #shorts #foryou,What's an Android feature most people dont know?,Being able to install APKs to make some bad apps better by installing older versions of them .  If you hold down the home button you can select and copy any text even if it's not copyable You can hotspot WiFi with Android. iPhone can hotspot but uses mobile data.,other,PT30S,39,0,0,0.07775631098030589
oYJhnmW0AaI,2026-04-25T12:37:39Z,85.6,12,Things Men HATE (That Nobody Talks About) #shorts #foryou,Men of Reddit - What's the one thing you hate about being a Man?,"When it touches the bowl. Like great, now I have super aids.  Male pattern baldness The fact that expressing any interest in wanting to work with/be around children is so often assumed to be for creepy reasons.",other,PT24S,29,0,0,-0.20919558057551368
IJMaVrHNfyc,2026-04-26T01:24:19Z,85.1,1,What Boycotts ACTUALLY Worked? #shorts #foryou,What business was successfully boycotted?,"According to my dad. His boycott of Quiznos has led to their demise  US alcohol in Canada. I gotta say Spotify, they stopped running those ice recruitment ads after their stock dipped.",money-work,PT22S,48,0,0,0.28225421268445183
mSifBN2lxHw,2026-04-26T12:38:05Z,84.6,12,The ONLY Celeb The Internet Can Agree On? #shorts #foryou,Which celebrity does the ENTIRE internet agree is genuinely a good person?,Mr Rogers  Dolly Parton Keanu Reeves and Dolly Parton ,other,PT17S,45,0,0,0.21980627545779763
ql5yIIiP79M,2026-04-28T04:50:56Z,82.9,4,The *ONE* Game 1985-2010 Gamers Never Forgot? #shorts #foryou,"anyone who used a computer between 1985 & 2010, what’s the one game you still think about?",Simcity 2000.  Age of empires 2 Space cadet pinball. That music goes way too hard,other,PT23S,47,0,0,0.2650171458177426
4EaCBpZRPMo,2026-04-28T13:27:12Z,82.6,13,Everyone thinks THEY'RE hot? We don't. #shorts #foryou,Who’s a celebrity everyone finds attractive but you don’t?,"Timothée Chalamet Kim Kardashian. Baffling to me. When i was in undergrad, everyone was OBSESSED with drake. He has always been so funny looking to me.",other,PT21S,23,0,0,-0.42755580345659894
eM7d4r-pfW8,2026-04-29T01:49:26Z,82.1,1,Protect Schools with Ballrooms?! #shorts #foryou,Should all schools require ballrooms to protect against school shootings? Why or why not?,Your kids school doesn't already have a ballroom? I didn't think reddit was so... Poor  My whole life I’ve wondered why they taught us square dancing. It all makes sense now. It was to ward off the shootings.  The obvious answer is to arm every kid.    No one is going to use their gun if they know everyone has one.,other,PT33S,78,0,0,0.7646681715094563
t5Qmur-4n3M,2026-04-29T13:19:22Z,81.6,13,What's the fastest way you realized you were in the wrong friend group? #shorts #foryou,What's the fastest way you realized you were in the wrong friend group?,"They started having a conversation in front of me about how excited they all were for the upcoming beach trip. I hadn’t been invited.  The moment you realize you're only included when it's convenient for them, not when it actually matters They wanted to do a “prank” where they threw rocks over the highway overpass",relationships-dating,PT27S,35,0,0,-0.020484581915103384
7LuNcXo11nU,2026-04-30T01:34:45Z,81.1,1,Secret Subreddits You NEED To Discover! #shorts #foryou,What are some hidden gem subreddits that are criminally underrated?,"Nice try, Buzzfeed. Write your own 'Top 10' article. r   AskHistorians is insane if you actually read the long answers. people write essays for free like its nothing r/zillowgonewild is incredible. I had no idea there were that many people with indoor balconies, carpeted bathrooms and villain lairs for sale.",other,PT31S,40,0,0,0.1104008722907368
TtKVgo-PB9Q,2026-04-30T13:18:02Z,80.6,13,What’s something your partner did that made you lose feelings instantly? #shorts #foryou,What’s something your partner did that made you lose feelings instantly?,"when they made me feel small for something i actually cared about, like turning it into a joke. flipped a switch real quick Cheat and then ask for a one sided open relationship. You're suddenly hideous to me. Thank you next.  When apologies came with repeat offenses",relationships-dating,PT27S,59,0,0,0.4919742818020021
E0MprQIfkkA,2026-05-01T01:49:52Z,80.1,1,What's a Joke That *Always* Gets A Laugh? #shorts #foryou,What’s a short joke that gets a laugh everytime?,"The other day I spotted an albino Dalmatian. It was the least I could do.  My wife told me to stop impersonating a flamingo. I had to put my foot down. My grandpa always said when one door closes, another one opens. Smart man but a horrible cabinet maker.",humor-absurd,PT26S,178,0,0,1.585877115762226
bR-d2N5QaNs,2026-05-01T12:51:37Z,79.6,12,Reddit Posts That Live Rent-Free #shorts #foryou,Which legendary reddit post/comment can you not get over still?,"""I also choose this guys dead wife."" They cylinder must not be harmed. They guy that has accidentally set his computer to Spanish, and everyone replies with answers in Spanish. ",other,PT22S,65,0,0,0.5889090704449411
bAXO4HlnAA4,2026-05-02T01:26:27Z,79.1,1,What Skills Is Gen Z NOT Learning? #shorts #foryou,What is a dying niche skill that younger generations are not interested in learning?,Changing a tire....someone please teach me. Reading and comprehension  Food preservation,other,PT18S,31,0,0,-0.13413402534670604
Q0DFFs6cgTA,2026-05-02T12:43:32Z,78.6,12,These Songs Make Reddit CRY #shorts #foryou,"What song is so beautiful, it literally brings tears to your eyes?","Rainbow Connection, but only as sung by Jim Henson/Kermit. Somewhere over the rainbow by israel Kamakawiwoʻole is a good one.  Can’t believe no one has said Landslide by Fleetwood Mac. It was the first song I added to a playlist called “instant tears” ",other,PT26S,32,0,0,-0.10257187373675247
vzE-eDX_rBc,2026-05-03T01:30:33Z,78.1,1,Things I Know Are True (But Can't Prove) #shorts #foryou,What’s something you have zero proof of but believe 100 percent?,"There is life elsewhere in the universe.  I recognize that it's not necessarily true, but... The current administration is insider trading ahead of executive actions. George H.W. Bush had full knowledge of Iran-Contra.",other,PT25S,36,0,0,0.012739700164275725
O-6GZJkof9Q,2026-05-03T12:42:39Z,77.6,12,These Comebacks Are Pure Mic Drop Genius #shorts #foryou,What is the wittiest comeback you’ve ever said or heard?,"""Hey Vasquez, have you ever been mistaken for a man?"" When Lady Astor told Churchill, ""If you were my husband, I'd poison your tea,"" he famously retorted, ""Madam, if I were your husband, I'd drink it"". It’ll come to me later when I’m in the shower. ",humor-absurd,PT25S,45,0,0,0.23125795145316985
Mf8NfWdVVds,2026-05-04T01:29:13Z,77.1,1,Could ANYONE cause MJ-level grief today? #shorts #foryou,What celebrity death will realistically bring Michael Jackson level devastation?,"No one at this point.  No one worldwide.  The opposite, but Donald J. Trump.",other,PT19S,354,0,0,2.2756466761132854
atW-HBIAlxQ,2026-05-04T13:19:03Z,76.6,13,You Do This: Soon It'll Be Illegal. #shorts #foryou,What perfectly legal thing will probably be illegal within 20 years?,I regret to say this but if we don't fight is going to be VPNs  being anonymous online Ghost job postings ,other,PT18S,24,0,0,-0.3767448411995242
oMlnEP5n5xw,2026-05-05T01:30:04Z,76.1,1,Everyday Recession Signs: Are YOU Seeing Them? #shorts #foryou,What’s a recession indicator that you’ve noticed lately in your everyday life?,"When you’re driving home, feeling like you’re really bad with money lately, but in reality, you just bought groceries for the week, again.  Most of the posts on my local subreddit are people looking for work or talking about how hard it is to find a job Canceling streaming services and going back sailing the seven seas.",money-work,PT28S,20,0,0,-0.5502166601461465
cLCvISVXvCA,2026-05-06T02:37:34Z,75.0,2,Actors: Overrated or Just Typecast? #shorts #foryou,What actor is nowhere near as talented as people make them out to be?,Paul Rudd is just Paul Rudd which is fine because at the end of the day I like Paul Rudd. I think people are mistaking bad actor for a typecast.  Ryan Reynolds,other,PT25S,0,0,0,-3.592902403922897
WoXydzDKD1s,2026-05-06T13:26:40Z,74.6,13,Pure Secondhand PAIN #shorts #foryou,What is the worst case of second hand embarrassment you’ve ever experienced?,Lady on the train told off a young girl for talking too loudly. The mom explained that she's mostly deaf and can't hear herself well [removed] Watching that video of the celebrities during Covid sing “Imagine.” ,humor-absurd,PT23S,39,0,0,0.096775801768342
Yi9VlhJH_CY,2026-05-07T01:33:00Z,74.1,1,Weddings Gone WILD: Reddit Stories #shorts #foryou,What’s was the wildest thing you witnessed at a wedding?,"DJ and father of the bride got into a fist fight when father found DJ hooking up with brides 17 year old sister. Woof. A kid was running around and crashed into the camera, breaking the lens. The camera guy was in tears  [removed]",relationships-dating,PT26S,25,0,0,-0.3331075787625326
vLqETKLW6OM,2026-05-07T13:26:03Z,73.6,13,Science Facts So Fake They're Real & Terrifying #shorts #foryou,What scientific discovery sounds fake but is 100% real and still freaks you out?,"Grizzly bears run as fast as the average horse Prions Somewhere deep in the ocean, there are sharks that were alive in the year 1550....",other,PT23S,39,0,0,0.0985644007612021
ineAlKZZgT8,2026-05-08T01:49:27Z,73.1,1,When Did You Know They Weren't Bright? #shorts #foryou,What’s a moment where you realized someone was genuinely unintelligent?,"when someone thought the moon was just a light in the sky, like a lamp, that was a solid moment of realization for me A college educated couple, one with a Master’s degree, watched Mermaid:The Body Found and thought it was real.  When they wore a MAGA hat?",other,PT25S,9,0,0,-1.2867966610664876
cb00sZJAhfY,2026-05-08T13:05:32Z,72.6,13,How Many? The Unfiltered Truth #shorts #foryou,"How many people have you slept with, and how do you feel about it?","Yeah right nice try babe. You were my first  Roughly half as many as I could have. Definitely twice as many as I should have.  6, and I feel fine..",other,PT21S,0,0,0,-3.5885272229515763
cWvDojw7QAw,2026-05-09T01:32:30Z,72.1,1,Body Does WHAT?! You Just Accept It? #shorts #foryou,Whats a weird thing your body does that you just accept?,Occasionally I just squirt saliva like a snake for no reason.  When I'm stretching in bed and my legs start shaking like an uncontrollable exorcism.  That random full body shiver for no reason,health-body,PT21S,6,0,0,-1.6416664994897554
rkZQY4ctBzs,2026-05-09T12:48:40Z,71.6,12,The Games That BROKE Gamers #shorts #foryou,What is the most rage-inducing video game you’ve played?,League of legends and its not close Rocket League Battletoads for that one hoverbike part that 12-year-old me nearly broke the Sega controller trying to beat. ,other,PT20S,35,0,0,-0.0031913156170149115
hG-FHHrwj8k,2026-05-10T01:45:58Z,71.1,1,Is Someone You Know Secretly Unhappy? #shorts #foryou,"What’s the biggest sign someone is secretly unhappy, in your opinion?",When someone’s entire personality becomes escapism and distraction  i think it’s a lack of enthusiasm in things they used to love. kinda heartbreaking to see. They just stop communicating. ,life-advice,PT23S,48,0,0,0.3061130721857164
kkq2lla3Ijk,2026-05-10T12:48:46Z,70.6,12,What KILLS a First Impression? #shorts #foryou,"What is an immediate ""no"" for you when meeting someone?","Only talks about themself, no curiosity or listening  Constant phone checking while we’re talking. Bad manners",other,PT17S,80,0,0,0.8096032431376345
U2N9JcGK0tw,2026-05-11T01:51:46Z,70.1,1,What Slang STILL Confuses You? #shorts #foryou,What's a slang term that everyone uses but you still don't get?,Streets ahead  And Bob’s your uncle.  No cap.,other,PT14S,13,0,0,-0.9447638016296747
n8PhjWs1VC4,2026-05-11T14:19:53Z,69.5,14,Coworkers' Savage Legal Power Plays #shorts #foryou,What’s the most savage legal thing you’ve seen a coworker do?,"[removed] A coworker scheduled his resignation email for 7:59 AM before the Monday staffing meeting, didnt say a word, and 12 managers suddenly had no opener Switch two letters on the admin's keyboard every Friday while she took an 'extended' lunch.",other,PT26S,38,0,0,0.08072709819309853
CujpPVcgKf8,2026-05-12T01:47:48Z,69.1,1,Learn THIS in 10 Mins For Life #shorts #foryou,What can a person learn in 10 minutes that will be useful for life?,A short walk outside can genuinely change your mental state. That not every thought deserves a reaction. That drinking water actually fixes like 30% of headaches.,life-advice,PT21S,42,0,0,0.17927928917454938
QNAMVsSV9fU,2026-05-12T13:33:14Z,68.6,13,What is the worst career to be in right now and why? #shorts #foryou,What is the worst career to be in right now and why?,"None of these seem as bad as Russian Infantry  Coal mining. Nursing, burnout never went away and staffing never git better ",money-work,PT17S,20,0,0,-0.5364548129201094
JAj8Z0JF9bw,2026-05-13T01:53:55Z,68.1,1,What's The Most EVIL Thing You Saw? #shorts #foryou,What’s the most morally disgusting thing you’ve ever seen someone do?,My brother tried selling his then 6 year old daughter to pay for drugs I saw my uncle steal money from my grandpa that was meant for a surgery for my Cousin.  Pretend to have Alzheimer's to torture wife.,other,PT28S,35,0,0,0.003539696550891147
kC771l-ZIMs,2026-05-14T01:56:23Z,67.1,1,Caught Cheating: IMPOSSIBLE Ways! #shorts #foryou,What are the weirdest ways you’ve heard of someone getting caught cheating?,Im a doctor.  The number of times both a wife and a mistress have visited a patient in the hospital and drama ensues is higher than you would think.   Guy was on phone and wife pulled car into driveway. Bluetooth switched to the car.  The classic Google Street view,other,PT25S,45,0,0,0.2506275947277725
IfcStfSD-xE,2026-05-14T13:25:35Z,66.6,13,30+ Single Men: Reddit's Blunt Reasons #shorts #foryou,"To all single guys aged 30 and up on reddit, why are you guys single?",I don't socialize and have poor social skills.  I’m tired boss I'm more happy being single than being in a relationship ,relationships-dating,PT19S,5,0,0,-1.7853048695493907
vClAbUxtC9k,2026-05-15T01:55:20Z,66.1,1,The Worst Deaths People Witnessed #shorts #foryou,What is the worst way anyone you know has died?,"My brother was pushed off the 6th floor of a parking garage because he wouldn't give up his keys. He was only 22. Roofing job, guy fell off the roof landed in a tar kettle  My late wife died at just 45. She had a heart attack taking out the garbage. I miss her every day.",other,PT30S,52,0,0,0.3942682365723251
vjf6FlxFNPU,2026-05-15T13:23:55Z,65.6,13,"My ""I Get It Now"" Moment #shorts #foryou","What was your, ""people are into this"" moment?","Euro Truck Simulator, then I played it and turns out i'm into it. Reality TV.... Clubbing",humor-absurd,PT16S,30,0,0,-0.14107345858179032
p8TVoKVG2Hg,2026-05-16T01:34:56Z,65.1,1,Who's Famous ONLY in America? 🤯 #shorts #foryou,Which celebrity really is famous among Americans and isn't internationally?,Mr Rogers.  Every single person in the NFL Lots of famous baseball players. Like Babe ruth or Wade Boggs. We dont play baseball round here and no one knows any big names at all.,other,PT31S,38,0,0,0.08953105749295842
_F2w2zepTzY,2026-05-16T12:55:42Z,64.6,12,What's Secretly Killing Us? #shorts #foryou,What's a common way people die that many aren't aware of?,Slipping in the bathroom. Seriously. Please invest in a decent bath mat and possibly shower bars.  Sepsis. I worked in a funeral home and it surprised me how many old people died of sepsis  Pneumonia. Still one the leading causes of death in the elderly. Have your wheezing cough looked at by a Dr!,dark-morbid,PT29S,35,0,0,0.010454869934100941
zZgNLXkpCzk,2026-05-17T01:52:36Z,64.1,1,What Gets You BANNED From Pizza Delivery? #shorts #foryou,"Pizza delivery drivers, what did a person do to end up on the 'No Delivery' list?","Almost shot me. His wife ordered and he didn’t know so he thought I was a solicitor. Fun times in a small town.  Robbed me at gunpoint. Got the $27 in my pocket, a prison sentence, and his entire apartment complex put on our no delivery list Lured a driver into a robbery. There's a certain district in Norwalk, California that no Domino's delivers to. That's why.",money-work,PT36S,43,0,0,0.2122372517908082
pEOupFWnI18,2026-05-17T12:50:45Z,63.6,12,Industries: The scams we all accept? #shorts #foryou,"What industry is actually a complete scam, but everyone accepts it?",Ticketmaster Wedding industry Megachurches ,other,PT22S,22,0,0,-0.43550905139020024
xxmD4auX9u8,2026-05-18T01:59:58Z,63.0,1,The Most Disturbing Casual Admissions #shorts #foryou,What’s the most disturbing thing someone casually admitted to around you?,"Elderly lady I cared for at a nursing home, under sedation following a fall, casually told me she smothered two of her infant children.  [removed] Molested his 85 year old Grandma with Alzheimers.  Jesus didn't die for that sin.",dark-morbid,PT25S,29,0,0,-0.16865872524044123
9zytdpS8BGY,2026-05-18T14:51:14Z,62.5,14,Instant Career Suicide: The Dumbest Ways #shorts #foryou,Who destroyed their own career within seconds by being an idiot?,The people on the Coldplay “kiss cam.” That executive at Cambells for saying that their food is for poor people while someone was recording.  Will Smith.   He lost it when he slapped Chris Rock.  ,other,PT21S,38,0,0,0.09483628390124732
zl2E9fzMFIM,2026-05-19T01:59:36Z,62.0,1,Worst People: What Are Their Hobbies? #shorts #foryou,What hobby attracts the worst type of people?,"Beauty pageants 1000% as a horse girl, most things horse related. Pokémon lately on the rise of some real scummy people.",life-advice,PT19S,37,0,0,0.06984854502658955
aqtLfLz69JQ,2026-05-19T14:31:09Z,61.5,14,Gorgeous Stars With Zero Charisma? #shorts #foryou,Who is a celebrity that is very attractive but seems like they have zero charisma?,Dakota Johnson comes to mind for me!  It’s Cara Delevingne. Her role in Valerian and One Thousand Planets was like watching very pretty white bread.  Cheryl Cole - like looking into the eyes of a pigeon,fame-celebrity,PT29S,11,0,0,-1.0817114206181668
NuMUIm_H2yE,2026-05-20T02:00:21Z,61.0,2,Unseen Stress? Solved for $30! #shorts #foryou,What purchase under $30 solved a problem you didn’t realize was draining you?,Storage bins/cube organizers. I didn’t realize how much visual clutter was draining me until everything actually had a place. Command hooks to hang oven mitts on the kitchen cabinet door (inside).  Blackout sleeping mask. The sleeping stats do not lie.,life-advice,PT28S,7,0,0,-1.48614148459983
Divf9JOY8NI,2026-05-21T01:59:19Z,60.0,1,Insane Money Made in Minutes? #shorts #foryou,"Whats the craziest, quickest money you have ever made?","Buying and selling GameStop stocks when that whole thing went on. Bought an rv in CO for 5000, drove to Oregon and lived in it a few months then sold it for 10k  Won $1200 in a home blackjack tournament, in roughly less than 20 minutes ",other,PT30S,9,0,0,-1.260810473132846
6oJofI4mv7Y,2026-05-21T14:38:00Z,59.5,14,"One Actor, INSTANT Bad Movie? #shorts #foryou",What’s one actor that instantly tells you that the movies gonna be bad?,Steven Seagal i saw seagal's name on a DVD cover at a gas station once and still felt like i overpaid for the gas Jayden Smith. ,fame-celebrity,PT20S,39,0,0,0.1266519099162715
eNtTaxr27X4,2026-05-22T02:01:52Z,59.0,2,Dispatchers: Craziest 911 Calls Ever? #shorts #foryou,"911/999 dispatchers, what’s the dumbest reason someone has ever called emergency services?",I was visiting my mother (age 96) and she reported me (age 68) to 911 as a missing child because I hadn't gotten back by dark. My favorite is the one where the lady dialed in from a Wendy's drive thru because they wouldn't sell her a Whopper. Not dispatch but ER. Had someone come in via ambo for head lice. ,other,PT34S,2,0,0,-2.4625535225921205
rDP66Dc87y0,2026-05-22T14:11:36Z,58.5,14,What Male Fashion Trend MUST END? #shorts #foryou,What’s a male fashion trend that’s gotta end?,Men are too insecure and don't wear capes anymore. Broccoli head Tucking your designer jogging pants into your socks. Usually done by broccoli heads. ,other,PT19S,48,0,0,0.33179688907320726
d7lMOez3lo0,2026-05-23T01:51:29Z,58.1,1,Reddit Posts You CANNOT Forget #shorts #foryou,What’s a legendary Reddit post you’ll never forget?,"Not funny but the one where OP found sticky notes all over their apartment. Turns out OP had a carbon monoxide poisoning. Insane post. ""I also choose this guy's dead wife."" Rick Astley gets RickRolled",other,PT23S,41,0,0,0.17875121023045848
5hbmKcjQBKo,2026-05-23T12:55:21Z,57.6,12,"Cool at 18, Cringe at 30? #shorts #foryou",What’s something attractive at 18 but embarrassing at 30?,Talking about your high school accomplishments. 18 year olds Beating someone older than you in a fight,life-advice,PT17S,39,0,0,0.1310177654497089
R5rNaCViup0,2026-05-24T01:58:12Z,57.0,1,What's the Real Killer in Your Career? #shorts #foryou,"What's the ""Widowmaker"" of your career field or hobby?","I work in Veterinary Medicine so the rate of people who off themselves is quite high anyway, but compassion fatigue is a big warning sign.  I’m a musician… the two biggest hazards are either drug use or driving home tired after a late gig. Lawyer. Suicide. ",other,PT26S,11,0,0,-1.0716980030003236
5bTXHxmRRrI,2026-05-24T12:56:25Z,56.6,12,Your Petty Hills To Die On #shorts #foryou,What’s the strongest opinion you have about something completely insignificant?,There are objectively incorrect ways to load a dishwasher. The Oxford comma. Always use it.  People who sort books on their bookshelves by color are capital w Wrong.,humor-absurd,PT21S,38,0,0,0.10802320833794843
YOXFrbyZE18,2026-05-25T02:06:02Z,56.0,2,They Didn't Know It Was Impossible. So They DID It. #shorts #foryou,"What are the best examples of ""he didn't know it was impossible, so he did it"" in history?","Isaac Newton invented an entire mathematical discipline (calculus) to help explain why planets have elliptical orbits.  Karl Bushby is worth a mention. This reminds me of the scene where Gilligan is flying with a set of homemade wings.  Skipper tells him it's not possible, so he falls.",other,PT35S,60,0,0,0.5566259109440894
O7nWBuiKCMA,2026-05-25T14:30:01Z,55.5,14,Insane Stats That Are 100% True #shorts #foryou,What is a statistic that sounds INSANE but is 100% true?,Nobody born after 1935 has ever walked on the moon. Vatican City has 5.88 popes per square mile.  65% of Canadians live south of Seattle ,other,PT22S,46,0,0,0.2971271591577431
N1Kx1hncTtk,2026-05-26T01:55:43Z,55.1,1,One Dumb Moment... Career GONE. #shorts #foryou,Who ruined their entire career in the dumbest way possible?,Coldplay couple.  That clip is still funny every time Will Smith ruined his big Oscar win by slapping Chris Rock over a joke about his wife's hair. Juicy Smolliet ,fame-celebrity,PT20S,36,0,0,0.05903897490957499
Jx5vFFIw3aQ,2026-05-26T14:32:39Z,54.5,14,Companies That Lost YOU Forever! #shorts #foryou,Which company has lost you as a customer forever?,"HP printers  Airbnb, because paying a huge cleaning fee and still having to do chores is a joke. I truly wish the worst for Adobe",other,PT19S,29,0,0,-0.14940994448161504
NECLIdtBb8Y,2026-05-27T02:04:03Z,54.0,2,"What is virtually inevitable at this point, yet most people don't see it coming? #shorts #foryou","What is virtually inevitable at this point, yet most people don't see it coming?",American consumers are being priced out of consuming  A war over water resources  There is about to be a massive fuel shortage that isn't just gonna peter out like the previous ones.,life-advice,PT22S,9,0,0,-1.246849955565581
SQWL2XXURlQ,2026-05-27T14:50:57Z,53.5,14,Are These Jobs REALLY Overpaid? #shorts #foryou,What profession do you think is massively overpaid for what they actually do?,Realtors Realtors.  It's should be a flat fee rather than a percentage  Finance managers at a car dealership. Or at least the ones I’ve dealt with. I’m always fixing their messes. ,other,PT24S,35,0,0,0.03539642370275953
nE-fK666H-k,2026-05-29T02:09:20Z,52.0,2,"Doctors of Reddit, what's the most obvious lie a patient has told you? #shorts #foryou","Doctors of Reddit, what's the most obvious lie a patient has told you?","“Do you smoke?” “I only had one drink.” ""sure doc, I floss a few times a week"" I say through my bleeding gums",health-body,PT29S,32,0,0,-0.04792035222072011
IEzcuLqB4Hk,2026-05-29T14:35:28Z,51.5,14,Admit It: Your WORST Crush Is WHO? #shorts #foryou,Who is the worst person you will admit you are attracted to?,"Is this Stephen Miller desperately and unrealisticly hoping for a confidence boost after getting publicly called fugly? Ever seen a young photo of Joseph Stalin? Comrade can get it.  Goblin king, edit to add yes dammit from labyrinth",relationships-dating,PT25S,38,0,0,0.12045995879075821
_-68Vupc72E,2026-05-30T01:53:35Z,51.1,1,Your Body's Most Disturbing Secrets #shorts #foryou,Whats the most disturbing fact about the human body?,"A teratoma is a non cancerous tumor that can grow teeth, hair, muscle, and supposedly, eyes. I think psychosis is one of the most disturbing things the human brain can experience. Babies aren’t born with true kneecaps, just cartilage. It doesn’t become true bone until between 2-6 years old ",other,PT28S,38,0,0,0.12167690833014388
k5zn4acPpUI,2026-05-30T12:59:58Z,50.6,12,🤯 Disgusting Body Truths #shorts #foryou,What is the most disgusting thing about the human body that most of us don’t know?,"There’s a spooky skeleton inside. your belly button is basically just a scar where they unplugged you from the mothership So apparently when you have scurvy, all you old wounds begin to open up again ",other,PT22S,30,0,0,-0.106690655166092
zScHM9PLz8I,2026-05-31T02:06:20Z,50.0,2,What did popularity destroy? #shorts #foryou,What was ruined because too many people discovered it?,"Etsy. Used to be a great place for unique handmade goods. Now the site is flooded with cheap mass produced items. Airbnb. I still remember the first couple years, it was amazing. And then it exploded and destroyed the long-term rental market. Pokemon cards. You have freaks using them as investment items and other freaks scalping them for a living, to the point of killing others for them.",other,PT33S,36,0,0,0.07167851302054773
z0RgE3ICznk,2026-05-31T13:10:15Z,49.6,13,Same Song 100 Times? Reddit Tells All! #shorts #foryou,People who listen to the same song 100 times in a row… which song is it?,As a father of 3...Baby Shark I once paid $20 for 20 consecutive plays of Shania Twain’s “Man I feel like a woman” at my local biker bar.  My 3 year old is obsessed with 3am by matchbox twenty. I don't know why.,other,PT26S,102,0,0,1.0967163311739139
_CQ21b00USk,2026-06-01T02:13:33Z,49.0,2,Girls Spill: Hottest Skills Guys Have? #shorts #foryou,"Ladies, what’s the hottest skill a guy can have?","I was hoping miniature figure painting would be overwhelming in the comments section.  cooking Being talented or skilled at almost anything is hot. Having passion for something and/or being really good at it, regardless of what it is. ",sex-adjacent,PT23S,37,0,0,0.10103558768734411
aB8JK_oSzsg,2026-06-01T17:12:39Z,48.4,17,Nice On The Outside? Look For THESE Signs #shorts #foryou,What’s a subtle sign that someone is a genuinely bad person underneath a nice exterior?,When the only humor they have is at someone else’s expense.  They own and manage a fast food fried chicken chain and are an active member in the community. If they're performative in the nice things they do; only do them because other folks can see.,other,PT24S,20,0,0,-0.4903297745292501
cdBTZtGTRLc,2026-06-02T02:14:16Z,48.0,2,How Will Trump's Presidency REALLY End? #shorts #foryou,How do you think Trump's presidency will end?,"Honestly I don't even care. I just care that it actually ends. With celebration and immense relief. Legit in death of natural causes, hidden from the public for a few days. ",other,PT25S,79,0,0,0.8482081157124552
_3Tyz7MMKfs,2026-06-02T15:54:12Z,47.5,15,Why do you think Trump is blocking the sworn statements of his13yo assault accuser? #shorts #foryou,Why do you think Trump is blocking the sworn statements of his13yo assault accuser?,Because he's guilty and he doesn't want anyone to know  Do you need it spelling out? I dont know. Completely puzzles me. Must be a trauma response or somn from being bullied in his teens.,other,PT23S,1,0,0,-2.839090965593261
dJxm8EmuEWA,2026-06-03T02:31:24Z,47.0,2,What is the greatest movie opening of all time? #shorts #foryou,What is the greatest movie opening of all time?,Inglorious Basterds Raiders of the Lost Ark Saving Private Ryan,other,PT17S,34,0,0,0.024351226650940028
QRM6UUMHLmI,2026-06-03T16:12:16Z,46.5,16,Which Fast Food Chain FELL OFF? #shorts #foryou,Which fast food chain has lost its way the most?,Panera  All of them. They now all cost almost as much as a sit-down restaurant kids today don’t understand what 80s/90s Taco Bell tasted like. I’d give my left arm for that again.,other,PT23S,50,1,0,0.4024452338442308
rr6nzN5oJ2c,2026-06-04T02:29:58Z,46.0,2,Which Celeb Secretly Hates Their Fandom? #shorts #foryou,Which celebrity you believe hates their own fandom?,Harrison Ford hates everybody. Pretty sure Cillian Murphy thinks the people that dress like they are in peaky blinders  and are obsessed with Tommy Shelby are absolute morons. Martin Freeman,fame-celebrity,PT27S,17,0,0,-0.637779144471474
cQ-oMf-_1QQ,2026-06-04T14:29:35Z,45.5,14,What Sentence Lives In Your Head Rent-Free? #shorts #foryou,What’s a sentence you heard once that stayed with you forever?,"Givers need to set boundaries because Takers don't. Communication is not what you say, it’s what the other person understands. If you were sitting in the audience watching a movie of your life up to this point - what would you be yelling at the screen?",other,PT23S,2,0,0,-2.4280917246943785
-nvuU_y_8_E,2026-06-08T15:50:06Z,41.5,15,Which Comedian has made the riskiest joke of all time? #shorts #foryou,Which Comedian has made the riskiest joke of all time?,"Norm Macdonald knew his jokes about OJ Simpson would get him fired from SNL and doubled down  That one German comedian who got a room full of former nazis to Sieg Heil from muscle memory  Gilbert Gottfried made a 9/11 joke on September 29th, 2001 during the taping of the Roast of Hugh Hefner",other,PT31S,16,0,0,-0.6811237363407154
4F9n4ASSoyo,2026-06-09T01:54:09Z,41.1,1,Managers Spill: Craziest Firings Ever #shorts #foryou,"Managers of Reddit, what's the worst thing someone did to get fired?","A woman stuck her hand into an active bread maker and almost lost a finger just because she WANTED to be fired so she could collect unemployment.  Guy clocked in, walked straight to the break room, slept for three hours. Did it four days in a row before anyone noticed. Caught someone running their own etsy shop on company time using company equipment. Like full on packaging orders at their desk.",money-work,PT33S,8,0,0,-1.3157650660573301
CA54_6wBYU4,2026-06-09T14:17:03Z,40.5,14,The TRUTH About FREE Stuff in the USA! #shorts #foryou,"Dear americans, what can you get for FREE in the USA? [Serious]","Still have libraries most places Water at a sit-down restaurant Some museums are free including the amazing Smithsonian. Many libraries will also give you free passes to museums, zoos, and similar. ",money-work,PT25S,8,0,0,-1.3140888936055015
EfSnigy5qWs,2026-06-10T02:03:57Z,40.0,2,"Ladies of Reddit, what's something guys aren't ready to hear? #shorts #foryou","Ladies of Reddit, what's something guys aren't ready to hear?",Men who are immediately ready to fight another man over a perceived insult are embarrassing and gross and pathetic.  Safety is a love language all women appreciate.  Anger is an emotion. ,relationships-dating,PT26S,15,0,0,-0.7371098753355416
2vuAyeMlSZc,2026-06-10T14:48:29Z,39.5,14,Why Did They ALL Quit in One Day? #shorts #foryou,"People who have seen multiple people quit a job in one day, what happened?","One bad manager can do a year's worth of damage in an hour. Mandatory RTO after years of effective WFH Well, DOGE emailed basically the entire federal workforce offering 3 months’ pay if people quit. Plenty of folks took them up on it where I work.",other,PT27S,17,0,0,-0.6175578701337079
Pa5-pkP2oLo,2026-06-11T02:15:02Z,39.0,2,"What’s something almost everyone secretly does, but nobody wants to admit first? #shorts #foryou","What’s something almost everyone secretly does, but nobody wants to admit first?","Picking their nose.  Replaying old arguments in your head and finally winning them this time. I think most of us do that. Comparing themselves to other people, even when they know it's not helpful.",other,PT23S,2,0,0,-2.4077084326565146
9HUpoJQxuTQ,2026-06-11T15:30:02Z,38.5,15,Pete Hegseth: What Do Vets REALLY Think? #shorts #foryou,"Active US service members and Vets, what's your opinion of Pete Hegseth?",Aggression is the action of boys.  Restraint is the action of men.  Army infantry vet here and I can’t stand him.  He has no honor. I’m a Desert Storm/Enduring Freedom vet.  He doesn’t know what he’s doing and he’s firing anybody who does.  ,politics-news,PT28S,103,1,1,1.139957967846855
FamOoF1b858,2026-06-12T02:10:07Z,38.0,2,"Once Poor, Now Pure Luxury!? #shorts #foryou","What used to be a sign of being poor, but is now a luxury or status symbol?","Lobsters, oysters and caviar Champion branded clothing  olive oil on rustic bread",other,PT18S,54,0,0,0.5044399670808439
O3nuyJrtDbI,2026-06-12T14:33:48Z,37.5,14,What Happens When Your Older Husband Gets OLD? #shorts #foryou,Women who married older men - what’s it like when they get really old?,"You take care of them, they die and at the funeral everyone gives condolences to the children and first wife. He gets to retire first and enjoy it fully. when younger wife retires, he is old and needs help. So her retirement sucks. He's an eternally young soul. He hasn't changed that much...maybe takes more naps now.",other,PT31S,15,0,0,-0.7284928170426221
TNWEvgtxnws,2026-06-13T02:04:01Z,37.0,2,USA: What Tourists *Didn't* Expect. #shorts #foryou,"World Cup tourists, what’s your honest feedback on the USA so far?","all the food has been really good, and supermarket selection is amazing, although insanely expensive to me. in new york The US govt is completely different than most locals.  friendlier than expected.   ",other,PT23S,42,0,0,0.2618224555202584
QEvCOl6UYB4,2026-06-13T13:20:43Z,36.6,13,Dead YouTube Channels That Are Still GOLD #shorts #foryou,What dead Youtube channels are genuinely still worth watching?,"Every Frame a Painting probably still has the best video essays about film on YouTube. CGP Grey....  Dont think its actually dead, but new videos are rare. Outdoor boys ",other,PT23S,23,0,0,-0.31963177927161057
hvtBrQnNDTc,2026-06-14T02:14:04Z,36.0,2,Humanity's Unsung Victories: They Worked TOO Well #shorts #foryou,What's a massive human achievement that nobody celebrates because it worked too well?,Plumbing  Ozone layer restoration. Global network of communication I mean crazy how it's essentially instant communication across the globe to the point we can play games with others ,other,PT22S,3,0,0,-2.1094307047916008
Z_hZZdpQsCU,2026-06-14T13:25:32Z,35.6,13,Who is the worst celebrity that you have ever had an interaction with? #shorts #foryou,Who is the worst celebrity that you have ever had an interaction with?,This thread is usually a lot of “James Corden” [removed] Carlos Santana’s bodyguard hassled me at a brunch buffet because I was “getting too close to him.”  I was trying to get eggs.,fame-celebrity,PT21S,16,0,0,-0.6607856222089659
WMtdvIuqN78,2026-06-15T02:19:02Z,35.0,2,Beliefs I Fought For (Now I'm Ashamed) #shorts #foryou,What’s a belief you defended for years that you now feel embarrassed about?,My drinking isn't that bad... I used to think being older automatically meant being wiser. I was fully convinced Bill Cosby was innocent. Idolized him growing up. Dude should have rotted in prison. ,life-advice,PT27S,4,0,0,-1.8825443941381577
OSAxctK1YeQ,2026-06-15T16:51:19Z,34.4,16,The Absolute WORST Time To Exist? #shorts #foryou,When was the absolute worst time to be alive in human history?,Anyone that says now is delusional haha Being a peasant in Mesoamérica in the 15th century  Trenches world war 1 were pretty horrendous ,other,PT20S,16,0,0,-0.6564573241073779
IRfpl8J1tyg,2026-06-16T02:32:11Z,34.0,2,The 'Harmless' Habits DESTROYING Your 20s #shorts #foryou,What addiction seems harmless but can destroy your 20s?,"Credit card debt, seriously  Social media The addiction to waiting for the perfect moment",other,PT16S,0,0,0,-3.488108642162125
58Ln6cOHzWQ,2026-06-16T16:21:13Z,33.4,16,Medical Myths Doctors Debunk #shorts #foryou,"Doctors of Reddit , what’s the biggest medical myth people still believe?",Your blood is blue when it doesnt have oxygen (how people explain their veins looking blue) Diverticulitis flare ups are caused by seeds getting stuck in your gut. This is a complete myth.  If you have green snot it’s a bacterial infection and needs antibiotics ,health-body,PT29S,17,0,0,-0.5954751280081529
PoBImeODvcM,2026-06-17T02:17:14Z,33.0,2,$300B to Iran: What Americans REALLY Think? #shorts #foryou,How do Americans feel about giving Iran 300 billion to restore the status quo?,Maybe Obama is better at the art of the deal  It's another grift. It'll be a slush fund for his contractor buddies and companies connected to his family.  It should come out of Trumps personal resources.,politics-news,PT23S,21,0,0,-0.39315420457608097
RKpXQF2Cvac,2026-06-17T14:48:19Z,32.5,14,WHERE Did They Meet The MOST Attractive Person? #shorts #foryou,Who’s the most attractive person you’ve ever seen?,"My wife, you cant fool me with a fake account Sharon Met a woman at a psych ward. She was stunning. No joke. Got her number after we both got out and we're still friends on social media Once fell head over heels for an office chair model in an office catalog. Was devastated to learn she had passed away. ",relationships-dating,PT29S,17,0,0,-0.5917156342003129
1XviKdnqqxQ,2026-06-18T02:15:40Z,32.0,2,The Curse of Going Mainstream #shorts #foryou,What was ruined because too many people discovered it?,Literally thrift shops. They went from a source of necessity/deals to a viral little game with inflated prices.  Early internet forums and communities that were chill until they got mainstream attention. A lot of nice quiet beaches got totally ruined once they started blowing up on social media,other,PT27S,25,0,0,-0.2220307056795372
aep0ZaK_uuE,2026-06-18T14:42:11Z,31.5,14,Dumb Fixes That ACTUALLY Worked?! #shorts #foryou,What was a really silly solution to a serious problem?,"turning a device off and back on again. it sounds like a joke, but it's solved an embarrassing number of serious tech problems     Air dropping beavers in to fix a river system....in wyoming or something.   Eggs in the radiator to plug the leak just to get you home/to a mechanic.",other,PT27S,41,0,0,0.2597046133466421
AwS-N3wGtIY,2026-06-19T02:43:46Z,31.0,2,Trump: Iran's Nuclear 'Right'? Viewers Unleash! #shorts #foryou,What's your opinion on Trump now saying that Iran has a right to a nuclear program?,The USA just surrendered to Iran. It's the most pathetic thing to happen yet in a term of unprecedently pathetic nonsense. I feel like all we really achieved were higher gas prices and a distraction from the amount of times his name appeared in the Epstein files.  My opinion hasn’t changed. He’s still the worst president this country has ever seen.,other,PT33S,45,0,0,0.352800483868561
6rQrwPWhAZk,2026-06-19T14:37:42Z,30.5,14,The YouTubers NO ONE talks about anymore... #shorts #foryou,What once famous YouTuber do you never hear anyone talk about anymore?,"Ryan Higa, aka nigahiga. Jenna Marbles The Epic Meal Time guys. ",other,PT17S,15,0,0,-0.7011165728714128
9IYU_ID1nvc,2026-06-20T02:04:39Z,30.0,2,The Lie They SOLD Your Generation #shorts #foryou,What’s the biggest lie an entire generation was told?,"[removed] Get a diploma, work hard and you'll be able to own a house That the Great War was so terrible no country would ever throw their people into such a war again. ",life-advice,PT19S,48,0,0,0.420202908464558
-1CXUMdWWWc,2026-06-20T13:22:38Z,29.6,13,Adulthood: What Lost Its Thrill? #shorts #foryou,What stopped feeling exciting once you became an adult?,"Christmas. Driving Getting older. As a kid, every birthday felt like leveling up. As an adult, it mostly feels like your warranty is getting closer to expiring.",other,PT21S,38,1,0,0.1940376710204128
THoUiYynamI,2026-06-22T02:51:05Z,28.0,2,The TRUTH Men Wish Women Knew! #shorts #foryou,Men of Reddit: what is 100% mythical about men that most women believe?,"That as a single man, I'm interested in every woman that I cross paths with. That men can get by with 20% of the blanket and mattress? men only want one thing and its disgusting",relationships-dating,PT22S,40,0,0,0.25123726597252727
7wOS6HW3iJ0,2026-06-22T16:23:58Z,27.4,16,The Fictional Deaths That Broke Us All 😭 #shorts #foryou,What are the saddest fictional deaths ever?,"Seymour, Fry's dog in Futurama Little Foot's mom He can't see without his glasses",other,PT16S,51,0,0,0.49160708493822636
TnIK09MnzMk,2026-06-23T01:58:15Z,27.0,1,Boomer Brands: Next To Disappear? #shorts #foryou,What businesses are likely to die out with the Baby Boomer Generation?,"I don't think it will totally die out, but I think Harley Davidson is going to have to make a major pivot.  Mary Kay makeup QVC and magazines",money-work,PT20S,26,0,0,-0.16185991276322298
b3fM56tOEZ8,2026-06-23T14:16:14Z,26.5,14,What's the strongest indicator that someone is not a good person? #shorts #foryou,What's the strongest indicator that someone is not a good person?,How they treat people who have nothing to offer them They only care about you when they need something from you Cruel “pranks” ,life-advice,PT18S,5,0,0,-1.6634020718470905
2-VYQaD0K5w,2026-06-24T01:57:02Z,26.1,1,What Habits Are Gen Z KILLING? #shorts #foryou,What habit will die with Gen Z?,People saying anything related to nicotine...I've got some bad  news for you about Gen Z lol. Owning a home Ironing clothes ,hypotheticals,PT17S,0,0,0,-3.452708303551415
k-oVHVz0yLQ,2026-06-24T14:01:26Z,25.5,14,What’s the best book you’ve ever read? #shorts #foryou,What’s the best book you’ve ever read?,"Lonesome Dove John Steinbeck's East of Eden. Utterly flawless. Slaughterhouse-five. There are many best books ever, but this one is mine.",other,PT19S,22,0,0,-0.31462958525167384
uLwi4BDdcOY,2026-06-25T02:01:41Z,25.0,2,Lazy 20s? Your 30s Will Pay. #shorts #foryou,"People in your 30s, what price have you paid for being lazy in your 20s?",my 30s showed me that “i’ll start next year” turns into “where did the last 10 years go?” real fast  Rounded shoulders and horrible anterior pelvic tilt.  I didn’t work for many years which meant I couldn’t find a decent job for many years ,other,PT25S,17,0,0,-0.5571313902654356
TfSGBtZyZtw,2026-06-25T13:59:36Z,24.5,13,30s & 40s: How to STAY Hot?! #shorts #foryou,How do you stay hot into your 30s and 40s?,"Diet and exercise For a lot of people, that's when you /get/ hot.  It's 36 degrees (97 F) outside. I'm feeling pretty hot today at age 35.",health-body,PT21S,1,0,0,-2.7516911989284094
PHwXbGtrJ9w,2026-06-26T02:03:33Z,24.0,2,No Retirement Savings? The Harsh Reality. #shorts #foryou,What happens to elderly people with no savings?,"My grandma has no savings and me and the rest of the family feed her and bathe her and help her go to the bathroom as she slowly decays And this is why social security is important and not something they should be abolished, unless you want to see old people homeless on the streets. They become homeless.",money-work,PT28S,115,0,0,1.3114943503760261
UzDEeT_P2BM,2026-06-26T13:57:43Z,23.5,13,What's Your 'I Told You So'? #shorts #foryou,What’s your “I’m calling it now” prediction?,"AI will lead us to not trust anything or anyone. Fact or Fiction. I don’t know the consequences of this, but they will not be good. My cat will jump on my lap.  A Youtuber/Streamer becomes President of the United States by 2050. ",other,PT27S,30,0,0,-0.0053463891402962815
KUsMC7ES9V4,2026-06-27T01:56:51Z,23.1,1,40s Men: Their GOLDEN Advice for YOU #shorts #foryou,"Men in your 40s, what's that golden piece of advice you have for the rest of us?","Stretch  Do what makes you happy. Don’t try to impress other people. And I promise, other people aren’t thinking about you as much as you think they are  You should still be able to jump, lift heavy things, and sprint.",life-advice,PT29S,47,0,0,0.43470829072568673
Ow2ZB_F-Mhs,2026-06-27T13:05:26Z,22.6,13,What statistic makes you think society is quietly breaking? #shorts #foryou,What statistic makes you think society is quietly breaking?,Any educational statistic about how reading levels and comprehension are dropping  71% of US aquifers declining rapidly  0 Epstien paedos charged in America is rather damning.,dark-morbid,PT23S,26,0,0,-0.13795891089810164
WPGLuU5qiZ4,2026-06-28T02:06:54Z,22.0,2,You Know a Recession is Here When… #shorts #foryou,What's your personal recession indicator?,Scam texts used to be “ click here to win a million dollars.”   Noticing a lot of deferred maintenance of homes in my neighborhood. Landscaping especially. I see people paying their rent in installments,other,PT24S,44,0,0,0.37609018055960775
7tyZTlgVMSE,2026-06-28T13:11:17Z,21.6,13,Lost Their Job: Brutal Discoveries #shorts #foryou,What's the most brutal way someone has found out they lost their job?,"my friend went to work and someone was sitting at her desk I worked at a bar. Showed up to my shift and the door was locked. In my bosses defense, she didn’t know either.  Our receptionist found out because HR accidentally put ""XYZ's exit"" on their shared calendar",other,PT26S,54,1,0,0.5795644283916133
aLBldXz93uI,2026-06-29T02:07:15Z,21.0,2,Mind-Blowing Mysteries FINALLY Solved! #shorts #foryou,Whats the greatest SOLVED Mystery?,The identification of the Golden State Killer Dna to rna to proteins  The Titanic wreck discovery has to be up there.,other,PT17S,36,0,0,0.1865004568928299
Uy6Am6bGpHo,2026-06-29T15:26:01Z,20.5,15,Cooks REFUSE These Ingredients #shorts #foryou,"What is one ingredient you refuse to cook with, no matter the recipe?",Margarine vs butter.  I’m not buying a jar of molasses to use a tablespoon once a year.  Foie gras. It's evil.,other,PT19S,75,0,0,0.9098565140495198
t0RB-eM8FE0,2026-06-30T02:02:00Z,20.0,2,Gen Z's Uncomfortable Truths Older Gens Deny #shorts #foryou,What’s something Gen Z is getting completely right that older generations refuse to admit?,Work isn’t everything. Prioritizing happiness over serving corporate masters. Realizing early that your employer doesn’t care about you and there’s no need for loyalty  Way less teen pregnancy and that's a good thing ,other,PT25S,74,0,0,0.8994995957381029
y10BJK79lS0,2026-06-30T13:52:00Z,19.6,13,Which Fast Food Is About To DISAPPEAR? #shorts #foryou,Which fast food restaurant do you think will go out of business soon?,"Panera. Went to private equity and has sunk ever since  Panera bread (fast casual I guess) it's so expensive for what you get I’m not sure how Long John Silvers is still in business at all, actually ",money-work,PT23S,47,0,0,0.4565130959192687
VLtrJCd8z2U,2026-07-01T02:07:26Z,19.0,2,Silent Killers You Didn't Know About #shorts #foryou,What's a common way people die that many aren't aware of?,Falling. Falls are the second leading cause of accidental death worldwide. Stress causes so many problems  Sepsis - especially in elderly patients who get bladder infections ,dark-morbid,PT23S,27,0,0,-0.07897563252127604
XN8m2g_KtSU,2026-07-01T14:03:24Z,18.5,14,"Psychologists of Reddit, what's the most horrifying mental illness? #shorts #foryou","Psychologists of Reddit, what's the most horrifying mental illness?",Dementia is something that I am absolutely terrified of Anorexia has the highest death rate.  Whatever these people got above me \^\^\^,other,PT21S,9,0,0,-1.1050885578255976
COv968CDkps,2026-07-02T02:00:41Z,18.0,2,Shows You Thought Were Normal: Propaganda? #shorts #foryou,What supposedly normal shows read to you as propaganda?,The Today Show and Good Morning America. They’re infomercials.  Back when it ran...Doctor Phil. Ugh. 7th Heaven was 100% evangelical propaganda lol ,other,PT22S,28,0,0,-0.036769318416265406
Ew0DhFnRphc,2026-07-02T13:27:43Z,17.6,13,Theater Staff: The Movies NO ONE Saw! #shorts #foryou,"Former/current theater employees, what movie did you have 0 patrons show up for?",I once went to a live show of a musical and there were only 3 of us in the audience. There were 7 in the cast. The empty showings were honestly my favorite because cleanup took five minutes. I guarantee you there were multiple screenings for Melania that had zero people,other,PT28S,76,0,0,0.9432912213784275
m7B-a0gAE-w,2026-07-03T01:31:20Z,17.1,1,Trump 2029: What's NEXT for US Politics? #shorts #foryou,What do you think happens to American politics after Trump leaves office in 2029?,A lot of Republicans will say that they never supported him. 2029? What? It feels like he's been there forever already. New California Republic. ,other,PT25S,84,0,0,1.045982898290493
2e7Kv0ygByk,2026-07-03T13:30:36Z,16.6,13,Hollywood's Biggest Franchise Misses? #shorts #foryou,What's a movie that was clearly meant to start a franchise but failed?,The League of Extraordinary Gentlemen Eragon  The Man from UNCLE. I loved it and would have gladly watched a couple more movies but apparently not enough people felt the same way,other,PT21S,58,0,0,0.6848056979037462
q8qmHdsO2tE,2026-07-04T01:30:33Z,16.1,1,Reddit Asks: Juiciest Life Gossip? #shorts #foryou,What is the juiciest bit of gossip happening in your life?,"One cat is not talking to the other cat over an argument over the best spot on the back of the couch A person I know is being investigated for $25 million in fraud. I am loving it for him, total POS.  Cousin spent 30k on wedding, 15k was parents gift. ",other,PT34S,40,0,0,0.3249013591453753
PyVjO_ly0X4,2026-07-04T12:56:17Z,15.6,12,Cape Verde Game: What Stunned Football Fans #shorts #foryou,What’s everyone’s thoughts after that Cape Verde game?,Historic play by Cape Verde. One of the greatest games of football in World Cup history. Unbelievable.  Played their hearts out. ,other,PT22S,75,1,0,0.9460499127750914
lmTMeDUGDcA,2026-07-05T01:46:55Z,15.1,1,Docs & Nurses Spill: Worst Medical Errors #shorts #foryou,"Doctors and Nurses of Reddit, what is the worst medical error that you've witnessed?",Probably that kid that was just misdiagnosed as being dead and waking up in the morgue. Surgery on the wrong knee of teenage girl basketball player! A nurse forged a co-signature for methadone and gave 13x the amount. The patient survived but went to ICU. ,other,PT26S,31,0,0,0.08568139962657373
ZKm3JhPECqY,2026-07-05T13:02:55Z,14.6,13,Who do you feel died right before their prime? #shorts #foryou,Who do you feel died right before their prime?,Heath Ledger Anton Yelchin Selena,other,PT13S,53,0,0,0.6131275651607471
PiM5eyfzzN4,2026-07-06T01:53:42Z,14.1,1,what's cool when you're 18-22 but embarrassing/lame when you're 30+ ? #shorts #foryou,what's cool when you're 18-22 but embarrassing/lame when you're 30+ ?,"Being known as the party animal of the group. It was cool; until the 30s ruined it all, you turn into the bad influence really fast Excessive drinking. Nobody thinks a 50 year old man who’s absolutely wasted is fun.  Dating an 18-22 year old. ",nostalgia,PT29S,51,0,0,0.5803419526234701
uyAcGze4n-8,2026-07-06T14:52:48Z,13.5,14,Who threw away their career in seconds? #shorts #foryou,Who completely destroyed their own life or career in a matter of seconds?,The CEO at the Coldplay concert That JPmorgan executive that picked up the trash can in NYC lol Will Smith,dark-morbid,PT19S,36,0,0,0.24521994404234215
K0jUxVx52eA,2026-07-07T01:50:04Z,13.1,1,USA First-Timers: What Shocked Them MOST? #shorts #foryou,"People who visited the USA for the first time, what was the biggest shock you got?",I came from a small island.  The fact that you can drive in a straight line for hours is so weird. This isn't the East Indies How kind the American people are.  ,other,PT27S,61,0,0,0.7659911541176068
aQfDx8zU8lg,2026-07-07T14:03:13Z,12.5,14,The ONE Guy Flex That Gets Her #shorts #foryou,Ladies: what’s a guy “Flex” that instantly makes him attractive?,"When he is kind to animals and children  being able to easily build things  Kindness to randoms. It's noticed, and bodes well for a future relationship.",relationships-dating,PT21S,36,0,0,0.25504707485847167
o7altf6Nuu0,2026-07-08T01:22:41Z,12.1,1,The Internet's MOST Unsettling Mysteries #shorts #foryou,What's the creepiest unsolved internet mystery?,"Grave robbing for morons. No one knows who the guy in the video is or even who the camera man is Was the cylinder removed unharmed? Not specifically the internet but still communication systems in general, the Max Headroom signal intrusion event.",dark-morbid,PT25S,46,0,0,0.49935774736219063
5w14vR6XgGY,2026-07-08T13:24:59Z,11.6,13,What History Got Wrong! #shorts #foryou,What historical “fact” doesn’t actually have much evidence to support it?,"Kids finding razor blades in their Halloween candy. Prima Nocte (the idea that in the Middle Ages, nobles could sleep with the bride on the night of the marriage) has no evidence to support it. Marie Antoinette never said ""let them eat cake""",other,PT24S,31,0,0,0.12056984518700453
4TSVJGnrMOU,2026-07-09T01:31:13Z,11.1,1,What’s the most unproblematic/likeable major U.S. city? #shorts #foryou,What’s the most unproblematic/likeable major U.S. city?,"San Diego is probably the safest pick. It's hard to hate beaches, good weather, amazing food, and a laid-back vibe San Diego. Low crime, great weather, mostly friendly locals.  Just making sure no one put Phoenix. I live in and love Phoenix because it’s home but again just making sure this left off the list",other,PT32S,28,0,0,0.028035514101677705
1ypGKtEuTV0,2026-07-09T14:27:26Z,10.5,14,America's Missing: Pure Internet Horror #shorts #foryou,What missing person case in America feels like a straight-up internet horror story?,Shelley Miscavige Diana Vicari Brian Shaffer. Walking into a bar with only one exit and completely vanishing from security footage,dark-morbid,PT33S,42,0,0,0.42855723378559674
a1O87cs5n1E,2026-07-10T01:26:39Z,10.1,1,The Games Reddit Can't Quit #shorts #foryou,What’s the most addictive video game you’ve ever played?,World of Warcraft. Runescape Civilization ,other,PT14S,24,0,0,-0.10787538317640522
Wh1uSphGS-g,2026-07-10T13:53:03Z,9.6,13,These Giants Are Actually... GOOD?! #shorts #foryou,"What is the largest, least evil company in the world?","Bosch. Nearly $100B in revenues and it all goes to a foundation. It’s not a secret but they don’t flaunt it at all.  Bosch, huge profitable company, private own, pretty much all profit go to a charity that includes free university and much more. Newman’s own",other,PT27S,2,0,0,-2.2211357624727848
TmbiTORWNpI,2026-07-11T01:20:34Z,9.1,1,The World's MOST Evil Company? #shorts #foryou,Which is the most evil company in the world?,probably nestle  Palantir I'll throw a unique one in here and say Chiquita. The banana massacre is something else.,other,PT18S,2,0,0,-2.2143403546172378
UsOMmaGyYss,2026-07-11T12:47:47Z,8.6,12,How Women Really Signal Intimacy #shorts #foryou,How do women usually let a man know they’re interested in being intimate?,Oh no the bra fell off Way to make every man think of their biggest fumble Apparently some younger folks just straight up text it and there’s zero question about the intention lol,sex-adjacent,PT21S,0,0,0,-3.3057931209341263
DDcvqQy8RnE,2026-07-12T01:22:24Z,8.1,1,The HARDEST Truths Women Taught Men #shorts #foryou,"To all men,What is the hardest lesson a woman has ever taught you?","Don't trust people's words.  Trust their actions. That trust can only be proven by action, not words.  There's nothing that can be done once she has had enough",other,PT21S,20,0,0,-0.25293611673752014
l9AqGu1uTUQ,2026-07-12T12:49:18Z,7.6,12,Childbirth: The Unspoken Truth. #shorts #foryou,what does childbirth *actually* feel like?,Intense menstrual cramps that come in waves while trying to pass a kidney stone. Along with tearing. If you have a c-section it feels like someone is washing dishes in your abdomen  No epidural- like a burning 8 lb metal pipe coming out of your vaginia. ,health-body,PT24S,0,0,0,-3.2893874473525653
Rydumn0lE94,2026-07-13T01:24:34Z,7.1,1,Remember When THIS Was Cool? 😬 #shorts #foryou,"What was considered ""cool"" 10–20 years ago that's embarrassing now?","Posting vague Facebook statuses like “don’t ask, I’m fine” and then getting mad when people asked. Bieber hair.  The Swag Era.  Look at it, it seemed ridiculous back then but it's even crazier now. ",nostalgia,PT23S,1,0,0,-2.586758880363871
QkgCWIwxD3E,2026-07-13T13:56:47Z,6.6,13,Famous Faces: Who Went Silent? #shorts #foryou,What famous person have we suspiciously not heard from for a long time now?,"Not Mitch McConnell, that's for sure. I just spoke to him for 20 minutes today Shelly Miscavige. Haven’t heard a lot from Michael Moore lately",other,PT20S,0,0,0,
mObNAez-IlQ,2026-07-14T01:13:27Z,6.1,1,Why Men CRAVE Chubbier Women #shorts #foryou,"Men who are into chubbier women, what do you find most attractive about them?","Thighs They don’t want your milkshake and fries, they get their own  I’m a sucker for a chubby girl with a pretty face. Give me all of that cake. ",other,PT20S,0,0,0,
5_21Ne0q-Fs,2026-07-14T13:02:31Z,5.6,13,Men: Her unspoken flex that makes her instantly attractive? #shorts #foryou,Men: what’s a girl “Flex” that instantly makes her attractive?,Problem solving skills  The ability to take responsibility and apologize.   Went on a date with a girl years ago and we drank for free at every bar we went to because she had so much credit from trivia winnings. ,other,PT23S,3,0,0,
ZBqPVauue_g,2026-07-15T01:11:22Z,5.1,1,"Who's The WORST Actor, REALLY? #shorts #foryou",Which actor is genuinely terrible at acting?,"Steven Seagal is already mentioned 5 or 6 times. But it cant hurt to add another.  Steven Seagal The weekend. He tried to be an actor, and I genuinely think he should stick to singing",other,PT23S,1,0,0,
qvNzVCzWebk,2026-07-15T13:06:06Z,4.6,13,When Chiropractic Lands You In The ER #shorts #foryou,"ER workers of Reddit, what stories do you have involving chiropractic patients?",Are you implying that 'medical techniques' taught by a GHOST DOCTOR are not legit? No way! I have personally seen multiple cases of cervical artery dissection  Vertebral artery dissection from manipulation ,other,PT28S,0,0,0,
eEEdtpL4cyw,2026-07-16T01:20:26Z,4.1,1,Oddly Specific Signs of Trouble #shorts #foryou,What’s an oddly specific sign that someone is about to become a problem?,"When a stranger runs up to you and says, “Hey hey hey! Let me ask you something real quick”. It’s never quick and it’s always a hassle.  “I just tell it like it is” They treat people differently based on whether they think those people can do something for them. That's one of the biggest red flags I know.",other,PT28S,35,0,0,
2cZjkK3o1IA,2026-07-16T13:14:47Z,3.6,13,Who Was 100% Unjustly Cancelled? #shorts #foryou,What celebrity got cancelled and you believe 100% did NOT deserve to be?,"Sinead O’Connor. Mira Sorvino (she didn't get cancelled but shortly after she won her Oscar, she was BLACKLISTED by Harvey Weinstein for refusing his advances)  Ashley Judd.",other,PT29S,15,0,0,
WWb1AoRuH7g,2026-07-18T18:16:22Z,1.4,18,Epstein Files: Which Name SHOCKED Reddit? #shorts #foryou,What was one one name mentioned in The Epstein Files which shocked you ?,Elon Musk begging to go and not being allowed because he was too wierd I think the sheer volume of names is what shocked me Stephen hawking,other,PT19S,42,0,0,
n6qM8iR6ims,2026-07-18T21:13:57Z,1.2,21,Sounds You'll Never Unhear #shorts #foryou,What is the most terrifying sound you’ve ever heard?,"Baby dropped onto pavement - the mothers scream. Baby was okay. “BRACE, BRACE, BRACE” over the airplane’s intercom after an engine blew out. The sound of breathing in a house I knew to be empty",other,PT19S,195,1,0,
ZBzGoyJUCx0,2026-07-19T01:20:36Z,1.1,1,Epstein Files: The Names That Shocked Reddit? #shorts #foryou,What was one one name mentioned in The Epstein Files which shocked you ?,"Elon Musk begging to go and not being allowed because he was too wierd I think the sheer volume of names is what shocked me The NAMES OF THE VICTIMS They should have been 100% redacted, but, here we are",other,PT20S,921,6,0,
ayziXl17m0c,2026-07-19T12:47:15Z,0.6,12,Rigged: Your Wake-Up Call #shorts #foryou,What was the moment you realised the whole system is rigged?,"0 US arrests after the Epstein files. Panama Papers, Pentagon Papers, Epstein Files… idk how many times it’s going to take until this system is torn down when my boss gave me a raise of 25 cents and same week the company posted record profits in the billions",other,PT25S,70,0,0,
zUDgKKXJBgM,2026-07-20T01:23:48Z,0.1,1,Argentina Lost The WC: Reddit's Brutal Truth #shorts #foryou,How do you feel about Argentina losing the World Cup finals ?,I could have been the goalie for Spain and the outcome would have been the same. They deserved it. Spain utterly dominated cathartic ! especially that red card on Fernandez. He’s been acting like a POS the whole world cup. Karma!,other,PT22S,26,0,0,
